Amount,MerchantID,TransactionType,Location,IsFraud,Date
1802.11,874,refund,Houston,0,2025-01-01 00:00:00
955.02,632,purchase,San Antonio,0,2025-01-01 01:00:00
2095.8,849,purchase,Phoenix,0,2025-01-01 02:00:00
5029.27,31,purchase,Los Angeles,0,2025-01-01 03:00:00
867.7,693,purchase,San Diego,0,2025-01-01 04:00:00
867.71,674,purchase,Austin,0,2025-01-01 05:00:00
5319.92,128,refund,Austin,0,2025-01-01 06:00:00
2362.4,767,refund,Los Angeles,0,2025-01-01 07:00:00
685.76,294,purchase,Chicago,0,2025-01-01 08:00:00
1886.65,441,purchase,Austin,0,2025-01-01 09:00:00
689.92,869,refund,San Antonio,0,2025-01-01 10:00:00
688.33,388,purchase,Phoenix,0,2025-01-01 11:00:00
1396.83,766,purchase,Austin,0,2025-01-01 12:00:00
161.86,642,purchase,Chicago,0,2025-01-01 13:00:00
195.41,524,purchase,Los Angeles,0,2025-01-01 14:00:00
624.98,547,purchase,Philadelphia,0,2025-01-01 15:00:00
398.29,710,refund,Austin,0,2025-01-01 16:00:00
1501.54,760,purchase,New York,0,2025-01-01 17:00:00
442.29,110,purchase,San Diego,0,2025-01-01 18:00:00
267.12,328,purchase,Phoenix,0,2025-01-01 19:00:00
4748.81,405,purchase,Phoenix,0,2025-01-01 20:00:00
875.0,245,purchase,Los Angeles,0,2025-01-01 21:00:00
1173.24,762,purchase,San Antonio,0,2025-01-01 22:00:00
263.82,878,purchase,Phoenix,0,2025-01-01 23:00:00
636.27,829,purchase,San Diego,0,2025-01-02 00:00:00
1225.28,163,purchase,Phoenix,0,2025-01-02 01:00:00
346.89,560,purchase,Dallas,0,2025-01-02 02:00:00
1596.71,399,purchase,Phoenix,0,2025-01-02 03:00:00
601.46,583,purchase,Chicago,0,2025-01-02 04:00:00
819.18,399,purchase,Los Angeles,0,2025-01-02 05:00:00
600.82,493,purchase,Phoenix,0,2025-01-02 06:00:00
6990.3,646,purchase,Austin,0,2025-01-02 07:00:00
1081.93,239,purchase,Austin,0,2025-01-02 08:00:00
380.81,465,purchase,Phoenix,0,2025-01-02 09:00:00
2496.25,580,purchase,Philadelphia,0,2025-01-02 10:00:00
323.49,790,purchase,Los Angeles,0,2025-01-02 11:00:00
1351.36,32,purchase,Phoenix,0,2025-01-02 12:00:00
154.52,123,purchase,New York,0,2025-01-02 13:00:00
290.56,534,purchase,Chicago,0,2025-01-02 14:00:00
1335.23,667,purchase,Chicago,0,2025-01-02 15:00:00
2294.95,110,purchase,Chicago,0,2025-01-02 16:00:00
1301.62,271,purchase,Chicago,0,2025-01-02 17:00:00
976.87,380,purchase,San Diego,0,2025-01-02 18:00:00
811.51,300,purchase,New York,0,2025-01-02 19:00:00
250.0,627,purchase,Philadelphia,0,2025-01-02 20:00:00
533.87,982,purchase,Philadelphia,0,2025-01-02 21:00:00
691.84,732,refund,New York,0,2025-01-02 22:00:00
3156.19,742,purchase,New York,0,2025-01-02 23:00:00
1546.3,764,refund,Chicago,0,2025-01-03 00:00:00
188.1,249,purchase,San Diego,0,2025-01-03 01:00:00
1516.38,521,refund,Philadelphia,0,2025-01-03 02:00:00
746.14,34,purchase,Houston,0,2025-01-03 03:00:00
557.29,228,purchase,Phoenix,0,2025-01-03 04:00:00
2021.66,585,purchase,Austin,0,2025-01-03 05:00:00
3074.81,399,purchase,Chicago,0,2025-01-03 06:00:00
2782.99,958,purchase,Philadelphia,0,2025-01-03 07:00:00
473.8,813,purchase,Philadelphia,0,2025-01-03 08:00:00
804.96,724,refund,Philadelphia,0,2025-01-03 09:00:00
1527.31,584,purchase,Dallas,0,2025-01-03 10:00:00
2908.94,570,purchase,Austin,0,2025-01-03 11:00:00
679.14,220,purchase,San Diego,0,2025-01-03 12:00:00
910.82,371,refund,Philadelphia,0,2025-01-03 13:00:00
362.73,787,purchase,Los Angeles,0,2025-01-03 14:00:00
331.55,761,purchase,Houston,0,2025-01-03 15:00:00
2471.36,528,purchase,Philadelphia,0,2025-01-03 16:00:00
4256.66,75,purchase,Dallas,0,2025-01-03 17:00:00
1020.44,618,refund,Los Angeles,0,2025-01-03 18:00:00
2991.51,136,purchase,Philadelphia,0,2025-01-03 19:00:00
1574.41,929,purchase,Austin,0,2025-01-03 20:00:00
575.29,74,purchase,Austin,0,2025-01-03 21:00:00
1574.03,254,purchase,Austin,0,2025-01-03 22:00:00
5105.31,18,purchase,San Antonio,0,2025-01-03 23:00:00
1058.04,931,purchase,San Diego,0,2025-01-04 00:00:00
5242.97,43,purchase,Dallas,0,2025-01-04 01:00:00
79.86,50,purchase,Phoenix,0,2025-01-04 02:00:00
2494.65,515,purchase,Dallas,0,2025-01-04 03:00:00
1196.37,744,purchase,Dallas,0,2025-01-04 04:00:00
813.21,731,refund,San Antonio,0,2025-01-04 05:00:00
1202.02,571,refund,Los Angeles,0,2025-01-04 06:00:00
150.27,796,purchase,San Diego,0,2025-01-04 07:00:00
880.36,814,purchase,Phoenix,0,2025-01-04 08:00:00
1567.3,576,purchase,San Diego,0,2025-01-04 09:00:00
4807.32,582,purchase,Los Angeles,0,2025-01-04 10:00:00
653.1,303,purchase,San Antonio,0,2025-01-04 11:00:00
488.58,142,purchase,Phoenix,0,2025-01-04 12:00:00
663.97,903,purchase,Houston,0,2025-01-04 13:00:00
2739.15,202,purchase,Austin,0,2025-01-04 14:00:00
1523.48,207,purchase,Philadelphia,0,2025-01-04 15:00:00
645.64,415,purchase,Phoenix,0,2025-01-04 16:00:00
1832.19,221,purchase,Philadelphia,0,2025-01-04 17:00:00
1208.43,362,purchase,Dallas,0,2025-01-04 18:00:00
2888.94,758,purchase,New York,0,2025-01-04 19:00:00
543.45,81,purchase,New York,0,2025-01-04 20:00:00
790.24,763,purchase,Philadelphia,0,2025-01-04 21:00:00
740.92,563,purchase,Los Angeles,0,2025-01-04 22:00:00
253.78,285,purchase,San Diego,0,2025-01-04 23:00:00
1474.57,369,purchase,San Antonio,0,2025-01-05 00:00:00
1423.76,492,purchase,Philadelphia,0,2025-01-05 01:00:00
1102.26,911,refund,Houston,0,2025-01-05 02:00:00
867.32,896,purchase,Dallas,0,2025-01-05 03:00:00
266.3,346,purchase,San Antonio,0,2025-01-05 04:00:00
720.07,204,purchase,San Antonio,0,2025-01-05 05:00:00
778.43,25,purchase,Phoenix,0,2025-01-05 06:00:00
491.63,957,refund,New York,0,2025-01-05 07:00:00
933.29,553,purchase,Los Angeles,0,2025-01-05 08:00:00
1642.63,69,purchase,San Diego,0,2025-01-05 09:00:00
7231.39,516,purchase,Phoenix,0,2025-01-05 10:00:00
1305.81,492,purchase,Los Angeles,0,2025-01-05 11:00:00
1418.78,240,refund,Phoenix,0,2025-01-05 12:00:00
1017.96,361,purchase,San Diego,0,2025-01-05 13:00:00
160.97,441,purchase,Houston,0,2025-01-05 14:00:00
1067.94,31,refund,Chicago,0,2025-01-05 15:00:00
1164.71,899,purchase,Phoenix,0,2025-01-05 16:00:00
12877.57,629,purchase,San Antonio,1,2025-01-05 17:00:00
904.73,707,purchase,Los Angeles,0,2025-01-05 18:00:00
1482.59,602,purchase,New York,0,2025-01-05 19:00:00
1059.22,690,purchase,Phoenix,0,2025-01-05 20:00:00
340.81,657,purchase,San Antonio,0,2025-01-05 21:00:00
3438.61,956,purchase,San Diego,0,2025-01-05 22:00:00
2326.06,714,refund,San Diego,0,2025-01-05 23:00:00
2418.81,322,purchase,Austin,0,2025-01-06 00:00:00
441.69,344,purchase,Dallas,0,2025-01-06 01:00:00
4459.51,715,purchase,New York,0,2025-01-06 02:00:00
269.93,536,purchase,San Antonio,0,2025-01-06 03:00:00
1972.11,355,purchase,Austin,0,2025-01-06 04:00:00
9803.12,471,refund,San Diego,0,2025-01-06 05:00:00
407.26,928,purchase,Philadelphia,0,2025-01-06 06:00:00
622.47,983,refund,Austin,0,2025-01-06 07:00:00
1211.54,994,purchase,Houston,0,2025-01-06 08:00:00
662.83,105,purchase,San Antonio,0,2025-01-06 09:00:00
232.6,787,purchase,Chicago,0,2025-01-06 10:00:00
1174.46,322,purchase,Los Angeles,0,2025-01-06 11:00:00
379.06,572,purchase,Philadelphia,0,2025-01-06 12:00:00
1760.92,883,purchase,Los Angeles,0,2025-01-06 13:00:00
437.28,962,purchase,Philadelphia,0,2025-01-06 14:00:00
5166.42,527,refund,Austin,1,2025-01-06 15:00:00
501.07,504,purchase,Chicago,0,2025-01-06 16:00:00
794.68,85,purchase,Los Angeles,0,2025-01-06 17:00:00
2473.82,931,purchase,San Diego,0,2025-01-06 18:00:00
320.26,709,purchase,Houston,0,2025-01-06 19:00:00
1376.72,235,purchase,Houston,0,2025-01-06 20:00:00
4052.72,923,purchase,San Antonio,0,2025-01-06 21:00:00
219.76,856,purchase,San Diego,0,2025-01-06 22:00:00
1319.01,263,purchase,Dallas,0,2025-01-06 23:00:00
1422.09,6,refund,Austin,0,2025-01-07 00:00:00
2396.64,494,refund,San Diego,0,2025-01-07 01:00:00
318.32,893,purchase,Houston,0,2025-01-07 02:00:00
292.82,289,purchase,Los Angeles,0,2025-01-07 03:00:00
1848.15,570,purchase,Austin,0,2025-01-07 04:00:00
1475.84,945,purchase,Phoenix,0,2025-01-07 05:00:00
1408.8,657,purchase,San Antonio,0,2025-01-07 06:00:00
1550.68,878,purchase,Los Angeles,0,2025-01-07 07:00:00
555.56,554,purchase,Houston,0,2025-01-07 08:00:00
1383.34,350,purchase,Philadelphia,0,2025-01-07 09:00:00
1470.08,200,purchase,San Diego,0,2025-01-07 10:00:00
536.81,936,purchase,Austin,0,2025-01-07 11:00:00
7085.28,686,purchase,Philadelphia,0,2025-01-07 12:00:00
1761.34,967,purchase,Philadelphia,0,2025-01-07 13:00:00
333.18,966,purchase,Philadelphia,0,2025-01-07 14:00:00
2114.46,964,purchase,Houston,0,2025-01-07 15:00:00
413.77,897,refund,Chicago,0,2025-01-07 16:00:00
2409.28,335,purchase,New York,0,2025-01-07 17:00:00
3493.28,607,purchase,Los Angeles,0,2025-01-07 18:00:00
482.66,217,refund,Los Angeles,0,2025-01-07 19:00:00
2873.76,623,purchase,Austin,0,2025-01-07 20:00:00
1657.03,353,refund,San Antonio,0,2025-01-07 21:00:00
2495.04,692,purchase,Philadelphia,0,2025-01-07 22:00:00
7308.5,675,purchase,San Diego,0,2025-01-07 23:00:00
858.01,631,purchase,Dallas,0,2025-01-08 00:00:00
516.08,325,purchase,Phoenix,0,2025-01-08 01:00:00
450.56,901,purchase,Chicago,0,2025-01-08 02:00:00
485.02,228,purchase,Houston,0,2025-01-08 03:00:00
1015.26,145,purchase,San Diego,0,2025-01-08 04:00:00
1542.49,949,purchase,Chicago,0,2025-01-08 05:00:00
1446.19,308,purchase,Los Angeles,0,2025-01-08 06:00:00
2507.86,654,purchase,San Antonio,0,2025-01-08 07:00:00
1110.98,634,purchase,Houston,0,2025-01-08 08:00:00
4691.62,285,purchase,San Diego,0,2025-01-08 09:00:00
841.63,392,purchase,New York,0,2025-01-08 10:00:00
16650.06,738,purchase,San Diego,0,2025-01-08 11:00:00
2050.15,360,purchase,Phoenix,0,2025-01-08 12:00:00
465.37,769,purchase,Los Angeles,0,2025-01-08 13:00:00
375.82,797,purchase,New York,0,2025-01-08 14:00:00
1776.63,932,purchase,Philadelphia,0,2025-01-08 15:00:00
877.03,947,purchase,Dallas,0,2025-01-08 16:00:00
2239.48,165,purchase,Dallas,0,2025-01-08 17:00:00
1760.3,733,purchase,Dallas,0,2025-01-08 18:00:00
1019.61,581,purchase,Houston,0,2025-01-08 19:00:00
470.22,821,purchase,Philadelphia,0,2025-01-08 20:00:00
241.09,224,purchase,Austin,0,2025-01-08 21:00:00
701.69,124,purchase,Philadelphia,0,2025-01-08 22:00:00
2582.2,948,purchase,Phoenix,0,2025-01-08 23:00:00
1358.44,344,purchase,Los Angeles,0,2025-01-09 00:00:00
315.53,851,refund,San Antonio,0,2025-01-09 01:00:00
1303.99,524,purchase,New York,0,2025-01-09 02:00:00
1612.14,52,purchase,Philadelphia,0,2025-01-09 03:00:00
453.11,129,purchase,Phoenix,0,2025-01-09 04:00:00
1278.86,135,refund,Phoenix,0,2025-01-09 05:00:00
1162.36,657,purchase,San Diego,0,2025-01-09 06:00:00
349.68,127,purchase,Dallas,0,2025-01-09 07:00:00
1568.36,738,purchase,San Antonio,0,2025-01-09 08:00:00
1921.35,939,purchase,Austin,0,2025-01-09 09:00:00
3239.1,71,purchase,San Diego,0,2025-01-09 10:00:00
3145.73,273,purchase,Los Angeles,0,2025-01-09 11:00:00
276.53,187,purchase,Los Angeles,0,2025-01-09 12:00:00
429.31,3,purchase,San Diego,0,2025-01-09 13:00:00
1835.43,285,purchase,Philadelphia,0,2025-01-09 14:00:00
1833.14,22,purchase,San Diego,0,2025-01-09 15:00:00
1835.46,166,purchase,Dallas,0,2025-01-09 16:00:00
50000.0,310,purchase,Dallas,1,2025-01-09 17:00:00
1940.87,875,refund,Philadelphia,0,2025-01-09 18:00:00
3413.75,477,purchase,San Diego,0,2025-01-09 19:00:00
2846.94,498,purchase,Los Angeles,0,2025-01-09 20:00:00
2103.57,434,refund,San Diego,0,2025-01-09 21:00:00
800.1,758,purchase,Chicago,0,2025-01-09 22:00:00
2342.49,234,purchase,New York,0,2025-01-09 23:00:00
506.32,837,purchase,San Antonio,0,2025-01-10 00:00:00
865.39,670,refund,New York,0,2025-01-10 01:00:00
674.95,663,purchase,New York,0,2025-01-10 02:00:00
1190.2,725,purchase,New York,0,2025-01-10 03:00:00
11099.54,376,purchase,Houston,0,2025-01-10 04:00:00
169.48,730,refund,Houston,0,2025-01-10 05:00:00
2178.21,246,purchase,Austin,0,2025-01-10 06:00:00
218.61,303,refund,Philadelphia,0,2025-01-10 07:00:00
684.08,405,purchase,Austin,0,2025-01-10 08:00:00
3258.27,788,purchase,Chicago,0,2025-01-10 09:00:00
1169.44,663,purchase,Austin,0,2025-01-10 10:00:00
373.25,708,purchase,Philadelphia,0,2025-01-10 11:00:00
536.3,917,purchase,San Antonio,0,2025-01-10 12:00:00
2163.75,21,refund,New York,0,2025-01-10 13:00:00
528.28,257,purchase,Philadelphia,0,2025-01-10 14:00:00
1361.66,399,refund,Austin,0,2025-01-10 15:00:00
1147.76,529,purchase,New York,0,2025-01-10 16:00:00
571.58,51,purchase,San Antonio,0,2025-01-10 17:00:00
9357.6,447,purchase,Austin,0,2025-01-10 18:00:00
2067.14,270,purchase,Phoenix,0,2025-01-10 19:00:00
144.73,827,purchase,Austin,0,2025-01-10 20:00:00
1321.41,595,purchase,Houston,0,2025-01-10 21:00:00
565.78,818,purchase,New York,0,2025-01-10 22:00:00
2571.99,636,purchase,Dallas,0,2025-01-10 23:00:00
496.45,802,purchase,San Antonio,0,2025-01-11 00:00:00
977.76,262,refund,Los Angeles,0,2025-01-11 01:00:00
1817.08,365,purchase,Houston,0,2025-01-11 02:00:00
2606.48,49,purchase,Houston,0,2025-01-11 03:00:00
330.2,518,purchase,San Diego,0,2025-01-11 04:00:00
784.85,629,purchase,Los Angeles,0,2025-01-11 05:00:00
682.02,118,purchase,Phoenix,0,2025-01-11 06:00:00
570.59,453,refund,Austin,0,2025-01-11 07:00:00
6408.97,775,purchase,San Diego,0,2025-01-11 08:00:00
1644.15,865,purchase,Philadelphia,0,2025-01-11 09:00:00
310.79,973,purchase,Houston,0,2025-01-11 10:00:00
2745.89,947,purchase,Phoenix,0,2025-01-11 11:00:00
9155.92,886,purchase,Los Angeles,0,2025-01-11 12:00:00
3079.32,641,purchase,Phoenix,0,2025-01-11 13:00:00
240.0,397,purchase,Chicago,0,2025-01-11 14:00:00
675.71,683,refund,Chicago,0,2025-01-11 15:00:00
3892.91,27,purchase,San Antonio,0,2025-01-11 16:00:00
540.41,711,purchase,Chicago,0,2025-01-11 17:00:00
1709.27,372,purchase,Houston,0,2025-01-11 18:00:00
2379.47,899,purchase,San Antonio,0,2025-01-11 19:00:00
434.01,826,purchase,Chicago,0,2025-01-11 20:00:00
1033.26,857,purchase,Austin,0,2025-01-11 21:00:00
42.89,97,refund,Austin,0,2025-01-11 22:00:00
393.71,1000,purchase,Los Angeles,0,2025-01-11 23:00:00
851.87,529,purchase,Austin,0,2025-01-12 00:00:00
314.89,685,purchase,San Antonio,0,2025-01-12 01:00:00
5610.59,974,purchase,Phoenix,0,2025-01-12 02:00:00
262.4,613,refund,New York,0,2025-01-12 03:00:00
706.24,186,refund,Austin,0,2025-01-12 04:00:00
1249.8,696,refund,San Diego,0,2025-01-12 05:00:00
4634.45,950,purchase,Chicago,0,2025-01-12 06:00:00
260.9,215,purchase,San Antonio,0,2025-01-12 07:00:00
3509.27,251,purchase,Philadelphia,0,2025-01-12 08:00:00
1107.91,216,purchase,Austin,0,2025-01-12 09:00:00
410.96,29,purchase,Philadelphia,0,2025-01-12 10:00:00
1740.81,102,refund,San Diego,0,2025-01-12 11:00:00
1338.17,123,purchase,Houston,0,2025-01-12 12:00:00
601.71,54,refund,Houston,0,2025-01-12 13:00:00
1175.92,283,refund,Chicago,0,2025-01-12 14:00:00
745.97,614,refund,New York,0,2025-01-12 15:00:00
1228.46,117,purchase,Austin,0,2025-01-12 16:00:00
2126.28,616,purchase,Chicago,0,2025-01-12 17:00:00
5356.24,557,purchase,New York,0,2025-01-12 18:00:00
318.04,114,purchase,Philadelphia,0,2025-01-12 19:00:00
9256.06,855,purchase,San Diego,0,2025-01-12 20:00:00
155.7,543,purchase,Chicago,0,2025-01-12 21:00:00
942.2,676,purchase,Houston,0,2025-01-12 22:00:00
1974.99,977,purchase,Phoenix,0,2025-01-12 23:00:00
1452.43,701,purchase,San Antonio,0,2025-01-13 00:00:00
588.34,293,refund,Philadelphia,0,2025-01-13 01:00:00
890.58,195,purchase,Los Angeles,0,2025-01-13 02:00:00
669.81,292,purchase,San Antonio,0,2025-01-13 03:00:00
608.28,887,purchase,San Diego,0,2025-01-13 04:00:00
2564.71,261,purchase,New York,0,2025-01-13 05:00:00
1567.15,942,purchase,Philadelphia,0,2025-01-13 06:00:00
548.45,207,purchase,Dallas,0,2025-01-13 07:00:00
2696.2,564,refund,San Antonio,0,2025-01-13 08:00:00
1491.14,49,purchase,Phoenix,0,2025-01-13 09:00:00
2472.2,6,purchase,Austin,0,2025-01-13 10:00:00
2058.29,379,purchase,Austin,0,2025-01-13 11:00:00
478.67,394,purchase,Dallas,0,2025-01-13 12:00:00
626.29,886,purchase,Los Angeles,0,2025-01-13 13:00:00
2315.3,224,purchase,San Antonio,0,2025-01-13 14:00:00
2019.03,23,refund,Dallas,0,2025-01-13 15:00:00
1073.95,657,purchase,Los Angeles,0,2025-01-13 16:00:00
1233.15,110,purchase,Austin,0,2025-01-13 17:00:00
3935.0,724,purchase,Philadelphia,0,2025-01-13 18:00:00
606.94,812,purchase,Dallas,0,2025-01-13 19:00:00
1895.23,553,purchase,Chicago,0,2025-01-13 20:00:00
895.88,399,purchase,San Diego,0,2025-01-13 21:00:00
882.11,172,purchase,Phoenix,0,2025-01-13 22:00:00
3290.44,698,purchase,San Antonio,0,2025-01-13 23:00:00
2503.43,726,purchase,Chicago,0,2025-01-14 00:00:00
2473.8,306,purchase,San Diego,0,2025-01-14 01:00:00
4045.98,564,purchase,Los Angeles,0,2025-01-14 02:00:00
1119.91,582,purchase,San Diego,0,2025-01-14 03:00:00
2168.85,708,purchase,Los Angeles,0,2025-01-14 04:00:00
804.11,959,purchase,San Antonio,0,2025-01-14 05:00:00
1516.51,954,purchase,Los Angeles,0,2025-01-14 06:00:00
962.81,151,purchase,San Antonio,0,2025-01-14 07:00:00
1208.33,428,purchase,New York,0,2025-01-14 08:00:00
1988.54,621,purchase,Philadelphia,0,2025-01-14 09:00:00
483.85,467,purchase,Austin,0,2025-01-14 10:00:00
8887.38,630,refund,San Antonio,0,2025-01-14 11:00:00
401.01,877,purchase,Houston,0,2025-01-14 12:00:00
325.65,607,purchase,New York,0,2025-01-14 13:00:00
3491.58,768,refund,Philadelphia,0,2025-01-14 14:00:00
2420.34,556,refund,Houston,0,2025-01-14 15:00:00
2046.98,948,purchase,Chicago,0,2025-01-14 16:00:00
2055.65,67,purchase,Houston,0,2025-01-14 17:00:00
1083.28,156,purchase,Philadelphia,0,2025-01-14 18:00:00
447.08,835,purchase,Phoenix,0,2025-01-14 19:00:00
1182.99,206,purchase,Los Angeles,0,2025-01-14 20:00:00
557.15,786,refund,Los Angeles,0,2025-01-14 21:00:00
2907.71,155,purchase,Chicago,0,2025-01-14 22:00:00
946.66,691,purchase,Philadelphia,0,2025-01-14 23:00:00
480.34,509,purchase,New York,0,2025-01-15 00:00:00
795.22,572,purchase,San Antonio,0,2025-01-15 01:00:00
1657.28,74,purchase,San Diego,0,2025-01-15 02:00:00
624.08,49,purchase,San Antonio,0,2025-01-15 03:00:00
481.92,783,purchase,Chicago,0,2025-01-15 04:00:00
1399.24,467,purchase,Philadelphia,0,2025-01-15 05:00:00
1401.04,585,refund,Houston,0,2025-01-15 06:00:00
660.54,708,refund,Phoenix,0,2025-01-15 07:00:00
684.69,911,purchase,Chicago,0,2025-01-15 08:00:00
1383.05,179,refund,Phoenix,1,2025-01-15 09:00:00
257.73,48,purchase,Philadelphia,0,2025-01-15 10:00:00
268.42,72,purchase,San Diego,0,2025-01-15 11:00:00
534.62,113,purchase,Philadelphia,0,2025-01-15 12:00:00
885.85,757,purchase,Dallas,0,2025-01-15 13:00:00
1496.53,897,purchase,Austin,0,2025-01-15 14:00:00
4795.13,903,purchase,Austin,0,2025-01-15 15:00:00
2585.46,821,purchase,Austin,0,2025-01-15 16:00:00
934.55,159,purchase,Austin,0,2025-01-15 17:00:00
1075.98,786,purchase,Houston,0,2025-01-15 18:00:00
402.41,780,purchase,Los Angeles,0,2025-01-15 19:00:00
1076.52,816,purchase,Dallas,0,2025-01-15 20:00:00
821.67,30,refund,Chicago,0,2025-01-15 21:00:00
1514.32,97,purchase,San Antonio,0,2025-01-15 22:00:00
479.51,251,purchase,Houston,0,2025-01-15 23:00:00
1843.36,519,purchase,New York,0,2025-01-16 00:00:00
5078.34,92,purchase,San Diego,0,2025-01-16 01:00:00
983.62,113,purchase,Houston,0,2025-01-16 02:00:00
1638.79,259,purchase,Philadelphia,0,2025-01-16 03:00:00
2186.69,107,purchase,San Antonio,0,2025-01-16 04:00:00
734.2,575,purchase,San Diego,0,2025-01-16 05:00:00
1372.09,390,purchase,Austin,0,2025-01-16 06:00:00
1110.53,991,purchase,Los Angeles,0,2025-01-16 07:00:00
1209.15,358,purchase,Dallas,0,2025-01-16 08:00:00
506.23,783,purchase,Austin,0,2025-01-16 09:00:00
1123.84,199,purchase,Chicago,0,2025-01-16 10:00:00
1804.43,427,purchase,New York,0,2025-01-16 11:00:00
4680.42,478,refund,Los Angeles,0,2025-01-16 12:00:00
2861.99,859,purchase,San Diego,0,2025-01-16 13:00:00
9444.45,849,purchase,Austin,0,2025-01-16 14:00:00
509.1,503,purchase,Philadelphia,0,2025-01-16 15:00:00
2623.65,658,purchase,New York,0,2025-01-16 16:00:00
1317.3,918,refund,Dallas,0,2025-01-16 17:00:00
9796.72,573,purchase,San Antonio,0,2025-01-16 18:00:00
488.68,120,purchase,Austin,0,2025-01-16 19:00:00
473.56,573,refund,Chicago,0,2025-01-16 20:00:00
602.21,309,refund,San Antonio,0,2025-01-16 21:00:00
131.12,538,purchase,Philadelphia,0,2025-01-16 22:00:00
648.23,627,purchase,Chicago,0,2025-01-16 23:00:00
513.3,475,purchase,San Diego,0,2025-01-17 00:00:00
1274.61,552,purchase,New York,0,2025-01-17 01:00:00
1543.42,344,refund,Phoenix,0,2025-01-17 02:00:00
7159.32,628,purchase,San Diego,0,2025-01-17 03:00:00
2836.78,136,purchase,Chicago,0,2025-01-17 04:00:00
615.91,277,purchase,Austin,0,2025-01-17 05:00:00
446.57,989,purchase,Philadelphia,0,2025-01-17 06:00:00
1793.49,811,purchase,Austin,0,2025-01-17 07:00:00
292.88,533,purchase,Los Angeles,0,2025-01-17 08:00:00
6846.27,899,purchase,Dallas,0,2025-01-17 09:00:00
3566.86,31,purchase,Los Angeles,0,2025-01-17 10:00:00
685.96,247,refund,Phoenix,0,2025-01-17 11:00:00
197.72,411,purchase,Chicago,0,2025-01-17 12:00:00
4246.59,27,purchase,Austin,0,2025-01-17 13:00:00
977.95,73,purchase,Dallas,0,2025-01-17 14:00:00
3781.27,953,purchase,Dallas,0,2025-01-17 15:00:00
222.64,97,purchase,San Antonio,0,2025-01-17 16:00:00
602.22,673,purchase,Austin,0,2025-01-17 17:00:00
1102.4,346,purchase,Phoenix,0,2025-01-17 18:00:00
1149.38,476,purchase,Dallas,0,2025-01-17 19:00:00
699.2,300,purchase,San Antonio,0,2025-01-17 20:00:00
2044.38,299,purchase,Los Angeles,0,2025-01-17 21:00:00
377.05,287,refund,Austin,0,2025-01-17 22:00:00
951.1,885,purchase,New York,0,2025-01-17 23:00:00
1236.82,449,refund,Austin,0,2025-01-18 00:00:00
1834.34,212,purchase,Austin,0,2025-01-18 01:00:00
2234.15,76,purchase,Houston,0,2025-01-18 02:00:00
356.15,401,purchase,Austin,0,2025-01-18 03:00:00
236.49,655,purchase,San Diego,0,2025-01-18 04:00:00
3935.04,34,purchase,Philadelphia,0,2025-01-18 05:00:00
1528.92,498,purchase,Los Angeles,0,2025-01-18 06:00:00
518.8,848,purchase,Phoenix,0,2025-01-18 07:00:00
5172.71,516,purchase,Dallas,0,2025-01-18 08:00:00
1231.11,328,purchase,Philadelphia,0,2025-01-18 09:00:00
3566.35,98,purchase,Philadelphia,0,2025-01-18 10:00:00
1173.23,366,purchase,San Antonio,0,2025-01-18 11:00:00
8610.59,729,purchase,Phoenix,0,2025-01-18 12:00:00
6344.48,463,purchase,Chicago,0,2025-01-18 13:00:00
854.94,28,purchase,Chicago,0,2025-01-18 14:00:00
2897.41,713,purchase,Phoenix,0,2025-01-18 15:00:00
2090.95,386,purchase,Houston,0,2025-01-18 16:00:00
4309.73,273,purchase,Phoenix,0,2025-01-18 17:00:00
417.83,826,purchase,Dallas,0,2025-01-18 18:00:00
2177.76,127,purchase,Phoenix,0,2025-01-18 19:00:00
3160.31,202,purchase,Houston,0,2025-01-18 20:00:00
188.91,521,refund,Houston,0,2025-01-18 21:00:00
335.88,287,purchase,New York,0,2025-01-18 22:00:00
142.7,450,purchase,Austin,0,2025-01-18 23:00:00
837.64,88,purchase,Houston,0,2025-01-19 00:00:00
2247.43,318,purchase,Houston,0,2025-01-19 01:00:00
4926.37,19,purchase,Dallas,0,2025-01-19 02:00:00
1180.97,593,purchase,Houston,0,2025-01-19 03:00:00
5589.33,107,purchase,San Antonio,0,2025-01-19 04:00:00
275.86,458,purchase,New York,0,2025-01-19 05:00:00
199.66,311,purchase,San Antonio,0,2025-01-19 06:00:00
1037.38,412,purchase,Los Angeles,0,2025-01-19 07:00:00
1610.12,742,purchase,San Diego,0,2025-01-19 08:00:00
1061.36,624,purchase,New York,0,2025-01-19 09:00:00
138.73,732,purchase,Austin,0,2025-01-19 10:00:00
1003.13,635,purchase,Chicago,0,2025-01-19 11:00:00
297.53,498,purchase,San Diego,0,2025-01-19 12:00:00
2142.38,244,purchase,Austin,0,2025-01-19 13:00:00
1582.24,690,purchase,San Diego,0,2025-01-19 14:00:00
428.43,577,purchase,Phoenix,0,2025-01-19 15:00:00
655.98,380,purchase,Phoenix,0,2025-01-19 16:00:00
380.23,515,purchase,San Diego,0,2025-01-19 17:00:00
1030.01,207,purchase,Austin,0,2025-01-19 18:00:00
2850.19,948,purchase,Phoenix,0,2025-01-19 19:00:00
409.23,394,purchase,Dallas,0,2025-01-19 20:00:00
1815.37,21,purchase,New York,0,2025-01-19 21:00:00
645.32,805,purchase,Phoenix,0,2025-01-19 22:00:00
496.27,527,purchase,Chicago,0,2025-01-19 23:00:00
985.32,343,purchase,Chicago,0,2025-01-20 00:00:00
389.46,718,purchase,Los Angeles,0,2025-01-20 01:00:00
630.4,975,purchase,Chicago,0,2025-01-20 02:00:00
331.0,202,purchase,San Antonio,0,2025-01-20 03:00:00
7822.23,120,purchase,San Diego,0,2025-01-20 04:00:00
1135.99,649,purchase,San Diego,0,2025-01-20 05:00:00
544.72,812,purchase,San Diego,0,2025-01-20 06:00:00
1358.29,807,purchase,New York,0,2025-01-20 07:00:00
980.12,389,purchase,San Antonio,0,2025-01-20 08:00:00
879.22,537,purchase,Los Angeles,0,2025-01-20 09:00:00
2026.71,824,purchase,Austin,0,2025-01-20 10:00:00
2339.07,234,purchase,Houston,0,2025-01-20 11:00:00
645.16,633,purchase,Phoenix,0,2025-01-20 12:00:00
616.58,602,refund,New York,0,2025-01-20 13:00:00
832.93,320,purchase,Houston,0,2025-01-20 14:00:00
109.74,712,purchase,Houston,0,2025-01-20 15:00:00
241.0,982,purchase,Dallas,0,2025-01-20 16:00:00
4302.17,180,purchase,Dallas,0,2025-01-20 17:00:00
5681.48,857,purchase,Austin,0,2025-01-20 18:00:00
854.88,368,purchase,New York,0,2025-01-20 19:00:00
1951.9,76,purchase,San Diego,0,2025-01-20 20:00:00
1497.05,649,purchase,Houston,0,2025-01-20 21:00:00
23834.3,650,purchase,Houston,0,2025-01-20 22:00:00
3359.59,496,purchase,Phoenix,0,2025-01-20 23:00:00
964.96,522,purchase,Los Angeles,0,2025-01-21 00:00:00
421.77,201,purchase,New York,0,2025-01-21 01:00:00
219.98,830,purchase,Phoenix,0,2025-01-21 02:00:00
1344.08,346,purchase,San Antonio,0,2025-01-21 03:00:00
514.73,483,purchase,Austin,0,2025-01-21 04:00:00
264.47,219,purchase,Dallas,0,2025-01-21 05:00:00
574.46,60,refund,Los Angeles,0,2025-01-21 06:00:00
371.84,991,purchase,San Diego,0,2025-01-21 07:00:00
5926.22,659,purchase,San Antonio,0,2025-01-21 08:00:00
2648.21,619,purchase,Los Angeles,0,2025-01-21 09:00:00
1087.92,550,refund,Phoenix,0,2025-01-21 10:00:00
4817.18,646,purchase,San Antonio,0,2025-01-21 11:00:00
1184.85,911,purchase,Chicago,0,2025-01-21 12:00:00
463.46,221,refund,Los Angeles,0,2025-01-21 13:00:00
5029.74,815,purchase,Philadelphia,0,2025-01-21 14:00:00
1879.78,941,purchase,Austin,0,2025-01-21 15:00:00
388.68,502,refund,Philadelphia,0,2025-01-21 16:00:00
906.56,133,purchase,Houston,0,2025-01-21 17:00:00
456.86,846,purchase,New York,0,2025-01-21 18:00:00
275.12,53,purchase,Phoenix,0,2025-01-21 19:00:00
2768.82,450,purchase,New York,0,2025-01-21 20:00:00
7401.34,62,purchase,San Diego,0,2025-01-21 21:00:00
270.81,23,purchase,Los Angeles,0,2025-01-21 22:00:00
1925.55,44,refund,Dallas,0,2025-01-21 23:00:00
572.12,820,purchase,Dallas,0,2025-01-22 00:00:00
673.76,558,purchase,Chicago,0,2025-01-22 01:00:00
606.44,659,purchase,Philadelphia,0,2025-01-22 02:00:00
462.21,728,purchase,Dallas,0,2025-01-22 03:00:00
1151.16,852,purchase,San Antonio,0,2025-01-22 04:00:00
477.73,47,refund,Houston,0,2025-01-22 05:00:00
1437.21,859,purchase,Chicago,0,2025-01-22 06:00:00
1042.9,820,purchase,Los Angeles,0,2025-01-22 07:00:00
863.55,24,purchase,Austin,0,2025-01-22 08:00:00
442.5,657,purchase,Austin,0,2025-01-22 09:00:00
615.99,89,purchase,New York,0,2025-01-22 10:00:00
2334.12,174,purchase,Austin,0,2025-01-22 11:00:00
1809.7,576,purchase,New York,0,2025-01-22 12:00:00
412.59,119,refund,Houston,0,2025-01-22 13:00:00
1211.16,735,purchase,Houston,0,2025-01-22 14:00:00
2324.79,668,purchase,Dallas,0,2025-01-22 15:00:00
206.56,178,refund,Austin,0,2025-01-22 16:00:00
1888.16,832,purchase,New York,0,2025-01-22 17:00:00
565.31,924,purchase,Houston,0,2025-01-22 18:00:00
1940.3,342,refund,Chicago,0,2025-01-22 19:00:00
511.19,568,purchase,Dallas,0,2025-01-22 20:00:00
180.39,59,purchase,Phoenix,0,2025-01-22 21:00:00
215.39,901,purchase,Dallas,0,2025-01-22 22:00:00
1150.65,438,purchase,Austin,0,2025-01-22 23:00:00
1421.86,428,purchase,Philadelphia,0,2025-01-23 00:00:00
443.94,426,purchase,Dallas,0,2025-01-23 01:00:00
2076.82,968,purchase,New York,0,2025-01-23 02:00:00
208.2,381,purchase,Houston,0,2025-01-23 03:00:00
1026.51,486,purchase,Houston,0,2025-01-23 04:00:00
326.68,732,purchase,Austin,0,2025-01-23 05:00:00
571.44,185,purchase,Austin,0,2025-01-23 06:00:00
1149.86,559,purchase,Philadelphia,0,2025-01-23 07:00:00
463.86,460,purchase,Austin,0,2025-01-23 08:00:00
746.54,889,purchase,New York,0,2025-01-23 09:00:00
2999.78,921,purchase,Austin,0,2025-01-23 10:00:00
615.91,102,purchase,Phoenix,0,2025-01-23 11:00:00
2529.29,556,purchase,Chicago,0,2025-01-23 12:00:00
354.35,15,refund,New York,0,2025-01-23 13:00:00
1862.74,748,purchase,Philadelphia,0,2025-01-23 14:00:00
4635.82,873,purchase,Chicago,0,2025-01-23 15:00:00
92.61,51,purchase,Houston,0,2025-01-23 16:00:00
494.28,309,purchase,Dallas,0,2025-01-23 17:00:00
1952.9,34,purchase,Los Angeles,0,2025-01-23 18:00:00
895.12,636,purchase,New York,0,2025-01-23 19:00:00
1589.45,589,purchase,Austin,0,2025-01-23 20:00:00
599.45,904,purchase,Philadelphia,0,2025-01-23 21:00:00
1195.82,635,purchase,New York,0,2025-01-23 22:00:00
938.54,205,refund,New York,0,2025-01-23 23:00:00
3525.52,740,purchase,San Antonio,0,2025-01-24 00:00:00
1414.34,70,purchase,Los Angeles,0,2025-01-24 01:00:00
1537.02,230,refund,Houston,0,2025-01-24 02:00:00
726.42,480,purchase,Houston,0,2025-01-24 03:00:00
673.44,533,purchase,Los Angeles,0,2025-01-24 04:00:00
711.55,108,refund,Philadelphia,0,2025-01-24 05:00:00
1626.93,876,purchase,Austin,0,2025-01-24 06:00:00
719.83,241,refund,Los Angeles,0,2025-01-24 07:00:00
1465.24,251,purchase,San Diego,0,2025-01-24 08:00:00
8737.69,135,purchase,Houston,0,2025-01-24 09:00:00
2620.51,90,purchase,New York,0,2025-01-24 10:00:00
791.54,591,purchase,San Antonio,0,2025-01-24 11:00:00
3645.37,440,purchase,Philadelphia,0,2025-01-24 12:00:00
729.18,689,purchase,Philadelphia,0,2025-01-24 13:00:00
142.86,298,purchase,Chicago,0,2025-01-24 14:00:00
400.18,407,purchase,Austin,0,2025-01-24 15:00:00
168.88,308,purchase,San Antonio,0,2025-01-24 16:00:00
771.62,102,purchase,Philadelphia,0,2025-01-24 17:00:00
1117.02,361,purchase,Austin,0,2025-01-24 18:00:00
5863.12,847,purchase,Austin,0,2025-01-24 19:00:00
1520.7,624,refund,Dallas,1,2025-01-24 20:00:00
880.86,693,purchase,Chicago,0,2025-01-24 21:00:00
2513.43,616,purchase,Chicago,0,2025-01-24 22:00:00
120.16,528,purchase,Houston,0,2025-01-24 23:00:00
1387.99,608,purchase,Chicago,0,2025-01-25 00:00:00
2370.52,293,purchase,Houston,0,2025-01-25 01:00:00
249.99,146,purchase,Philadelphia,0,2025-01-25 02:00:00
3441.81,404,refund,New York,0,2025-01-25 03:00:00
1538.4,814,purchase,Los Angeles,0,2025-01-25 04:00:00
723.94,2,refund,Austin,0,2025-01-25 05:00:00
2064.79,119,purchase,Philadelphia,0,2025-01-25 06:00:00
10622.11,855,purchase,Philadelphia,0,2025-01-25 07:00:00
1315.36,606,purchase,New York,0,2025-01-25 08:00:00
1405.6,191,purchase,Philadelphia,0,2025-01-25 09:00:00
692.73,3,purchase,Dallas,0,2025-01-25 10:00:00
468.79,942,purchase,San Diego,0,2025-01-25 11:00:00
2515.77,487,refund,Austin,0,2025-01-25 12:00:00
465.87,623,purchase,Phoenix,0,2025-01-25 13:00:00
1177.99,177,purchase,Houston,0,2025-01-25 14:00:00
680.17,257,purchase,Philadelphia,0,2025-01-25 15:00:00
1770.43,873,purchase,Phoenix,0,2025-01-25 16:00:00
1530.98,534,purchase,Philadelphia,0,2025-01-25 17:00:00
3094.99,477,purchase,Austin,0,2025-01-25 18:00:00
658.51,398,purchase,Chicago,0,2025-01-25 19:00:00
837.25,496,purchase,San Antonio,0,2025-01-25 20:00:00
412.09,220,refund,San Diego,0,2025-01-25 21:00:00
703.25,981,purchase,Phoenix,0,2025-01-25 22:00:00
1599.27,173,purchase,Phoenix,0,2025-01-25 23:00:00
2337.85,736,purchase,Houston,0,2025-01-26 00:00:00
436.08,390,purchase,Austin,0,2025-01-26 01:00:00
2616.53,502,purchase,Phoenix,0,2025-01-26 02:00:00
4254.1,577,purchase,Austin,0,2025-01-26 03:00:00
1658.11,789,purchase,San Diego,0,2025-01-26 04:00:00
7163.8,761,purchase,Phoenix,0,2025-01-26 05:00:00
505.84,260,purchase,Dallas,0,2025-01-26 06:00:00
315.87,131,purchase,New York,0,2025-01-26 07:00:00
185.17,113,refund,San Antonio,0,2025-01-26 08:00:00
4895.37,798,purchase,Phoenix,0,2025-01-26 09:00:00
2109.84,799,purchase,Houston,0,2025-01-26 10:00:00
1037.34,930,purchase,Chicago,0,2025-01-26 11:00:00
1450.94,723,refund,Austin,0,2025-01-26 12:00:00
355.85,20,purchase,San Antonio,0,2025-01-26 13:00:00
12654.3,215,purchase,Los Angeles,0,2025-01-26 14:00:00
1247.9,310,purchase,Phoenix,0,2025-01-26 15:00:00
1223.41,251,purchase,Los Angeles,0,2025-01-26 16:00:00
2265.99,488,refund,San Antonio,0,2025-01-26 17:00:00
1774.03,382,refund,Philadelphia,0,2025-01-26 18:00:00
1371.81,409,refund,Austin,0,2025-01-26 19:00:00
497.47,271,refund,San Antonio,0,2025-01-26 20:00:00
1757.18,934,refund,Dallas,0,2025-01-26 21:00:00
7201.36,407,purchase,Los Angeles,0,2025-01-26 22:00:00
4210.85,692,purchase,Dallas,0,2025-01-26 23:00:00
5394.78,194,purchase,San Antonio,0,2025-01-27 00:00:00
657.72,441,refund,Los Angeles,0,2025-01-27 01:00:00
407.64,313,purchase,Austin,0,2025-01-27 02:00:00
967.01,79,purchase,Los Angeles,0,2025-01-27 03:00:00
1159.48,180,purchase,Houston,0,2025-01-27 04:00:00
3275.39,675,purchase,Los Angeles,0,2025-01-27 05:00:00
201.85,714,purchase,New York,0,2025-01-27 06:00:00
5062.17,14,purchase,Philadelphia,0,2025-01-27 07:00:00
936.35,859,purchase,Austin,0,2025-01-27 08:00:00
715.6,246,purchase,Phoenix,0,2025-01-27 09:00:00
398.57,14,purchase,Chicago,0,2025-01-27 10:00:00
209.59,99,purchase,New York,0,2025-01-27 11:00:00
2497.81,33,refund,Dallas,0,2025-01-27 12:00:00
1180.06,436,purchase,San Diego,0,2025-01-27 13:00:00
301.88,257,purchase,Philadelphia,0,2025-01-27 14:00:00
300.34,34,purchase,Philadelphia,0,2025-01-27 15:00:00
783.85,19,purchase,Houston,0,2025-01-27 16:00:00
5819.8,664,purchase,Los Angeles,0,2025-01-27 17:00:00
845.91,260,purchase,Houston,0,2025-01-27 18:00:00
243.92,676,purchase,Los Angeles,0,2025-01-27 19:00:00
857.7,589,purchase,San Antonio,0,2025-01-27 20:00:00
834.87,826,purchase,Dallas,0,2025-01-27 21:00:00
73.93,416,purchase,Los Angeles,0,2025-01-27 22:00:00
1038.68,137,purchase,Dallas,0,2025-01-27 23:00:00
870.5,359,refund,Dallas,0,2025-01-28 00:00:00
2199.99,720,purchase,San Diego,0,2025-01-28 01:00:00
6967.11,754,purchase,New York,0,2025-01-28 02:00:00
3383.16,579,purchase,Phoenix,0,2025-01-28 03:00:00
838.08,116,purchase,Austin,0,2025-01-28 04:00:00
362.66,404,purchase,Houston,0,2025-01-28 05:00:00
14376.64,202,purchase,San Antonio,0,2025-01-28 06:00:00
1163.54,376,purchase,San Diego,0,2025-01-28 07:00:00
1112.02,250,purchase,Austin,0,2025-01-28 08:00:00
1070.49,446,purchase,San Diego,0,2025-01-28 09:00:00
1336.87,954,purchase,Los Angeles,0,2025-01-28 10:00:00
949.22,278,purchase,Chicago,0,2025-01-28 11:00:00
617.91,112,refund,Austin,0,2025-01-28 12:00:00
634.69,963,purchase,Austin,0,2025-01-28 13:00:00
1061.3,843,purchase,San Antonio,0,2025-01-28 14:00:00
636.88,473,purchase,Houston,0,2025-01-28 15:00:00
537.62,746,purchase,Philadelphia,0,2025-01-28 16:00:00
1219.79,688,purchase,San Diego,0,2025-01-28 17:00:00
849.82,392,purchase,San Diego,0,2025-01-28 18:00:00
4934.43,969,purchase,San Antonio,0,2025-01-28 19:00:00
77.4,143,purchase,Los Angeles,0,2025-01-28 20:00:00
3266.61,32,purchase,Los Angeles,0,2025-01-28 21:00:00
3812.67,181,purchase,Chicago,0,2025-01-28 22:00:00
137.91,579,purchase,Houston,0,2025-01-28 23:00:00
778.46,516,purchase,New York,0,2025-01-29 00:00:00
756.39,798,purchase,Phoenix,1,2025-01-29 01:00:00
268.4,269,purchase,San Antonio,0,2025-01-29 02:00:00
503.8,236,purchase,Austin,0,2025-01-29 03:00:00
361.2,277,purchase,Phoenix,0,2025-01-29 04:00:00
6325.03,553,purchase,San Antonio,0,2025-01-29 05:00:00
2795.25,633,purchase,Phoenix,0,2025-01-29 06:00:00
3911.03,275,purchase,Austin,0,2025-01-29 07:00:00
2256.73,743,refund,San Diego,0,2025-01-29 08:00:00
354.59,816,purchase,San Antonio,0,2025-01-29 09:00:00
649.03,86,purchase,New York,0,2025-01-29 10:00:00
1788.93,63,purchase,New York,0,2025-01-29 11:00:00
323.07,404,purchase,Phoenix,0,2025-01-29 12:00:00
2237.24,192,purchase,Los Angeles,0,2025-01-29 13:00:00
862.36,293,purchase,Dallas,0,2025-01-29 14:00:00
753.84,31,refund,Los Angeles,0,2025-01-29 15:00:00
2232.68,330,refund,Dallas,0,2025-01-29 16:00:00
1710.03,658,purchase,Austin,0,2025-01-29 17:00:00
764.36,107,purchase,Los Angeles,0,2025-01-29 18:00:00
3495.84,871,purchase,Houston,0,2025-01-29 19:00:00
372.02,622,purchase,Chicago,0,2025-01-29 20:00:00
2030.29,276,purchase,Philadelphia,0,2025-01-29 21:00:00
1984.46,722,purchase,Houston,0,2025-01-29 22:00:00
804.69,651,purchase,Dallas,0,2025-01-29 23:00:00
1519.49,598,refund,Dallas,0,2025-01-30 00:00:00
313.84,556,purchase,Austin,0,2025-01-30 01:00:00
2762.87,82,purchase,Dallas,0,2025-01-30 02:00:00
911.51,64,purchase,Chicago,0,2025-01-30 03:00:00
650.2,890,purchase,Chicago,0,2025-01-30 04:00:00
3130.69,930,refund,Houston,0,2025-01-30 05:00:00
542.21,855,refund,Dallas,0,2025-01-30 06:00:00
268.15,833,purchase,Philadelphia,0,2025-01-30 07:00:00
231.22,567,purchase,Dallas,0,2025-01-30 08:00:00
2010.24,586,purchase,San Diego,0,2025-01-30 09:00:00
304.77,885,purchase,San Antonio,0,2025-01-30 10:00:00
6341.02,129,purchase,Phoenix,0,2025-01-30 11:00:00
136.74,256,purchase,Dallas,0,2025-01-30 12:00:00
5981.68,934,purchase,Houston,0,2025-01-30 13:00:00
1354.27,231,purchase,Houston,0,2025-01-30 14:00:00
995.54,497,purchase,San Diego,0,2025-01-30 15:00:00
635.93,137,purchase,Houston,0,2025-01-30 16:00:00
1634.57,863,purchase,San Antonio,0,2025-01-30 17:00:00
1056.13,455,purchase,Houston,0,2025-01-30 18:00:00
3305.36,913,purchase,New York,0,2025-01-30 19:00:00
1229.33,355,purchase,Austin,0,2025-01-30 20:00:00
1274.49,624,purchase,Dallas,0,2025-01-30 21:00:00
762.34,485,refund,Houston,0,2025-01-30 22:00:00
1035.93,820,refund,Chicago,0,2025-01-30 23:00:00
1491.89,146,purchase,Chicago,0,2025-01-31 00:00:00
198.31,959,purchase,Dallas,0,2025-01-31 01:00:00
284.81,33,purchase,San Diego,0,2025-01-31 02:00:00
2305.99,260,purchase,Austin,0,2025-01-31 03:00:00
1300.97,87,purchase,San Antonio,0,2025-01-31 04:00:00
912.34,843,purchase,San Antonio,0,2025-01-31 05:00:00
1117.04,948,purchase,Houston,0,2025-01-31 06:00:00
1552.44,265,purchase,Chicago,0,2025-01-31 07:00:00
639.21,832,purchase,Houston,0,2025-01-31 08:00:00
503.56,542,refund,Philadelphia,0,2025-01-31 09:00:00
1333.88,392,purchase,Houston,0,2025-01-31 10:00:00
412.25,232,refund,Houston,0,2025-01-31 11:00:00
1649.54,901,purchase,Los Angeles,0,2025-01-31 12:00:00
199.82,588,purchase,San Antonio,0,2025-01-31 13:00:00
3069.15,447,purchase,Philadelphia,0,2025-01-31 14:00:00
1759.17,129,purchase,Los Angeles,0,2025-01-31 15:00:00
1416.62,271,purchase,Phoenix,0,2025-01-31 16:00:00
2929.8,89,purchase,Philadelphia,0,2025-01-31 17:00:00
5799.2,466,purchase,Phoenix,0,2025-01-31 18:00:00
3024.1,934,purchase,Houston,0,2025-01-31 19:00:00
174.01,170,purchase,Dallas,0,2025-01-31 20:00:00
305.03,128,purchase,Chicago,0,2025-01-31 21:00:00
587.09,174,purchase,Los Angeles,0,2025-01-31 22:00:00
1125.62,949,refund,Dallas,0,2025-01-31 23:00:00
1840.25,26,purchase,San Diego,0,2025-02-01 00:00:00
530.73,573,purchase,Dallas,0,2025-02-01 01:00:00
1321.82,511,purchase,Austin,0,2025-02-01 02:00:00
515.23,488,refund,Chicago,0,2025-02-01 03:00:00
594.95,891,purchase,New York,0,2025-02-01 04:00:00
268.63,579,purchase,New York,0,2025-02-01 05:00:00
435.62,950,purchase,Chicago,0,2025-02-01 06:00:00
283.81,406,purchase,Houston,0,2025-02-01 07:00:00
413.28,26,purchase,Los Angeles,0,2025-02-01 08:00:00
3145.23,83,purchase,San Diego,0,2025-02-01 09:00:00
424.37,364,refund,Chicago,0,2025-02-01 10:00:00
15250.72,367,purchase,Houston,0,2025-02-01 11:00:00
1796.0,60,refund,Philadelphia,0,2025-02-01 12:00:00
1319.27,551,refund,Austin,1,2025-02-01 13:00:00
464.82,635,purchase,Philadelphia,0,2025-02-01 14:00:00
2209.03,292,purchase,Los Angeles,0,2025-02-01 15:00:00
616.69,789,purchase,Philadelphia,0,2025-02-01 16:00:00
1238.94,937,refund,Houston,0,2025-02-01 17:00:00
14187.05,886,purchase,Phoenix,0,2025-02-01 18:00:00
996.19,816,purchase,San Antonio,0,2025-02-01 19:00:00
3460.86,794,purchase,San Antonio,0,2025-02-01 20:00:00
542.84,191,refund,Philadelphia,0,2025-02-01 21:00:00
1058.93,461,purchase,Austin,0,2025-02-01 22:00:00
6443.33,804,purchase,Philadelphia,0,2025-02-01 23:00:00
585.83,664,purchase,Philadelphia,0,2025-02-02 00:00:00
6717.35,896,purchase,Houston,0,2025-02-02 01:00:00
2225.53,233,purchase,Chicago,0,2025-02-02 02:00:00
624.86,474,refund,New York,0,2025-02-02 03:00:00
2064.01,405,purchase,Chicago,0,2025-02-02 04:00:00
2900.26,658,purchase,Chicago,0,2025-02-02 05:00:00
2042.26,271,purchase,Dallas,0,2025-02-02 06:00:00
228.1,847,purchase,Chicago,0,2025-02-02 07:00:00
529.99,134,purchase,San Diego,0,2025-02-02 08:00:00
856.18,171,purchase,San Diego,0,2025-02-02 09:00:00
1017.97,415,purchase,Chicago,0,2025-02-02 10:00:00
2039.93,28,purchase,Austin,0,2025-02-02 11:00:00
1309.89,136,purchase,Austin,0,2025-02-02 12:00:00
288.49,925,purchase,Philadelphia,0,2025-02-02 13:00:00
1603.91,405,purchase,San Diego,0,2025-02-02 14:00:00
2019.46,977,purchase,San Diego,0,2025-02-02 15:00:00
1919.44,888,purchase,Austin,0,2025-02-02 16:00:00
3231.76,505,purchase,Austin,0,2025-02-02 17:00:00
2524.81,241,purchase,Dallas,0,2025-02-02 18:00:00
1735.72,856,purchase,Dallas,0,2025-02-02 19:00:00
1022.32,954,purchase,San Diego,0,2025-02-02 20:00:00
208.31,444,purchase,San Antonio,0,2025-02-02 21:00:00
1685.16,434,purchase,Austin,0,2025-02-02 22:00:00
1349.77,228,purchase,Chicago,0,2025-02-02 23:00:00
1438.82,509,purchase,San Antonio,0,2025-02-03 00:00:00
305.9,799,purchase,Houston,0,2025-02-03 01:00:00
372.02,303,purchase,Los Angeles,0,2025-02-03 02:00:00
3143.69,34,purchase,San Diego,0,2025-02-03 03:00:00
1054.1,2,purchase,Los Angeles,0,2025-02-03 04:00:00
2167.87,362,purchase,New York,0,2025-02-03 05:00:00
1128.13,195,purchase,Phoenix,0,2025-02-03 06:00:00
1129.76,606,purchase,Austin,0,2025-02-03 07:00:00
2802.55,840,purchase,Dallas,0,2025-02-03 08:00:00
654.55,308,refund,Phoenix,0,2025-02-03 09:00:00
1207.27,647,purchase,Los Angeles,0,2025-02-03 10:00:00
690.71,716,purchase,Austin,0,2025-02-03 11:00:00
710.17,250,purchase,Houston,0,2025-02-03 12:00:00
804.99,147,purchase,San Diego,0,2025-02-03 13:00:00
1369.41,346,purchase,San Antonio,0,2025-02-03 14:00:00
679.43,348,purchase,Phoenix,0,2025-02-03 15:00:00
3849.72,254,purchase,Houston,0,2025-02-03 16:00:00
448.27,399,purchase,Phoenix,0,2025-02-03 17:00:00
909.71,334,purchase,San Antonio,0,2025-02-03 18:00:00
706.46,176,purchase,Phoenix,0,2025-02-03 19:00:00
4660.97,125,purchase,San Diego,0,2025-02-03 20:00:00
1334.82,763,purchase,San Antonio,0,2025-02-03 21:00:00
3077.41,398,refund,San Antonio,0,2025-02-03 22:00:00
248.25,131,purchase,Dallas,0,2025-02-03 23:00:00
1432.32,562,refund,San Diego,0,2025-02-04 00:00:00
2669.46,605,purchase,San Diego,0,2025-02-04 01:00:00
1190.68,892,purchase,Philadelphia,0,2025-02-04 02:00:00
3182.68,822,purchase,San Antonio,0,2025-02-04 03:00:00
653.74,902,purchase,San Diego,0,2025-02-04 04:00:00
4488.83,945,purchase,Phoenix,0,2025-02-04 05:00:00
10925.97,407,purchase,Austin,1,2025-02-04 06:00:00
762.93,732,refund,Los Angeles,0,2025-02-04 07:00:00
702.4,846,purchase,San Antonio,0,2025-02-04 08:00:00
4690.92,334,purchase,Austin,0,2025-02-04 09:00:00
5321.83,20,purchase,Chicago,0,2025-02-04 10:00:00
650.11,205,purchase,Austin,0,2025-02-04 11:00:00
720.4,603,purchase,San Diego,0,2025-02-04 12:00:00
827.34,956,purchase,Philadelphia,0,2025-02-04 13:00:00
285.87,355,refund,Houston,0,2025-02-04 14:00:00
437.62,173,purchase,Los Angeles,0,2025-02-04 15:00:00
401.76,189,purchase,San Antonio,0,2025-02-04 16:00:00
508.88,824,purchase,New York,0,2025-02-04 17:00:00
1059.25,2,refund,San Antonio,0,2025-02-04 18:00:00
1386.05,873,purchase,Austin,0,2025-02-04 19:00:00
5169.34,941,refund,Austin,0,2025-02-04 20:00:00
404.09,168,purchase,San Antonio,0,2025-02-04 21:00:00
2934.59,368,purchase,Austin,0,2025-02-04 22:00:00
885.37,536,purchase,Chicago,0,2025-02-04 23:00:00
1043.71,925,purchase,Houston,0,2025-02-05 00:00:00
2153.43,963,purchase,Houston,0,2025-02-05 01:00:00
356.84,877,purchase,Houston,0,2025-02-05 02:00:00
1607.46,580,purchase,Dallas,0,2025-02-05 03:00:00
1295.24,370,purchase,Philadelphia,0,2025-02-05 04:00:00
1794.45,706,purchase,Austin,0,2025-02-05 05:00:00
1464.35,596,refund,Dallas,0,2025-02-05 06:00:00
12775.7,950,purchase,Houston,0,2025-02-05 07:00:00
579.55,437,purchase,San Antonio,0,2025-02-05 08:00:00
644.84,207,purchase,Austin,0,2025-02-05 09:00:00
588.08,49,purchase,Dallas,0,2025-02-05 10:00:00
629.25,544,purchase,Austin,0,2025-02-05 11:00:00
579.76,829,purchase,Chicago,0,2025-02-05 12:00:00
3601.18,682,purchase,Chicago,0,2025-02-05 13:00:00
4539.19,129,purchase,Philadelphia,0,2025-02-05 14:00:00
619.71,447,purchase,San Diego,0,2025-02-05 15:00:00
477.06,614,purchase,New York,0,2025-02-05 16:00:00
1757.09,35,purchase,Houston,0,2025-02-05 17:00:00
631.3,819,refund,San Diego,0,2025-02-05 18:00:00
2065.1,199,purchase,Philadelphia,0,2025-02-05 19:00:00
1343.35,813,purchase,Los Angeles,0,2025-02-05 20:00:00
240.87,77,purchase,San Diego,0,2025-02-05 21:00:00
5153.88,369,purchase,New York,0,2025-02-05 22:00:00
6606.95,833,purchase,New York,0,2025-02-05 23:00:00
594.2,526,purchase,San Antonio,0,2025-02-06 00:00:00
744.19,349,refund,Austin,0,2025-02-06 01:00:00
1459.52,506,purchase,Chicago,0,2025-02-06 02:00:00
1532.2,643,refund,San Diego,0,2025-02-06 03:00:00
2118.67,238,purchase,Dallas,0,2025-02-06 04:00:00
8186.2,280,purchase,San Diego,0,2025-02-06 05:00:00
918.79,577,purchase,New York,0,2025-02-06 06:00:00
493.59,432,purchase,New York,0,2025-02-06 07:00:00
276.08,138,purchase,Philadelphia,0,2025-02-06 08:00:00
527.99,269,refund,New York,0,2025-02-06 09:00:00
1060.9,740,refund,San Diego,0,2025-02-06 10:00:00
6598.24,201,refund,Philadelphia,0,2025-02-06 11:00:00
653.53,142,purchase,Phoenix,0,2025-02-06 12:00:00
1371.68,612,refund,Philadelphia,0,2025-02-06 13:00:00
1078.77,650,purchase,Houston,0,2025-02-06 14:00:00
3598.94,680,refund,New York,0,2025-02-06 15:00:00
13724.43,919,purchase,San Antonio,0,2025-02-06 16:00:00
644.92,611,purchase,Austin,0,2025-02-06 17:00:00
672.2,823,refund,Dallas,0,2025-02-06 18:00:00
3115.55,831,refund,Houston,0,2025-02-06 19:00:00
2168.72,839,purchase,Houston,0,2025-02-06 20:00:00
6951.46,938,purchase,Dallas,0,2025-02-06 21:00:00
1966.34,355,purchase,Houston,0,2025-02-06 22:00:00
765.64,578,purchase,Austin,0,2025-02-06 23:00:00
1979.61,847,purchase,Houston,0,2025-02-07 00:00:00
3323.27,329,purchase,San Diego,0,2025-02-07 01:00:00
2491.11,559,purchase,Houston,0,2025-02-07 02:00:00
1821.24,849,purchase,Dallas,0,2025-02-07 03:00:00
3186.49,894,purchase,San Diego,0,2025-02-07 04:00:00
3530.86,231,purchase,Phoenix,0,2025-02-07 05:00:00
4368.43,308,purchase,Dallas,0,2025-02-07 06:00:00
2097.94,658,purchase,San Diego,0,2025-02-07 07:00:00
927.86,719,purchase,Austin,0,2025-02-07 08:00:00
1269.93,146,purchase,Houston,0,2025-02-07 09:00:00
3664.73,152,purchase,Houston,0,2025-02-07 10:00:00
484.47,791,purchase,New York,0,2025-02-07 11:00:00
1585.53,140,purchase,Houston,0,2025-02-07 12:00:00
740.01,663,purchase,San Diego,0,2025-02-07 13:00:00
1128.61,21,refund,Phoenix,0,2025-02-07 14:00:00
3938.09,254,purchase,Philadelphia,0,2025-02-07 15:00:00
1327.56,64,purchase,Houston,0,2025-02-07 16:00:00
1148.76,218,purchase,Phoenix,0,2025-02-07 17:00:00
281.5,72,purchase,Austin,0,2025-02-07 18:00:00
2312.89,990,purchase,San Diego,0,2025-02-07 19:00:00
2091.18,162,purchase,Dallas,0,2025-02-07 20:00:00
9540.06,130,purchase,Chicago,0,2025-02-07 21:00:00
806.11,581,purchase,Austin,0,2025-02-07 22:00:00
1365.33,927,purchase,Houston,0,2025-02-07 23:00:00
1407.24,225,purchase,New York,0,2025-02-08 00:00:00
5310.56,758,purchase,Phoenix,0,2025-02-08 01:00:00
996.95,580,refund,Houston,0,2025-02-08 02:00:00
1449.57,454,purchase,Philadelphia,0,2025-02-08 03:00:00
2014.04,983,purchase,Philadelphia,0,2025-02-08 04:00:00
1321.61,915,purchase,Austin,0,2025-02-08 05:00:00
701.74,384,refund,Philadelphia,0,2025-02-08 06:00:00
1331.54,107,purchase,Chicago,0,2025-02-08 07:00:00
3208.73,621,purchase,San Antonio,0,2025-02-08 08:00:00
392.87,840,purchase,Chicago,0,2025-02-08 09:00:00
1252.59,103,purchase,Philadelphia,0,2025-02-08 10:00:00
544.51,141,purchase,Austin,0,2025-02-08 11:00:00
3622.96,577,purchase,New York,0,2025-02-08 12:00:00
239.08,134,refund,San Diego,0,2025-02-08 13:00:00
627.08,199,refund,San Antonio,0,2025-02-08 14:00:00
1599.12,880,purchase,Dallas,0,2025-02-08 15:00:00
5247.59,510,refund,Chicago,0,2025-02-08 16:00:00
1026.85,667,purchase,San Diego,0,2025-02-08 17:00:00
629.42,79,purchase,Los Angeles,0,2025-02-08 18:00:00
7195.11,948,purchase,Dallas,0,2025-02-08 19:00:00
257.75,894,purchase,New York,0,2025-02-08 20:00:00
121.66,482,purchase,Austin,0,2025-02-08 21:00:00
1702.77,512,purchase,San Antonio,0,2025-02-08 22:00:00
663.78,250,purchase,Austin,0,2025-02-08 23:00:00
394.95,889,purchase,New York,0,2025-02-09 00:00:00
2226.88,599,refund,Philadelphia,0,2025-02-09 01:00:00
1399.4,816,purchase,New York,0,2025-02-09 02:00:00
623.86,753,refund,Houston,0,2025-02-09 03:00:00
304.81,600,purchase,San Antonio,0,2025-02-09 04:00:00
2624.01,975,refund,Los Angeles,0,2025-02-09 05:00:00
2101.07,483,purchase,Chicago,0,2025-02-09 06:00:00
993.09,836,purchase,Houston,0,2025-02-09 07:00:00
6950.97,172,refund,Philadelphia,0,2025-02-09 08:00:00
376.12,869,purchase,Dallas,0,2025-02-09 09:00:00
238.53,17,purchase,Houston,0,2025-02-09 10:00:00
549.0,735,purchase,Philadelphia,0,2025-02-09 11:00:00
1047.76,294,purchase,San Antonio,0,2025-02-09 12:00:00
1398.76,394,refund,Houston,0,2025-02-09 13:00:00
861.58,822,purchase,Philadelphia,0,2025-02-09 14:00:00
1559.4,498,refund,Chicago,0,2025-02-09 15:00:00
313.71,219,purchase,Phoenix,0,2025-02-09 16:00:00
4646.01,234,purchase,Austin,0,2025-02-09 17:00:00
1010.14,390,purchase,Houston,0,2025-02-09 18:00:00
3351.94,248,purchase,San Antonio,0,2025-02-09 19:00:00
1544.92,902,purchase,Philadelphia,0,2025-02-09 20:00:00
1731.52,52,purchase,San Antonio,0,2025-02-09 21:00:00
1938.69,15,purchase,Philadelphia,0,2025-02-09 22:00:00
1715.93,324,purchase,Los Angeles,0,2025-02-09 23:00:00
2085.41,441,purchase,San Antonio,0,2025-02-10 00:00:00
4142.91,112,purchase,San Diego,0,2025-02-10 01:00:00
1334.78,696,purchase,San Antonio,0,2025-02-10 02:00:00
2228.32,872,purchase,Houston,0,2025-02-10 03:00:00
1002.51,7,purchase,Houston,0,2025-02-10 04:00:00
4629.1,563,purchase,Phoenix,0,2025-02-10 05:00:00
557.58,826,purchase,Dallas,0,2025-02-10 06:00:00
6640.49,753,purchase,Phoenix,0,2025-02-10 07:00:00
1053.47,245,purchase,Los Angeles,0,2025-02-10 08:00:00
262.23,448,purchase,Phoenix,0,2025-02-10 09:00:00
1246.51,365,refund,Chicago,0,2025-02-10 10:00:00
554.99,367,purchase,Austin,0,2025-02-10 11:00:00
2541.84,922,purchase,San Diego,0,2025-02-10 12:00:00
570.99,698,purchase,Austin,0,2025-02-10 13:00:00
701.92,287,purchase,Austin,0,2025-02-10 14:00:00
165.75,962,purchase,Los Angeles,0,2025-02-10 15:00:00
697.63,604,purchase,Houston,0,2025-02-10 16:00:00
97.14,106,purchase,Phoenix,0,2025-02-10 17:00:00
225.0,13,purchase,Houston,0,2025-02-10 18:00:00
2345.88,146,purchase,Phoenix,0,2025-02-10 19:00:00
2406.19,478,purchase,Austin,0,2025-02-10 20:00:00
1678.17,631,purchase,Houston,0,2025-02-10 21:00:00
416.97,715,purchase,Chicago,0,2025-02-10 22:00:00
1045.54,653,purchase,New York,0,2025-02-10 23:00:00
1092.69,115,purchase,Houston,0,2025-02-11 00:00:00
344.34,509,purchase,Dallas,0,2025-02-11 01:00:00
4931.5,152,purchase,New York,0,2025-02-11 02:00:00
2636.91,57,purchase,San Antonio,0,2025-02-11 03:00:00
879.22,382,purchase,Chicago,0,2025-02-11 04:00:00
1126.52,157,purchase,San Diego,0,2025-02-11 05:00:00
1350.71,952,refund,Philadelphia,0,2025-02-11 06:00:00
142.35,822,purchase,New York,0,2025-02-11 07:00:00
856.47,133,purchase,Austin,0,2025-02-11 08:00:00
554.47,163,refund,Phoenix,0,2025-02-11 09:00:00
402.78,275,refund,San Diego,0,2025-02-11 10:00:00
827.91,695,purchase,Chicago,0,2025-02-11 11:00:00
6618.91,77,purchase,Houston,0,2025-02-11 12:00:00
2081.5,837,purchase,San Antonio,0,2025-02-11 13:00:00
619.44,44,purchase,Philadelphia,0,2025-02-11 14:00:00
1944.16,718,refund,San Antonio,0,2025-02-11 15:00:00
4444.2,550,purchase,Dallas,0,2025-02-11 16:00:00
2764.55,318,purchase,Dallas,0,2025-02-11 17:00:00
1164.01,534,purchase,Los Angeles,0,2025-02-11 18:00:00
574.25,585,refund,Chicago,0,2025-02-11 19:00:00
2204.43,753,refund,Houston,0,2025-02-11 20:00:00
1625.36,936,refund,Philadelphia,0,2025-02-11 21:00:00
2684.35,154,purchase,Phoenix,0,2025-02-11 22:00:00
2069.73,237,purchase,Philadelphia,0,2025-02-11 23:00:00
3132.39,893,purchase,San Diego,0,2025-02-12 00:00:00
642.11,517,purchase,Los Angeles,0,2025-02-12 01:00:00
4094.48,221,purchase,Philadelphia,0,2025-02-12 02:00:00
1336.22,310,purchase,Dallas,0,2025-02-12 03:00:00
8736.46,598,refund,Phoenix,0,2025-02-12 04:00:00
550.49,177,purchase,New York,0,2025-02-12 05:00:00
6222.73,771,purchase,San Diego,0,2025-02-12 06:00:00
1336.64,220,purchase,Houston,0,2025-02-12 07:00:00
571.68,38,purchase,San Diego,0,2025-02-12 08:00:00
675.95,654,refund,Houston,0,2025-02-12 09:00:00
796.04,431,purchase,San Diego,0,2025-02-12 10:00:00
1676.0,910,purchase,Dallas,0,2025-02-12 11:00:00
1849.8,747,purchase,Phoenix,0,2025-02-12 12:00:00
617.88,203,purchase,Phoenix,0,2025-02-12 13:00:00
1070.25,841,purchase,Los Angeles,0,2025-02-12 14:00:00
9341.95,806,purchase,Dallas,0,2025-02-12 15:00:00
6170.55,448,purchase,Houston,0,2025-02-12 16:00:00
1696.5,495,purchase,Chicago,0,2025-02-12 17:00:00
1139.11,684,refund,Los Angeles,0,2025-02-12 18:00:00
1236.49,125,purchase,Chicago,0,2025-02-12 19:00:00
2025.39,838,purchase,Houston,0,2025-02-12 20:00:00
394.34,65,refund,Dallas,0,2025-02-12 21:00:00
847.78,793,purchase,Philadelphia,0,2025-02-12 22:00:00
206.73,784,purchase,Austin,0,2025-02-12 23:00:00
1634.71,244,purchase,Phoenix,0,2025-02-13 00:00:00
2094.76,527,purchase,Dallas,0,2025-02-13 01:00:00
676.42,226,refund,San Diego,0,2025-02-13 02:00:00
5292.19,465,purchase,Philadelphia,0,2025-02-13 03:00:00
321.9,643,refund,Chicago,0,2025-02-13 04:00:00
253.57,707,purchase,San Antonio,0,2025-02-13 05:00:00
1372.59,293,purchase,Austin,0,2025-02-13 06:00:00
3124.71,721,refund,Philadelphia,0,2025-02-13 07:00:00
5907.2,951,purchase,San Diego,0,2025-02-13 08:00:00
693.06,381,refund,Philadelphia,0,2025-02-13 09:00:00
3224.98,625,purchase,Austin,0,2025-02-13 10:00:00
1055.21,756,purchase,Houston,0,2025-02-13 11:00:00
922.76,166,refund,Austin,0,2025-02-13 12:00:00
2653.57,703,purchase,San Antonio,0,2025-02-13 13:00:00
2105.53,769,refund,San Antonio,0,2025-02-13 14:00:00
226.7,839,refund,San Diego,0,2025-02-13 15:00:00
4800.81,218,refund,Los Angeles,0,2025-02-13 16:00:00
4359.41,871,purchase,Philadelphia,0,2025-02-13 17:00:00
586.66,275,purchase,Chicago,0,2025-02-13 18:00:00
1629.13,52,refund,San Diego,0,2025-02-13 19:00:00
1797.28,374,purchase,Houston,0,2025-02-13 20:00:00
1423.22,670,purchase,Houston,0,2025-02-13 21:00:00
632.51,363,refund,Los Angeles,0,2025-02-13 22:00:00
560.25,567,purchase,Philadelphia,0,2025-02-13 23:00:00
1068.96,14,refund,Philadelphia,0,2025-02-14 00:00:00
3543.0,781,purchase,New York,0,2025-02-14 01:00:00
1888.62,340,purchase,San Diego,0,2025-02-14 02:00:00
757.02,602,purchase,Chicago,0,2025-02-14 03:00:00
2372.5,539,purchase,New York,0,2025-02-14 04:00:00
63.53,89,purchase,Austin,0,2025-02-14 05:00:00
3459.11,905,purchase,New York,0,2025-02-14 06:00:00
192.54,41,refund,New York,0,2025-02-14 07:00:00
763.23,304,purchase,Phoenix,0,2025-02-14 08:00:00
357.93,268,purchase,Phoenix,0,2025-02-14 09:00:00
300.46,138,purchase,New York,0,2025-02-14 10:00:00
3501.08,6,purchase,Phoenix,0,2025-02-14 11:00:00
686.98,242,purchase,San Antonio,0,2025-02-14 12:00:00
1550.77,162,purchase,Phoenix,0,2025-02-14 13:00:00
1046.37,692,purchase,Dallas,0,2025-02-14 14:00:00
1767.0,809,purchase,Houston,0,2025-02-14 15:00:00
1184.2,979,purchase,Dallas,0,2025-02-14 16:00:00
303.99,518,purchase,San Diego,0,2025-02-14 17:00:00
2969.85,898,purchase,New York,0,2025-02-14 18:00:00
669.31,783,purchase,Houston,0,2025-02-14 19:00:00
231.23,401,purchase,San Antonio,0,2025-02-14 20:00:00
714.72,784,purchase,New York,0,2025-02-14 21:00:00
4918.5,156,purchase,San Diego,0,2025-02-14 22:00:00
2566.3,85,purchase,Los Angeles,0,2025-02-14 23:00:00
773.83,712,refund,San Diego,0,2025-02-15 00:00:00
773.36,10,refund,Houston,0,2025-02-15 01:00:00
795.02,138,purchase,San Diego,0,2025-02-15 02:00:00
8749.47,754,refund,New York,0,2025-02-15 03:00:00
1606.7,906,purchase,Phoenix,0,2025-02-15 04:00:00
1685.88,713,purchase,Dallas,0,2025-02-15 05:00:00
3072.61,156,purchase,San Antonio,0,2025-02-15 06:00:00
1392.41,408,purchase,Chicago,0,2025-02-15 07:00:00
846.37,787,purchase,Houston,0,2025-02-15 08:00:00
901.13,225,purchase,Austin,0,2025-02-15 09:00:00
1020.86,580,purchase,San Antonio,0,2025-02-15 10:00:00
1056.56,184,purchase,Philadelphia,0,2025-02-15 11:00:00
2270.21,195,purchase,Houston,0,2025-02-15 12:00:00
1155.1,554,purchase,Chicago,0,2025-02-15 13:00:00
2281.62,396,refund,Los Angeles,1,2025-02-15 14:00:00
1011.59,914,purchase,Austin,0,2025-02-15 15:00:00
1186.35,663,purchase,Dallas,0,2025-02-15 16:00:00
148.68,596,purchase,Chicago,0,2025-02-15 17:00:00
2741.68,134,purchase,San Antonio,0,2025-02-15 18:00:00
1550.74,309,purchase,New York,0,2025-02-15 19:00:00
2975.03,866,purchase,San Diego,0,2025-02-15 20:00:00
60.57,810,purchase,New York,0,2025-02-15 21:00:00
8851.79,962,purchase,Los Angeles,0,2025-02-15 22:00:00
953.76,542,purchase,New York,0,2025-02-15 23:00:00
3321.54,9,purchase,Houston,0,2025-02-16 00:00:00
387.65,987,purchase,Los Angeles,0,2025-02-16 01:00:00
2023.88,170,purchase,New York,0,2025-02-16 02:00:00
382.44,290,purchase,New York,0,2025-02-16 03:00:00
587.71,168,refund,Los Angeles,0,2025-02-16 04:00:00
7435.58,344,purchase,Philadelphia,0,2025-02-16 05:00:00
906.25,497,purchase,Los Angeles,0,2025-02-16 06:00:00
1362.99,145,purchase,Los Angeles,0,2025-02-16 07:00:00
2617.74,413,purchase,San Diego,0,2025-02-16 08:00:00
1800.25,740,purchase,Phoenix,0,2025-02-16 09:00:00
1274.64,818,purchase,San Diego,0,2025-02-16 10:00:00
1579.65,588,purchase,San Diego,0,2025-02-16 11:00:00
12129.74,735,purchase,Los Angeles,0,2025-02-16 12:00:00
1035.23,689,purchase,San Antonio,0,2025-02-16 13:00:00
1340.9,457,refund,Dallas,0,2025-02-16 14:00:00
3135.85,701,purchase,San Diego,0,2025-02-16 15:00:00
3312.72,979,purchase,Dallas,0,2025-02-16 16:00:00
3594.03,302,purchase,San Diego,0,2025-02-16 17:00:00
2077.1,46,purchase,Houston,0,2025-02-16 18:00:00
349.67,894,purchase,Austin,0,2025-02-16 19:00:00
5616.32,17,purchase,San Antonio,0,2025-02-16 20:00:00
348.51,578,refund,Dallas,0,2025-02-16 21:00:00
1484.21,360,purchase,Dallas,0,2025-02-16 22:00:00
515.8,261,purchase,Houston,0,2025-02-16 23:00:00
1028.51,123,purchase,San Antonio,0,2025-02-17 00:00:00
1523.5,231,purchase,Philadelphia,0,2025-02-17 01:00:00
1512.26,950,purchase,Chicago,0,2025-02-17 02:00:00
1672.24,637,purchase,Austin,0,2025-02-17 03:00:00
5506.65,112,purchase,Philadelphia,0,2025-02-17 04:00:00
1725.95,784,purchase,San Diego,0,2025-02-17 05:00:00
859.06,593,purchase,Los Angeles,0,2025-02-17 06:00:00
2875.8,246,purchase,Chicago,0,2025-02-17 07:00:00
3602.81,859,purchase,San Diego,0,2025-02-17 08:00:00
321.31,391,refund,Houston,0,2025-02-17 09:00:00
1993.01,392,purchase,Houston,0,2025-02-17 10:00:00
2210.94,328,purchase,Los Angeles,0,2025-02-17 11:00:00
814.39,215,purchase,Austin,0,2025-02-17 12:00:00
4340.34,864,purchase,New York,0,2025-02-17 13:00:00
943.83,747,purchase,San Antonio,0,2025-02-17 14:00:00
1243.36,367,refund,Houston,0,2025-02-17 15:00:00
922.35,82,purchase,Philadelphia,0,2025-02-17 16:00:00
1113.85,806,purchase,San Diego,0,2025-02-17 17:00:00
366.4,822,purchase,San Antonio,0,2025-02-17 18:00:00
259.81,76,purchase,San Antonio,0,2025-02-17 19:00:00
5401.89,527,purchase,Philadelphia,0,2025-02-17 20:00:00
470.14,732,refund,Houston,0,2025-02-17 21:00:00
406.92,503,purchase,Houston,0,2025-02-17 22:00:00
127.31,742,refund,Dallas,0,2025-02-17 23:00:00
578.85,946,purchase,Phoenix,0,2025-02-18 00:00:00
292.05,952,purchase,Dallas,0,2025-02-18 01:00:00
5664.73,479,purchase,Dallas,0,2025-02-18 02:00:00
3010.37,372,purchase,Houston,0,2025-02-18 03:00:00
551.06,265,refund,Los Angeles,0,2025-02-18 04:00:00
10429.94,264,purchase,Los Angeles,0,2025-02-18 05:00:00
2927.09,110,refund,Dallas,0,2025-02-18 06:00:00
792.48,915,purchase,Dallas,0,2025-02-18 07:00:00
90.07,307,purchase,Chicago,0,2025-02-18 08:00:00
10839.4,200,refund,Phoenix,0,2025-02-18 09:00:00
273.26,226,purchase,Phoenix,0,2025-02-18 10:00:00
211.58,185,purchase,Los Angeles,0,2025-02-18 11:00:00
3049.0,964,purchase,Los Angeles,0,2025-02-18 12:00:00
12578.6,31,refund,Austin,0,2025-02-18 13:00:00
4377.67,614,purchase,New York,0,2025-02-18 14:00:00
1927.37,771,purchase,Los Angeles,0,2025-02-18 15:00:00
1987.74,99,purchase,San Antonio,0,2025-02-18 16:00:00
2574.51,339,purchase,New York,0,2025-02-18 17:00:00
2342.39,811,purchase,New York,0,2025-02-18 18:00:00
1452.72,797,purchase,Dallas,0,2025-02-18 19:00:00
1217.07,266,purchase,Los Angeles,0,2025-02-18 20:00:00
1030.1,652,purchase,Houston,0,2025-02-18 21:00:00
515.96,814,purchase,Chicago,0,2025-02-18 22:00:00
828.26,798,purchase,Houston,0,2025-02-18 23:00:00
201.75,350,purchase,San Antonio,0,2025-02-19 00:00:00
993.92,978,purchase,Austin,0,2025-02-19 01:00:00
408.06,728,purchase,Los Angeles,0,2025-02-19 02:00:00
363.73,544,purchase,Los Angeles,0,2025-02-19 03:00:00
1312.77,457,purchase,Dallas,0,2025-02-19 04:00:00
4411.64,815,refund,Philadelphia,0,2025-02-19 05:00:00
2747.14,88,purchase,San Antonio,0,2025-02-19 06:00:00
228.04,63,purchase,Phoenix,0,2025-02-19 07:00:00
407.63,922,purchase,Phoenix,0,2025-02-19 08:00:00
2809.53,387,purchase,Houston,0,2025-02-19 09:00:00
410.56,791,refund,San Diego,0,2025-02-19 10:00:00
876.0,459,purchase,San Antonio,0,2025-02-19 11:00:00
1900.84,586,purchase,Austin,0,2025-02-19 12:00:00
416.4,818,purchase,Los Angeles,0,2025-02-19 13:00:00
1218.5,932,purchase,Los Angeles,0,2025-02-19 14:00:00
288.87,636,purchase,Philadelphia,0,2025-02-19 15:00:00
601.02,269,refund,New York,0,2025-02-19 16:00:00
1509.87,894,purchase,San Antonio,0,2025-02-19 17:00:00
222.96,797,purchase,San Diego,0,2025-02-19 18:00:00
1703.56,934,purchase,Austin,0,2025-02-19 19:00:00
1075.31,973,purchase,San Diego,0,2025-02-19 20:00:00
1905.48,633,purchase,Chicago,0,2025-02-19 21:00:00
1371.85,346,refund,San Antonio,0,2025-02-19 22:00:00
4290.42,724,purchase,New York,0,2025-02-19 23:00:00
1242.93,901,purchase,Chicago,0,2025-02-20 00:00:00
713.79,660,purchase,Philadelphia,0,2025-02-20 01:00:00
1239.29,78,purchase,Dallas,0,2025-02-20 02:00:00
1888.05,365,purchase,Phoenix,0,2025-02-20 03:00:00
1151.55,14,purchase,Phoenix,0,2025-02-20 04:00:00
1142.06,136,purchase,Dallas,0,2025-02-20 05:00:00
543.49,304,purchase,Dallas,0,2025-02-20 06:00:00
565.15,397,purchase,Philadelphia,0,2025-02-20 07:00:00
269.72,792,purchase,Phoenix,0,2025-02-20 08:00:00
6308.02,79,purchase,Austin,0,2025-02-20 09:00:00
316.12,755,purchase,Los Angeles,0,2025-02-20 10:00:00
548.45,705,purchase,San Diego,0,2025-02-20 11:00:00
534.64,982,purchase,San Diego,0,2025-02-20 12:00:00
2683.63,418,purchase,San Antonio,0,2025-02-20 13:00:00
816.52,242,purchase,San Diego,0,2025-02-20 14:00:00
3818.99,51,purchase,Chicago,0,2025-02-20 15:00:00
559.2,744,purchase,Chicago,0,2025-02-20 16:00:00
1449.53,771,purchase,Los Angeles,1,2025-02-20 17:00:00
475.64,384,purchase,New York,1,2025-02-20 18:00:00
9368.88,375,purchase,Chicago,0,2025-02-20 19:00:00
334.42,730,purchase,Chicago,0,2025-02-20 20:00:00
1494.91,206,purchase,San Antonio,0,2025-02-20 21:00:00
2066.84,826,purchase,Austin,0,2025-02-20 22:00:00
1658.72,489,purchase,Dallas,0,2025-02-20 23:00:00
911.15,381,purchase,New York,1,2025-02-21 00:00:00
963.12,968,purchase,San Diego,0,2025-02-21 01:00:00
1145.75,881,purchase,New York,0,2025-02-21 02:00:00
946.71,311,refund,Chicago,0,2025-02-21 03:00:00
2875.2,375,purchase,Houston,0,2025-02-21 04:00:00
10001.83,632,refund,San Diego,1,2025-02-21 05:00:00
627.98,592,purchase,New York,0,2025-02-21 06:00:00
278.72,42,purchase,Los Angeles,0,2025-02-21 07:00:00
1003.97,533,purchase,Phoenix,0,2025-02-21 08:00:00
14468.21,522,purchase,Philadelphia,0,2025-02-21 09:00:00
490.94,825,purchase,Phoenix,0,2025-02-21 10:00:00
5648.34,153,purchase,Chicago,0,2025-02-21 11:00:00
5870.53,312,refund,Austin,0,2025-02-21 12:00:00
630.44,294,purchase,San Antonio,0,2025-02-21 13:00:00
1937.17,598,refund,New York,0,2025-02-21 14:00:00
5588.11,113,purchase,Los Angeles,0,2025-02-21 15:00:00
750.6,701,purchase,Dallas,0,2025-02-21 16:00:00
894.64,112,purchase,Houston,1,2025-02-21 17:00:00
612.97,175,purchase,San Diego,0,2025-02-21 18:00:00
397.52,822,purchase,Dallas,0,2025-02-21 19:00:00
572.91,302,refund,San Antonio,0,2025-02-21 20:00:00
322.49,964,purchase,New York,0,2025-02-21 21:00:00
1134.65,516,purchase,Phoenix,0,2025-02-21 22:00:00
507.77,734,purchase,Philadelphia,0,2025-02-21 23:00:00
1385.46,962,purchase,San Diego,0,2025-02-22 00:00:00
231.39,221,purchase,Austin,0,2025-02-22 01:00:00
1526.73,171,purchase,San Diego,0,2025-02-22 02:00:00
2523.82,318,purchase,Dallas,0,2025-02-22 03:00:00
149.35,996,purchase,Dallas,0,2025-02-22 04:00:00
1594.09,213,purchase,Houston,0,2025-02-22 05:00:00
3743.1,253,purchase,Philadelphia,0,2025-02-22 06:00:00
327.13,124,purchase,Chicago,0,2025-02-22 07:00:00
5840.5,640,purchase,New York,0,2025-02-22 08:00:00
1667.4,213,purchase,Philadelphia,0,2025-02-22 09:00:00
541.85,624,refund,New York,0,2025-02-22 10:00:00
1037.15,85,refund,Dallas,0,2025-02-22 11:00:00
1916.64,516,purchase,Philadelphia,0,2025-02-22 12:00:00
1183.23,65,refund,New York,0,2025-02-22 13:00:00
1879.49,318,purchase,Chicago,0,2025-02-22 14:00:00
436.73,346,purchase,New York,0,2025-02-22 15:00:00
1299.01,632,purchase,Los Angeles,0,2025-02-22 16:00:00
266.74,243,refund,Philadelphia,0,2025-02-22 17:00:00
981.2,898,purchase,San Antonio,0,2025-02-22 18:00:00
444.12,137,purchase,New York,0,2025-02-22 19:00:00
525.56,247,refund,Austin,0,2025-02-22 20:00:00
3774.76,441,purchase,Phoenix,0,2025-02-22 21:00:00
3265.96,45,purchase,Philadelphia,0,2025-02-22 22:00:00
2016.54,658,purchase,Houston,0,2025-02-22 23:00:00
367.85,880,purchase,Philadelphia,0,2025-02-23 00:00:00
799.18,688,purchase,Phoenix,0,2025-02-23 01:00:00
3688.95,554,purchase,San Antonio,0,2025-02-23 02:00:00
1263.6,809,purchase,Houston,0,2025-02-23 03:00:00
11151.5,971,purchase,New York,0,2025-02-23 04:00:00
1625.09,89,purchase,Los Angeles,0,2025-02-23 05:00:00
1328.82,730,purchase,Philadelphia,0,2025-02-23 06:00:00
805.03,954,purchase,Austin,0,2025-02-23 07:00:00
1253.31,228,purchase,Los Angeles,0,2025-02-23 08:00:00
941.55,810,purchase,Phoenix,0,2025-02-23 09:00:00
2226.33,291,refund,Houston,0,2025-02-23 10:00:00
2854.64,422,purchase,San Antonio,0,2025-02-23 11:00:00
499.7,67,purchase,Houston,0,2025-02-23 12:00:00
289.68,251,refund,San Antonio,0,2025-02-23 13:00:00
174.83,41,purchase,San Diego,0,2025-02-23 14:00:00
1822.55,99,purchase,San Antonio,0,2025-02-23 15:00:00
363.81,306,purchase,Los Angeles,0,2025-02-23 16:00:00
127.37,872,purchase,New York,0,2025-02-23 17:00:00
1617.41,854,refund,Phoenix,0,2025-02-23 18:00:00
13266.53,456,purchase,San Antonio,0,2025-02-23 19:00:00
1090.0,591,purchase,New York,0,2025-02-23 20:00:00
2536.37,301,refund,San Diego,0,2025-02-23 21:00:00
1190.14,199,purchase,Chicago,0,2025-02-23 22:00:00
993.38,659,purchase,San Antonio,0,2025-02-23 23:00:00
2749.23,488,purchase,Chicago,0,2025-02-24 00:00:00
820.35,106,purchase,Houston,0,2025-02-24 01:00:00
1432.81,401,purchase,San Diego,0,2025-02-24 02:00:00
1512.77,705,purchase,Los Angeles,0,2025-02-24 03:00:00
562.23,477,purchase,Philadelphia,0,2025-02-24 04:00:00
2957.33,122,purchase,Austin,0,2025-02-24 05:00:00
920.61,77,purchase,Dallas,0,2025-02-24 06:00:00
515.05,312,purchase,Austin,0,2025-02-24 07:00:00
1875.27,112,purchase,Dallas,0,2025-02-24 08:00:00
446.54,861,purchase,Phoenix,0,2025-02-24 09:00:00
1127.98,809,refund,Chicago,0,2025-02-24 10:00:00
1086.68,682,purchase,Philadelphia,0,2025-02-24 11:00:00
3248.33,518,purchase,Dallas,0,2025-02-24 12:00:00
1762.87,197,purchase,Philadelphia,0,2025-02-24 13:00:00
1069.53,98,purchase,Houston,0,2025-02-24 14:00:00
2484.35,459,purchase,Phoenix,0,2025-02-24 15:00:00
4403.73,841,purchase,San Antonio,0,2025-02-24 16:00:00
1915.65,230,purchase,Austin,0,2025-02-24 17:00:00
1108.05,168,refund,Chicago,0,2025-02-24 18:00:00
295.35,809,purchase,Dallas,0,2025-02-24 19:00:00
378.0,777,purchase,New York,0,2025-02-24 20:00:00
808.17,8,purchase,San Diego,0,2025-02-24 21:00:00
596.15,172,purchase,Phoenix,0,2025-02-24 22:00:00
909.62,954,purchase,Austin,0,2025-02-24 23:00:00
1160.55,360,purchase,Dallas,0,2025-02-25 00:00:00
1862.53,195,purchase,Los Angeles,0,2025-02-25 01:00:00
1021.98,269,purchase,New York,0,2025-02-25 02:00:00
1783.8,19,purchase,Austin,0,2025-02-25 03:00:00
1169.67,354,purchase,San Antonio,0,2025-02-25 04:00:00
152.1,864,purchase,Austin,0,2025-02-25 05:00:00
428.66,49,purchase,Dallas,0,2025-02-25 06:00:00
949.48,464,purchase,Phoenix,0,2025-02-25 07:00:00
327.11,356,purchase,Houston,0,2025-02-25 08:00:00
1998.05,850,refund,Houston,0,2025-02-25 09:00:00
5068.25,974,purchase,San Diego,0,2025-02-25 10:00:00
3709.91,158,purchase,New York,0,2025-02-25 11:00:00
885.86,66,refund,New York,0,2025-02-25 12:00:00
4869.4,973,purchase,San Diego,0,2025-02-25 13:00:00
1272.41,859,refund,Los Angeles,0,2025-02-25 14:00:00
782.83,571,purchase,Austin,0,2025-02-25 15:00:00
593.83,821,purchase,Philadelphia,0,2025-02-25 16:00:00
810.4,308,purchase,Los Angeles,0,2025-02-25 17:00:00
743.84,337,purchase,Phoenix,0,2025-02-25 18:00:00
1300.39,671,purchase,Chicago,0,2025-02-25 19:00:00
1287.65,783,purchase,San Antonio,0,2025-02-25 20:00:00
1099.98,121,purchase,Dallas,0,2025-02-25 21:00:00
1697.54,766,purchase,Los Angeles,0,2025-02-25 22:00:00
3607.05,404,purchase,San Antonio,0,2025-02-25 23:00:00
2834.31,773,refund,San Diego,0,2025-02-26 00:00:00
248.42,647,refund,Austin,0,2025-02-26 01:00:00
85.29,786,refund,San Diego,0,2025-02-26 02:00:00
2791.46,568,purchase,San Antonio,0,2025-02-26 03:00:00
279.53,843,purchase,Houston,0,2025-02-26 04:00:00
875.88,96,purchase,Houston,0,2025-02-26 05:00:00
340.32,114,purchase,Austin,0,2025-02-26 06:00:00
180.91,987,purchase,Dallas,0,2025-02-26 07:00:00
1884.58,986,purchase,Austin,0,2025-02-26 08:00:00
2342.92,869,refund,Dallas,0,2025-02-26 09:00:00
616.15,429,purchase,Phoenix,0,2025-02-26 10:00:00
82.18,540,refund,San Antonio,0,2025-02-26 11:00:00
635.08,818,purchase,San Antonio,0,2025-02-26 12:00:00
1622.63,2,purchase,Dallas,0,2025-02-26 13:00:00
249.91,212,purchase,San Antonio,0,2025-02-26 14:00:00
1317.33,580,purchase,San Diego,0,2025-02-26 15:00:00
1079.97,640,refund,San Antonio,0,2025-02-26 16:00:00
1957.24,333,purchase,Houston,0,2025-02-26 17:00:00
1235.93,24,purchase,Los Angeles,0,2025-02-26 18:00:00
414.44,765,purchase,Chicago,0,2025-02-26 19:00:00
3628.49,368,purchase,San Antonio,0,2025-02-26 20:00:00
935.86,742,purchase,Dallas,0,2025-02-26 21:00:00
1067.1,506,purchase,Los Angeles,0,2025-02-26 22:00:00
431.27,1000,purchase,San Antonio,0,2025-02-26 23:00:00
703.96,176,purchase,Houston,0,2025-02-27 00:00:00
452.69,429,purchase,San Antonio,0,2025-02-27 01:00:00
922.47,887,purchase,Phoenix,0,2025-02-27 02:00:00
6073.61,733,purchase,San Antonio,0,2025-02-27 03:00:00
278.13,442,purchase,Philadelphia,0,2025-02-27 04:00:00
218.42,548,purchase,Los Angeles,0,2025-02-27 05:00:00
4775.1,514,purchase,San Antonio,0,2025-02-27 06:00:00
889.51,895,purchase,Phoenix,0,2025-02-27 07:00:00
561.68,361,purchase,Dallas,0,2025-02-27 08:00:00
3102.32,274,refund,New York,0,2025-02-27 09:00:00
598.47,177,purchase,New York,0,2025-02-27 10:00:00
6809.06,264,purchase,Los Angeles,0,2025-02-27 11:00:00
2160.13,186,purchase,San Diego,0,2025-02-27 12:00:00
673.23,527,purchase,Dallas,0,2025-02-27 13:00:00
9483.5,913,purchase,San Antonio,0,2025-02-27 14:00:00
598.42,279,purchase,New York,0,2025-02-27 15:00:00
2303.29,706,purchase,San Antonio,0,2025-02-27 16:00:00
1479.25,198,purchase,San Diego,0,2025-02-27 17:00:00
4030.89,349,purchase,San Antonio,0,2025-02-27 18:00:00
5226.57,923,purchase,Phoenix,0,2025-02-27 19:00:00
1132.3,421,refund,San Antonio,0,2025-02-27 20:00:00
516.25,305,refund,Austin,0,2025-02-27 21:00:00
1737.1,64,refund,Los Angeles,0,2025-02-27 22:00:00
556.84,290,purchase,Dallas,0,2025-02-27 23:00:00
8212.29,18,purchase,Los Angeles,0,2025-02-28 00:00:00
1257.07,64,purchase,Los Angeles,0,2025-02-28 01:00:00
761.03,874,purchase,Phoenix,0,2025-02-28 02:00:00
1319.07,330,purchase,San Diego,0,2025-02-28 03:00:00
285.11,870,purchase,Philadelphia,0,2025-02-28 04:00:00
415.04,763,refund,Dallas,0,2025-02-28 05:00:00
3642.46,940,purchase,Philadelphia,0,2025-02-28 06:00:00
568.56,17,purchase,Phoenix,0,2025-02-28 07:00:00
384.94,443,purchase,New York,0,2025-02-28 08:00:00
1875.54,141,refund,San Diego,0,2025-02-28 09:00:00
3589.27,308,purchase,Chicago,0,2025-02-28 10:00:00
2250.6,444,purchase,Los Angeles,0,2025-02-28 11:00:00
2969.2,496,purchase,San Antonio,0,2025-02-28 12:00:00
514.5,426,purchase,Los Angeles,0,2025-02-28 13:00:00
264.59,475,purchase,New York,0,2025-02-28 14:00:00
4921.33,832,purchase,Los Angeles,0,2025-02-28 15:00:00
794.19,245,refund,Philadelphia,0,2025-02-28 16:00:00
853.35,450,purchase,Los Angeles,1,2025-02-28 17:00:00
4138.94,802,purchase,New York,0,2025-02-28 18:00:00
1912.62,351,purchase,New York,0,2025-02-28 19:00:00
1730.02,599,refund,Houston,0,2025-02-28 20:00:00
9556.74,711,refund,San Diego,0,2025-02-28 21:00:00
576.22,870,purchase,Philadelphia,0,2025-02-28 22:00:00
2773.43,960,refund,Houston,0,2025-02-28 23:00:00
1160.97,161,purchase,Philadelphia,0,2025-03-01 00:00:00
1434.53,140,purchase,Philadelphia,0,2025-03-01 01:00:00
5056.7,493,purchase,Dallas,0,2025-03-01 02:00:00
1822.27,588,purchase,Houston,0,2025-03-01 03:00:00
1878.63,531,purchase,Philadelphia,0,2025-03-01 04:00:00
3205.13,393,purchase,Austin,0,2025-03-01 05:00:00
761.32,842,refund,New York,0,2025-03-01 06:00:00
473.8,401,purchase,San Antonio,0,2025-03-01 07:00:00
385.75,50,purchase,San Antonio,0,2025-03-01 08:00:00
153.49,744,purchase,New York,0,2025-03-01 09:00:00
8571.58,295,purchase,San Diego,0,2025-03-01 10:00:00
363.87,425,refund,Phoenix,0,2025-03-01 11:00:00
878.97,906,purchase,Dallas,0,2025-03-01 12:00:00
831.46,12,refund,San Diego,0,2025-03-01 13:00:00
1491.3,335,purchase,Chicago,0,2025-03-01 14:00:00
2479.31,991,purchase,New York,0,2025-03-01 15:00:00
2592.75,15,purchase,Chicago,0,2025-03-01 16:00:00
612.12,28,purchase,Los Angeles,0,2025-03-01 17:00:00
927.86,388,purchase,Los Angeles,0,2025-03-01 18:00:00
1454.74,292,purchase,Houston,0,2025-03-01 19:00:00
855.18,887,purchase,Los Angeles,0,2025-03-01 20:00:00
5471.71,833,purchase,San Diego,0,2025-03-01 21:00:00
1791.8,250,purchase,Phoenix,0,2025-03-01 22:00:00
2286.73,505,purchase,New York,0,2025-03-01 23:00:00
2127.88,98,purchase,Philadelphia,0,2025-03-02 00:00:00
3545.64,815,purchase,San Antonio,0,2025-03-02 01:00:00
1314.25,337,purchase,New York,0,2025-03-02 02:00:00
299.82,39,purchase,Chicago,0,2025-03-02 03:00:00
1635.47,38,refund,Dallas,0,2025-03-02 04:00:00
571.72,300,refund,San Antonio,0,2025-03-02 05:00:00
646.38,179,purchase,Houston,0,2025-03-02 06:00:00
1971.13,609,purchase,Philadelphia,0,2025-03-02 07:00:00
3783.04,892,purchase,Philadelphia,0,2025-03-02 08:00:00
1120.21,469,purchase,Chicago,0,2025-03-02 09:00:00
1493.43,282,refund,Los Angeles,0,2025-03-02 10:00:00
6016.22,750,refund,Phoenix,0,2025-03-02 11:00:00
1395.14,164,refund,San Diego,0,2025-03-02 12:00:00
14789.65,453,purchase,Chicago,1,2025-03-02 13:00:00
1930.45,97,refund,Phoenix,0,2025-03-02 14:00:00
188.53,769,purchase,Chicago,0,2025-03-02 15:00:00
2329.34,309,purchase,San Antonio,0,2025-03-02 16:00:00
1605.45,262,purchase,Philadelphia,0,2025-03-02 17:00:00
3982.85,293,purchase,Philadelphia,0,2025-03-02 18:00:00
2149.91,770,purchase,New York,0,2025-03-02 19:00:00
954.84,249,purchase,Los Angeles,0,2025-03-02 20:00:00
322.37,245,purchase,Philadelphia,0,2025-03-02 21:00:00
889.78,251,refund,San Diego,0,2025-03-02 22:00:00
468.47,123,purchase,Phoenix,0,2025-03-02 23:00:00
613.68,325,purchase,Los Angeles,0,2025-03-03 00:00:00
1975.5,986,purchase,Phoenix,0,2025-03-03 01:00:00
5824.94,681,purchase,Dallas,0,2025-03-03 02:00:00
1627.29,947,refund,Philadelphia,0,2025-03-03 03:00:00
331.66,501,purchase,Phoenix,0,2025-03-03 04:00:00
1710.61,687,purchase,Austin,0,2025-03-03 05:00:00
3628.71,781,refund,Philadelphia,0,2025-03-03 06:00:00
595.99,716,refund,Dallas,0,2025-03-03 07:00:00
959.09,837,purchase,San Antonio,0,2025-03-03 08:00:00
1112.86,66,purchase,Austin,0,2025-03-03 09:00:00
500.25,827,purchase,Chicago,0,2025-03-03 10:00:00
2097.04,836,purchase,Austin,0,2025-03-03 11:00:00
971.7,59,purchase,Austin,0,2025-03-03 12:00:00
1668.25,731,refund,Phoenix,0,2025-03-03 13:00:00
451.47,498,purchase,Houston,0,2025-03-03 14:00:00
708.07,373,purchase,Phoenix,0,2025-03-03 15:00:00
2258.33,266,purchase,San Diego,0,2025-03-03 16:00:00
755.34,653,purchase,Philadelphia,0,2025-03-03 17:00:00
6166.98,236,refund,Houston,0,2025-03-03 18:00:00
735.36,898,purchase,Phoenix,0,2025-03-03 19:00:00
1372.91,218,purchase,San Antonio,0,2025-03-03 20:00:00
2786.64,527,purchase,San Diego,0,2025-03-03 21:00:00
265.51,814,purchase,Phoenix,0,2025-03-03 22:00:00
188.52,441,refund,Los Angeles,0,2025-03-03 23:00:00
238.49,650,purchase,Philadelphia,0,2025-03-04 00:00:00
3876.1,406,purchase,Dallas,0,2025-03-04 01:00:00
631.53,744,purchase,Chicago,0,2025-03-04 02:00:00
14160.32,601,purchase,San Antonio,1,2025-03-04 03:00:00
623.75,975,purchase,San Diego,0,2025-03-04 04:00:00
1318.9,589,purchase,Philadelphia,0,2025-03-04 05:00:00
5126.15,648,refund,Chicago,0,2025-03-04 06:00:00
8152.61,917,purchase,New York,0,2025-03-04 07:00:00
8617.1,469,purchase,Chicago,0,2025-03-04 08:00:00
3671.54,918,refund,Philadelphia,0,2025-03-04 09:00:00
3053.56,110,purchase,Houston,0,2025-03-04 10:00:00
1983.32,353,purchase,New York,0,2025-03-04 11:00:00
2388.36,813,refund,Philadelphia,0,2025-03-04 12:00:00
631.95,91,purchase,New York,0,2025-03-04 13:00:00
483.86,936,purchase,San Diego,0,2025-03-04 14:00:00
1092.94,882,purchase,Chicago,0,2025-03-04 15:00:00
925.02,918,purchase,Chicago,0,2025-03-04 16:00:00
696.99,414,purchase,New York,0,2025-03-04 17:00:00
2200.38,702,purchase,Chicago,0,2025-03-04 18:00:00
2850.66,73,purchase,San Antonio,0,2025-03-04 19:00:00
1198.0,685,refund,Austin,0,2025-03-04 20:00:00
4805.57,547,purchase,San Diego,0,2025-03-04 21:00:00
350.13,722,purchase,San Diego,0,2025-03-04 22:00:00
903.56,298,purchase,Chicago,0,2025-03-04 23:00:00
535.49,645,purchase,Phoenix,0,2025-03-05 00:00:00
169.6,283,purchase,New York,0,2025-03-05 01:00:00
1009.61,505,refund,Dallas,0,2025-03-05 02:00:00
970.93,198,purchase,San Diego,0,2025-03-05 03:00:00
4981.32,958,purchase,Austin,0,2025-03-05 04:00:00
2060.72,32,purchase,Los Angeles,0,2025-03-05 05:00:00
393.79,648,purchase,Austin,0,2025-03-05 06:00:00
7002.99,760,purchase,New York,0,2025-03-05 07:00:00
3718.34,871,purchase,Houston,0,2025-03-05 08:00:00
1962.74,341,refund,Dallas,0,2025-03-05 09:00:00
874.38,658,purchase,San Diego,0,2025-03-05 10:00:00
420.13,334,refund,Chicago,0,2025-03-05 11:00:00
755.81,143,refund,Austin,0,2025-03-05 12:00:00
3257.61,746,refund,Philadelphia,0,2025-03-05 13:00:00
7219.83,410,purchase,Dallas,0,2025-03-05 14:00:00
5131.96,949,refund,Austin,0,2025-03-05 15:00:00
672.6,44,purchase,San Diego,0,2025-03-05 16:00:00
357.95,32,purchase,Austin,0,2025-03-05 17:00:00
1262.55,743,purchase,Phoenix,0,2025-03-05 18:00:00
187.08,28,refund,Dallas,0,2025-03-05 19:00:00
1515.0,423,purchase,Dallas,0,2025-03-05 20:00:00
946.15,491,purchase,Chicago,0,2025-03-05 21:00:00
688.12,160,purchase,San Diego,0,2025-03-05 22:00:00
222.58,845,purchase,Houston,0,2025-03-05 23:00:00
1832.8,207,purchase,Austin,0,2025-03-06 00:00:00
643.74,18,refund,San Antonio,0,2025-03-06 01:00:00
340.39,103,purchase,Austin,0,2025-03-06 02:00:00
62.04,582,refund,San Diego,0,2025-03-06 03:00:00
1066.87,631,purchase,San Antonio,0,2025-03-06 04:00:00
6452.68,651,refund,Phoenix,0,2025-03-06 05:00:00
5774.8,672,purchase,New York,0,2025-03-06 06:00:00
694.3,232,purchase,San Diego,0,2025-03-06 07:00:00
600.52,660,purchase,Phoenix,0,2025-03-06 08:00:00
1752.46,865,purchase,Chicago,0,2025-03-06 09:00:00
404.08,424,purchase,Los Angeles,0,2025-03-06 10:00:00
1482.95,904,purchase,Chicago,0,2025-03-06 11:00:00
2359.21,755,purchase,Dallas,0,2025-03-06 12:00:00
3740.35,547,purchase,Los Angeles,0,2025-03-06 13:00:00
992.12,837,purchase,Austin,0,2025-03-06 14:00:00
894.55,894,purchase,New York,0,2025-03-06 15:00:00
455.78,867,purchase,Los Angeles,0,2025-03-06 16:00:00
479.68,239,purchase,Los Angeles,0,2025-03-06 17:00:00
874.39,334,purchase,Phoenix,0,2025-03-06 18:00:00
1583.46,149,refund,New York,0,2025-03-06 19:00:00
2734.17,623,purchase,Austin,0,2025-03-06 20:00:00
491.19,408,purchase,San Diego,0,2025-03-06 21:00:00
4878.97,17,purchase,Los Angeles,0,2025-03-06 22:00:00
836.21,914,purchase,Philadelphia,0,2025-03-06 23:00:00
1073.45,226,purchase,Phoenix,0,2025-03-07 00:00:00
519.46,652,purchase,Los Angeles,0,2025-03-07 01:00:00
97.1,656,purchase,Austin,0,2025-03-07 02:00:00
2654.59,260,refund,New York,0,2025-03-07 03:00:00
2291.23,729,purchase,Philadelphia,0,2025-03-07 04:00:00
827.72,674,purchase,Philadelphia,0,2025-03-07 05:00:00
1172.61,604,purchase,Chicago,0,2025-03-07 06:00:00
1837.09,174,refund,San Diego,0,2025-03-07 07:00:00
229.86,843,purchase,Dallas,0,2025-03-07 08:00:00
646.1,205,purchase,Chicago,0,2025-03-07 09:00:00
2426.64,415,purchase,Dallas,0,2025-03-07 10:00:00
312.85,508,purchase,San Diego,0,2025-03-07 11:00:00
1470.79,153,refund,Phoenix,0,2025-03-07 12:00:00
282.43,103,purchase,Philadelphia,0,2025-03-07 13:00:00
1748.35,714,purchase,New York,0,2025-03-07 14:00:00
1058.24,792,purchase,Phoenix,0,2025-03-07 15:00:00
218.08,65,purchase,Austin,0,2025-03-07 16:00:00
3514.81,117,purchase,Austin,0,2025-03-07 17:00:00
526.06,665,purchase,San Antonio,0,2025-03-07 18:00:00
487.72,156,purchase,New York,0,2025-03-07 19:00:00
1340.19,676,purchase,Austin,0,2025-03-07 20:00:00
3458.66,82,purchase,Dallas,0,2025-03-07 21:00:00
397.1,518,purchase,San Antonio,0,2025-03-07 22:00:00
1166.4,834,purchase,Houston,0,2025-03-07 23:00:00
1683.81,67,purchase,Houston,1,2025-03-08 00:00:00
2193.18,238,purchase,Austin,0,2025-03-08 01:00:00
1308.24,584,purchase,San Antonio,0,2025-03-08 02:00:00
759.74,607,purchase,Philadelphia,0,2025-03-08 03:00:00
479.34,816,refund,Chicago,0,2025-03-08 04:00:00
1195.29,979,purchase,Dallas,0,2025-03-08 05:00:00
375.35,326,refund,Philadelphia,0,2025-03-08 06:00:00
59.07,590,refund,Los Angeles,0,2025-03-08 07:00:00
1696.9,67,purchase,Austin,0,2025-03-08 08:00:00
2707.92,176,purchase,Los Angeles,0,2025-03-08 09:00:00
103.24,833,purchase,New York,0,2025-03-08 10:00:00
399.52,684,purchase,Phoenix,0,2025-03-08 11:00:00
2036.84,478,refund,Austin,0,2025-03-08 12:00:00
8582.63,255,purchase,Philadelphia,0,2025-03-08 13:00:00
1119.67,63,purchase,Chicago,0,2025-03-08 14:00:00
529.53,814,purchase,Houston,0,2025-03-08 15:00:00
913.34,403,refund,Phoenix,0,2025-03-08 16:00:00
4336.73,758,purchase,Houston,0,2025-03-08 17:00:00
574.81,192,purchase,Dallas,0,2025-03-08 18:00:00
493.15,979,purchase,Chicago,0,2025-03-08 19:00:00
676.72,329,purchase,Phoenix,0,2025-03-08 20:00:00
422.7,71,purchase,San Antonio,0,2025-03-08 21:00:00
1239.76,878,purchase,San Antonio,0,2025-03-08 22:00:00
5567.37,741,purchase,Philadelphia,0,2025-03-08 23:00:00
1514.86,946,purchase,Dallas,0,2025-03-09 00:00:00
852.05,63,purchase,San Antonio,0,2025-03-09 01:00:00
819.09,297,purchase,Houston,0,2025-03-09 02:00:00
229.71,245,purchase,Austin,0,2025-03-09 03:00:00
2652.11,519,purchase,Dallas,0,2025-03-09 04:00:00
1014.51,393,purchase,Philadelphia,0,2025-03-09 05:00:00
915.55,772,purchase,New York,0,2025-03-09 06:00:00
26718.4,601,purchase,Dallas,0,2025-03-09 07:00:00
1478.46,177,purchase,San Antonio,0,2025-03-09 08:00:00
517.09,204,purchase,Philadelphia,0,2025-03-09 09:00:00
715.97,646,purchase,Philadelphia,0,2025-03-09 10:00:00
3458.0,594,purchase,Houston,0,2025-03-09 11:00:00
1228.16,1000,purchase,Houston,0,2025-03-09 12:00:00
260.27,533,purchase,Chicago,0,2025-03-09 13:00:00
2749.65,911,purchase,San Diego,0,2025-03-09 14:00:00
562.2,128,refund,San Diego,0,2025-03-09 15:00:00
7138.78,195,purchase,Los Angeles,0,2025-03-09 16:00:00
3229.39,194,purchase,Phoenix,0,2025-03-09 17:00:00
701.12,184,refund,Dallas,0,2025-03-09 18:00:00
3948.21,247,purchase,Dallas,0,2025-03-09 19:00:00
1173.63,873,refund,San Antonio,0,2025-03-09 20:00:00
2572.86,872,purchase,Houston,0,2025-03-09 21:00:00
1780.65,324,purchase,Houston,0,2025-03-09 22:00:00
470.43,160,purchase,Austin,0,2025-03-09 23:00:00
576.2,706,purchase,San Antonio,0,2025-03-10 00:00:00
3071.62,622,purchase,Chicago,0,2025-03-10 01:00:00
784.64,925,purchase,Chicago,0,2025-03-10 02:00:00
732.42,66,purchase,Phoenix,0,2025-03-10 03:00:00
421.95,930,refund,Philadelphia,0,2025-03-10 04:00:00
1675.05,254,purchase,San Diego,0,2025-03-10 05:00:00
8625.9,283,purchase,New York,0,2025-03-10 06:00:00
377.08,60,purchase,San Antonio,0,2025-03-10 07:00:00
1123.52,118,purchase,San Diego,0,2025-03-10 08:00:00
4501.75,423,purchase,Phoenix,0,2025-03-10 09:00:00
1012.68,556,purchase,Austin,0,2025-03-10 10:00:00
1723.95,998,purchase,Los Angeles,0,2025-03-10 11:00:00
379.03,722,purchase,Houston,0,2025-03-10 12:00:00
1682.96,36,refund,Philadelphia,0,2025-03-10 13:00:00
909.46,531,purchase,Dallas,0,2025-03-10 14:00:00
2938.72,91,purchase,Los Angeles,0,2025-03-10 15:00:00
3595.31,301,purchase,Houston,0,2025-03-10 16:00:00
14611.49,724,purchase,Austin,1,2025-03-10 17:00:00
1957.91,917,purchase,Phoenix,0,2025-03-10 18:00:00
1518.98,919,purchase,San Diego,0,2025-03-10 19:00:00
1331.93,734,refund,San Diego,0,2025-03-10 20:00:00
770.34,217,purchase,Los Angeles,0,2025-03-10 21:00:00
1538.38,735,purchase,Philadelphia,0,2025-03-10 22:00:00
816.15,923,purchase,Philadelphia,0,2025-03-10 23:00:00
1297.85,98,purchase,Phoenix,0,2025-03-11 00:00:00
4095.31,456,purchase,San Diego,0,2025-03-11 01:00:00
400.8,531,purchase,Austin,0,2025-03-11 02:00:00
3428.5,809,purchase,Los Angeles,0,2025-03-11 03:00:00
4093.33,538,purchase,Los Angeles,0,2025-03-11 04:00:00
974.51,28,purchase,San Antonio,0,2025-03-11 05:00:00
131.39,576,purchase,Dallas,0,2025-03-11 06:00:00
597.16,324,purchase,Chicago,0,2025-03-11 07:00:00
4011.8,223,purchase,San Antonio,0,2025-03-11 08:00:00
1071.84,80,purchase,Chicago,0,2025-03-11 09:00:00
403.71,563,purchase,Philadelphia,0,2025-03-11 10:00:00
661.97,458,purchase,Chicago,0,2025-03-11 11:00:00
2541.78,614,purchase,New York,0,2025-03-11 12:00:00
1894.54,176,purchase,Philadelphia,0,2025-03-11 13:00:00
863.56,522,refund,Chicago,0,2025-03-11 14:00:00
759.89,749,purchase,New York,0,2025-03-11 15:00:00
741.18,457,refund,Phoenix,0,2025-03-11 16:00:00
435.98,423,purchase,San Diego,0,2025-03-11 17:00:00
5515.82,100,purchase,San Diego,0,2025-03-11 18:00:00
794.47,890,purchase,San Diego,0,2025-03-11 19:00:00
3703.96,740,purchase,Chicago,0,2025-03-11 20:00:00
5020.66,403,refund,San Diego,0,2025-03-11 21:00:00
2975.93,576,purchase,Houston,0,2025-03-11 22:00:00
712.21,380,purchase,San Diego,0,2025-03-11 23:00:00
1642.1,531,purchase,Chicago,0,2025-03-12 00:00:00
1070.42,332,purchase,Chicago,0,2025-03-12 01:00:00
444.21,318,purchase,New York,0,2025-03-12 02:00:00
1516.8,653,purchase,San Diego,0,2025-03-12 03:00:00
337.3,537,purchase,San Diego,0,2025-03-12 04:00:00
3596.37,740,refund,Dallas,0,2025-03-12 05:00:00
689.1,89,purchase,Philadelphia,0,2025-03-12 06:00:00
1340.98,604,purchase,Los Angeles,0,2025-03-12 07:00:00
1455.77,511,purchase,New York,0,2025-03-12 08:00:00
846.49,42,refund,San Diego,0,2025-03-12 09:00:00
1971.78,885,purchase,Austin,0,2025-03-12 10:00:00
682.05,807,purchase,Houston,0,2025-03-12 11:00:00
2620.96,926,refund,San Antonio,0,2025-03-12 12:00:00
285.44,389,purchase,Austin,0,2025-03-12 13:00:00
1244.36,81,purchase,Houston,0,2025-03-12 14:00:00
7623.03,402,purchase,New York,0,2025-03-12 15:00:00
403.3,107,refund,San Diego,0,2025-03-12 16:00:00
556.83,111,refund,Austin,0,2025-03-12 17:00:00
1833.36,277,purchase,Dallas,0,2025-03-12 18:00:00
1312.36,214,purchase,Austin,0,2025-03-12 19:00:00
1557.18,743,purchase,Dallas,0,2025-03-12 20:00:00
1788.6,818,purchase,Dallas,0,2025-03-12 21:00:00
2068.79,506,refund,Houston,0,2025-03-12 22:00:00
3326.58,121,refund,Dallas,0,2025-03-12 23:00:00
1652.13,134,purchase,Houston,0,2025-03-13 00:00:00
861.56,818,purchase,Los Angeles,0,2025-03-13 01:00:00
2148.6,720,purchase,Austin,0,2025-03-13 02:00:00
7331.11,962,purchase,Chicago,0,2025-03-13 03:00:00
960.42,371,purchase,Los Angeles,0,2025-03-13 04:00:00
413.84,257,purchase,New York,0,2025-03-13 05:00:00
3317.88,697,purchase,Philadelphia,0,2025-03-13 06:00:00
972.26,798,purchase,Houston,0,2025-03-13 07:00:00
124.88,954,purchase,San Antonio,0,2025-03-13 08:00:00
2559.13,875,refund,San Antonio,0,2025-03-13 09:00:00
642.05,180,refund,Austin,0,2025-03-13 10:00:00
1001.71,933,purchase,New York,0,2025-03-13 11:00:00
1528.41,48,purchase,Dallas,0,2025-03-13 12:00:00
1326.77,599,purchase,San Diego,0,2025-03-13 13:00:00
2229.32,897,refund,Austin,0,2025-03-13 14:00:00
709.47,19,purchase,New York,0,2025-03-13 15:00:00
1831.89,46,purchase,San Diego,0,2025-03-13 16:00:00
845.94,451,purchase,Phoenix,0,2025-03-13 17:00:00
2295.74,898,purchase,New York,0,2025-03-13 18:00:00
2029.14,56,purchase,Houston,0,2025-03-13 19:00:00
430.33,741,purchase,San Antonio,0,2025-03-13 20:00:00
3248.61,657,purchase,Phoenix,0,2025-03-13 21:00:00
641.65,92,refund,Chicago,0,2025-03-13 22:00:00
2460.35,82,purchase,Houston,0,2025-03-13 23:00:00
1583.33,737,purchase,Los Angeles,0,2025-03-14 00:00:00
6892.46,79,purchase,San Diego,0,2025-03-14 01:00:00
877.02,662,purchase,Los Angeles,0,2025-03-14 02:00:00
773.31,873,purchase,Philadelphia,0,2025-03-14 03:00:00
1075.54,283,purchase,San Antonio,0,2025-03-14 04:00:00
809.83,311,purchase,San Antonio,0,2025-03-14 05:00:00
2440.46,997,refund,New York,0,2025-03-14 06:00:00
217.82,160,purchase,San Diego,0,2025-03-14 07:00:00
382.34,316,purchase,Dallas,0,2025-03-14 08:00:00
376.98,877,purchase,San Antonio,0,2025-03-14 09:00:00
2836.45,979,purchase,San Diego,0,2025-03-14 10:00:00
6066.96,668,refund,Houston,0,2025-03-14 11:00:00
987.87,156,purchase,San Diego,0,2025-03-14 12:00:00
926.28,888,purchase,Chicago,0,2025-03-14 13:00:00
1176.21,714,purchase,New York,0,2025-03-14 14:00:00
3504.76,468,purchase,San Diego,0,2025-03-14 15:00:00
433.83,921,purchase,Philadelphia,0,2025-03-14 16:00:00
1391.82,853,purchase,Dallas,0,2025-03-14 17:00:00
2907.93,462,refund,Chicago,0,2025-03-14 18:00:00
1810.02,854,purchase,San Diego,0,2025-03-14 19:00:00
1325.55,117,purchase,Dallas,0,2025-03-14 20:00:00
2984.08,666,purchase,Dallas,0,2025-03-14 21:00:00
73.46,364,refund,San Antonio,0,2025-03-14 22:00:00
2160.03,843,purchase,Austin,0,2025-03-14 23:00:00
570.16,631,purchase,Chicago,0,2025-03-15 00:00:00
175.8,711,purchase,Chicago,0,2025-03-15 01:00:00
1828.41,913,refund,Los Angeles,0,2025-03-15 02:00:00
4331.45,466,purchase,New York,0,2025-03-15 03:00:00
955.8,775,purchase,Los Angeles,0,2025-03-15 04:00:00
2843.74,184,purchase,Phoenix,0,2025-03-15 05:00:00
5498.76,960,refund,New York,0,2025-03-15 06:00:00
4084.34,660,purchase,Austin,0,2025-03-15 07:00:00
5653.13,166,refund,Houston,0,2025-03-15 08:00:00
2303.37,75,purchase,Austin,0,2025-03-15 09:00:00
1182.56,748,purchase,Austin,0,2025-03-15 10:00:00
220.97,826,purchase,New York,0,2025-03-15 11:00:00
857.43,272,purchase,Austin,0,2025-03-15 12:00:00
471.89,691,purchase,San Diego,0,2025-03-15 13:00:00
9613.68,503,purchase,Phoenix,0,2025-03-15 14:00:00
919.76,795,purchase,Austin,0,2025-03-15 15:00:00
1240.42,563,purchase,Houston,0,2025-03-15 16:00:00
1903.57,587,purchase,Chicago,0,2025-03-15 17:00:00
1145.51,656,purchase,Dallas,0,2025-03-15 18:00:00
5973.28,343,refund,Philadelphia,0,2025-03-15 19:00:00
588.37,700,purchase,New York,0,2025-03-15 20:00:00
1332.23,635,purchase,San Diego,0,2025-03-15 21:00:00
521.93,844,purchase,Austin,0,2025-03-15 22:00:00
292.94,251,purchase,Los Angeles,0,2025-03-15 23:00:00
594.8,808,purchase,Dallas,0,2025-03-16 00:00:00
1056.76,835,refund,San Antonio,0,2025-03-16 01:00:00
713.87,130,purchase,Chicago,0,2025-03-16 02:00:00
548.71,764,purchase,Houston,0,2025-03-16 03:00:00
268.72,358,purchase,Chicago,0,2025-03-16 04:00:00
1009.18,944,purchase,Philadelphia,0,2025-03-16 05:00:00
243.54,692,purchase,Dallas,0,2025-03-16 06:00:00
2345.04,408,purchase,Austin,0,2025-03-16 07:00:00
1190.87,861,purchase,Dallas,0,2025-03-16 08:00:00
255.3,495,purchase,New York,0,2025-03-16 09:00:00
804.96,622,purchase,Austin,0,2025-03-16 10:00:00
516.9,482,purchase,Philadelphia,0,2025-03-16 11:00:00
1508.96,980,purchase,New York,0,2025-03-16 12:00:00
4189.98,850,purchase,Houston,0,2025-03-16 13:00:00
168.15,78,purchase,San Antonio,0,2025-03-16 14:00:00
1230.32,978,purchase,Houston,0,2025-03-16 15:00:00
934.37,514,purchase,Dallas,0,2025-03-16 16:00:00
2145.96,321,refund,Austin,0,2025-03-16 17:00:00
1357.22,788,purchase,Phoenix,0,2025-03-16 18:00:00
516.99,290,purchase,Dallas,0,2025-03-16 19:00:00
797.07,297,purchase,New York,0,2025-03-16 20:00:00
494.71,681,purchase,Houston,0,2025-03-16 21:00:00
3216.37,752,purchase,San Antonio,0,2025-03-16 22:00:00
1120.26,971,purchase,Los Angeles,0,2025-03-16 23:00:00
7340.71,475,purchase,Dallas,0,2025-03-17 00:00:00
1032.09,23,purchase,Chicago,0,2025-03-17 01:00:00
540.01,806,refund,Houston,0,2025-03-17 02:00:00
241.36,172,purchase,Houston,0,2025-03-17 03:00:00
180.7,835,purchase,San Diego,0,2025-03-17 04:00:00
224.95,318,purchase,Los Angeles,0,2025-03-17 05:00:00
1432.43,908,purchase,Phoenix,0,2025-03-17 06:00:00
1823.89,798,purchase,Los Angeles,0,2025-03-17 07:00:00
225.61,991,purchase,Philadelphia,0,2025-03-17 08:00:00
2683.93,855,purchase,Dallas,0,2025-03-17 09:00:00
676.5,193,refund,Dallas,0,2025-03-17 10:00:00
1270.03,681,purchase,New York,0,2025-03-17 11:00:00
5498.45,916,refund,Houston,0,2025-03-17 12:00:00
2688.77,118,purchase,Houston,0,2025-03-17 13:00:00
838.38,6,purchase,New York,0,2025-03-17 14:00:00
449.8,843,purchase,Austin,0,2025-03-17 15:00:00
127.51,483,purchase,Los Angeles,0,2025-03-17 16:00:00
534.24,132,purchase,Philadelphia,0,2025-03-17 17:00:00
887.91,93,purchase,Austin,0,2025-03-17 18:00:00
408.63,763,purchase,Chicago,0,2025-03-17 19:00:00
961.74,522,purchase,Dallas,0,2025-03-17 20:00:00
1184.23,563,purchase,Chicago,0,2025-03-17 21:00:00
875.81,861,purchase,Chicago,0,2025-03-17 22:00:00
572.49,294,purchase,Dallas,0,2025-03-17 23:00:00
1298.1,641,purchase,Chicago,0,2025-03-18 00:00:00
1706.06,1000,purchase,Philadelphia,0,2025-03-18 01:00:00
368.56,392,purchase,Philadelphia,0,2025-03-18 02:00:00
4495.95,249,purchase,New York,0,2025-03-18 03:00:00
993.68,614,purchase,San Antonio,0,2025-03-18 04:00:00
1117.5,849,purchase,Dallas,0,2025-03-18 05:00:00
2226.56,595,purchase,Dallas,0,2025-03-18 06:00:00
1384.67,703,purchase,Dallas,0,2025-03-18 07:00:00
2844.48,417,purchase,Los Angeles,0,2025-03-18 08:00:00
1461.36,143,purchase,New York,0,2025-03-18 09:00:00
594.41,237,purchase,Philadelphia,0,2025-03-18 10:00:00
1574.2,287,purchase,Philadelphia,0,2025-03-18 11:00:00
349.42,277,purchase,Houston,0,2025-03-18 12:00:00
1222.39,387,purchase,San Diego,0,2025-03-18 13:00:00
1060.79,382,refund,Phoenix,0,2025-03-18 14:00:00
890.59,450,purchase,San Antonio,0,2025-03-18 15:00:00
964.36,291,purchase,Dallas,0,2025-03-18 16:00:00
167.03,169,purchase,New York,0,2025-03-18 17:00:00
633.51,443,purchase,Dallas,0,2025-03-18 18:00:00
1203.33,656,purchase,Houston,0,2025-03-18 19:00:00
1286.73,184,purchase,San Antonio,0,2025-03-18 20:00:00
392.42,45,purchase,Houston,0,2025-03-18 21:00:00
3888.22,755,purchase,Houston,0,2025-03-18 22:00:00
461.2,827,refund,Houston,0,2025-03-18 23:00:00
2891.29,946,purchase,Philadelphia,0,2025-03-19 00:00:00
1681.08,981,purchase,Phoenix,0,2025-03-19 01:00:00
574.66,268,purchase,Los Angeles,0,2025-03-19 02:00:00
6472.46,476,refund,Dallas,0,2025-03-19 03:00:00
332.41,253,purchase,Philadelphia,0,2025-03-19 04:00:00
2749.44,396,purchase,Austin,0,2025-03-19 05:00:00
2982.69,289,purchase,Philadelphia,0,2025-03-19 06:00:00
560.81,212,purchase,Dallas,0,2025-03-19 07:00:00
4413.69,1000,purchase,New York,0,2025-03-19 08:00:00
854.02,689,purchase,San Antonio,0,2025-03-19 09:00:00
1463.66,21,purchase,Chicago,0,2025-03-19 10:00:00
1422.71,316,purchase,Houston,0,2025-03-19 11:00:00
958.81,564,purchase,New York,0,2025-03-19 12:00:00
2467.12,438,purchase,Chicago,0,2025-03-19 13:00:00
2424.76,423,purchase,San Antonio,0,2025-03-19 14:00:00
190.85,233,refund,Philadelphia,0,2025-03-19 15:00:00
4041.37,945,refund,New York,0,2025-03-19 16:00:00
207.99,123,purchase,Dallas,0,2025-03-19 17:00:00
3079.57,874,refund,Houston,0,2025-03-19 18:00:00
3383.63,960,purchase,San Antonio,0,2025-03-19 19:00:00
368.35,612,purchase,Houston,0,2025-03-19 20:00:00
727.19,214,purchase,San Antonio,0,2025-03-19 21:00:00
362.96,922,purchase,Phoenix,0,2025-03-19 22:00:00
884.55,839,purchase,New York,0,2025-03-19 23:00:00
805.9,647,purchase,Houston,0,2025-03-20 00:00:00
2391.46,968,purchase,Chicago,0,2025-03-20 01:00:00
4065.57,830,purchase,Philadelphia,0,2025-03-20 02:00:00
4427.91,730,refund,Philadelphia,0,2025-03-20 03:00:00
625.05,600,refund,New York,0,2025-03-20 04:00:00
889.61,792,purchase,Los Angeles,0,2025-03-20 05:00:00
203.68,40,purchase,Los Angeles,0,2025-03-20 06:00:00
489.87,752,purchase,Austin,0,2025-03-20 07:00:00
2878.0,332,purchase,Houston,0,2025-03-20 08:00:00
5516.96,943,purchase,Dallas,0,2025-03-20 09:00:00
319.15,648,purchase,Los Angeles,0,2025-03-20 10:00:00
606.4,182,purchase,San Diego,0,2025-03-20 11:00:00
1068.05,265,purchase,New York,0,2025-03-20 12:00:00
1451.22,771,refund,San Diego,0,2025-03-20 13:00:00
488.04,694,purchase,Chicago,0,2025-03-20 14:00:00
1675.83,533,purchase,Phoenix,0,2025-03-20 15:00:00
682.77,863,purchase,New York,0,2025-03-20 16:00:00
1080.9,432,refund,New York,0,2025-03-20 17:00:00
1893.69,943,purchase,Philadelphia,0,2025-03-20 18:00:00
1103.7,984,purchase,Chicago,0,2025-03-20 19:00:00
708.83,196,purchase,San Diego,0,2025-03-20 20:00:00
982.78,724,purchase,Houston,0,2025-03-20 21:00:00
1003.89,509,purchase,Philadelphia,0,2025-03-20 22:00:00
757.47,447,purchase,Austin,0,2025-03-20 23:00:00
846.58,528,purchase,Dallas,0,2025-03-21 00:00:00
5424.32,202,purchase,San Diego,0,2025-03-21 01:00:00
1921.61,875,purchase,Houston,0,2025-03-21 02:00:00
816.09,730,purchase,Austin,0,2025-03-21 03:00:00
2201.63,605,purchase,San Diego,0,2025-03-21 04:00:00
785.39,133,purchase,San Antonio,0,2025-03-21 05:00:00
3544.4,139,purchase,Phoenix,0,2025-03-21 06:00:00
1587.07,669,purchase,San Antonio,0,2025-03-21 07:00:00
985.06,493,purchase,San Antonio,0,2025-03-21 08:00:00
1715.94,847,purchase,Austin,0,2025-03-21 09:00:00
227.95,70,purchase,Los Angeles,0,2025-03-21 10:00:00
355.4,816,purchase,San Antonio,0,2025-03-21 11:00:00
332.31,15,purchase,Chicago,0,2025-03-21 12:00:00
1265.15,747,purchase,San Diego,0,2025-03-21 13:00:00
6201.3,212,refund,San Diego,0,2025-03-21 14:00:00
10211.81,802,purchase,Dallas,0,2025-03-21 15:00:00
2075.69,60,purchase,Houston,0,2025-03-21 16:00:00
1809.57,252,purchase,Austin,0,2025-03-21 17:00:00
181.08,446,purchase,Chicago,0,2025-03-21 18:00:00
637.35,2,purchase,Dallas,0,2025-03-21 19:00:00
498.81,748,purchase,Dallas,0,2025-03-21 20:00:00
589.43,336,purchase,Los Angeles,0,2025-03-21 21:00:00
926.91,19,purchase,Philadelphia,0,2025-03-21 22:00:00
683.97,994,purchase,Chicago,0,2025-03-21 23:00:00
151.52,561,purchase,Phoenix,0,2025-03-22 00:00:00
2316.73,78,purchase,Los Angeles,0,2025-03-22 01:00:00
375.12,472,purchase,Houston,0,2025-03-22 02:00:00
1393.04,28,purchase,Chicago,0,2025-03-22 03:00:00
8726.18,560,refund,Los Angeles,0,2025-03-22 04:00:00
437.3,608,purchase,Philadelphia,0,2025-03-22 05:00:00
87.33,165,purchase,Chicago,0,2025-03-22 06:00:00
823.86,458,purchase,Houston,0,2025-03-22 07:00:00
3297.63,945,purchase,Philadelphia,0,2025-03-22 08:00:00
7772.5,877,purchase,Phoenix,0,2025-03-22 09:00:00
320.68,176,purchase,Houston,0,2025-03-22 10:00:00
1802.08,585,purchase,Houston,0,2025-03-22 11:00:00
688.62,984,purchase,Los Angeles,0,2025-03-22 12:00:00
986.39,868,purchase,Austin,0,2025-03-22 13:00:00
15434.23,29,purchase,Houston,0,2025-03-22 14:00:00
243.97,956,purchase,San Diego,0,2025-03-22 15:00:00
1413.38,669,purchase,Phoenix,0,2025-03-22 16:00:00
1750.56,826,purchase,Austin,0,2025-03-22 17:00:00
3247.97,816,purchase,Austin,0,2025-03-22 18:00:00
1209.53,279,purchase,San Diego,0,2025-03-22 19:00:00
1492.27,283,purchase,Philadelphia,0,2025-03-22 20:00:00
741.26,479,purchase,Austin,0,2025-03-22 21:00:00
1435.3,519,purchase,Phoenix,0,2025-03-22 22:00:00
778.06,305,purchase,Houston,0,2025-03-22 23:00:00
2041.77,694,purchase,Austin,0,2025-03-23 00:00:00
757.78,109,purchase,Dallas,0,2025-03-23 01:00:00
1598.95,324,purchase,Austin,0,2025-03-23 02:00:00
1065.01,206,purchase,Phoenix,0,2025-03-23 03:00:00
3381.42,234,purchase,Austin,0,2025-03-23 04:00:00
1041.7,938,purchase,Philadelphia,0,2025-03-23 05:00:00
186.23,458,refund,San Antonio,0,2025-03-23 06:00:00
3873.53,187,purchase,New York,0,2025-03-23 07:00:00
443.31,940,refund,Dallas,0,2025-03-23 08:00:00
570.34,482,purchase,San Diego,0,2025-03-23 09:00:00
604.46,922,refund,Phoenix,0,2025-03-23 10:00:00
4334.83,407,purchase,Chicago,0,2025-03-23 11:00:00
129.58,841,refund,Phoenix,0,2025-03-23 12:00:00
25279.49,509,purchase,Phoenix,0,2025-03-23 13:00:00
3152.83,869,purchase,Dallas,0,2025-03-23 14:00:00
1370.92,520,purchase,San Antonio,0,2025-03-23 15:00:00
1038.06,53,refund,Los Angeles,0,2025-03-23 16:00:00
1459.07,398,purchase,Phoenix,0,2025-03-23 17:00:00
1846.64,199,purchase,Dallas,0,2025-03-23 18:00:00
2090.62,391,purchase,Los Angeles,0,2025-03-23 19:00:00
1911.43,649,purchase,San Diego,0,2025-03-23 20:00:00
1199.4,771,purchase,Chicago,0,2025-03-23 21:00:00
900.24,846,purchase,Houston,0,2025-03-23 22:00:00
942.68,913,refund,Los Angeles,0,2025-03-23 23:00:00
902.43,498,refund,Dallas,0,2025-03-24 00:00:00
3407.62,172,purchase,Philadelphia,0,2025-03-24 01:00:00
1985.36,86,purchase,Dallas,0,2025-03-24 02:00:00
57.95,558,purchase,San Diego,0,2025-03-24 03:00:00
2113.08,858,purchase,Dallas,0,2025-03-24 04:00:00
1332.4,186,purchase,Phoenix,0,2025-03-24 05:00:00
1076.31,156,purchase,Philadelphia,0,2025-03-24 06:00:00
743.58,493,purchase,San Antonio,0,2025-03-24 07:00:00
3374.87,910,refund,Phoenix,0,2025-03-24 08:00:00
2828.57,521,refund,New York,0,2025-03-24 09:00:00
506.3,627,purchase,Dallas,0,2025-03-24 10:00:00
1647.56,666,refund,Los Angeles,0,2025-03-24 11:00:00
415.03,130,purchase,San Antonio,0,2025-03-24 12:00:00
275.99,843,purchase,San Diego,0,2025-03-24 13:00:00
585.98,81,purchase,San Diego,1,2025-03-24 14:00:00
2597.73,384,purchase,New York,0,2025-03-24 15:00:00
2844.45,802,purchase,Austin,0,2025-03-24 16:00:00
1831.86,659,purchase,San Antonio,0,2025-03-24 17:00:00
2264.47,295,purchase,Dallas,0,2025-03-24 18:00:00
1837.53,978,purchase,Chicago,0,2025-03-24 19:00:00
577.39,269,purchase,San Diego,0,2025-03-24 20:00:00
1689.05,645,purchase,San Diego,0,2025-03-24 21:00:00
2441.6,562,purchase,Dallas,0,2025-03-24 22:00:00
2331.56,535,purchase,San Diego,0,2025-03-24 23:00:00
3600.81,378,purchase,Phoenix,0,2025-03-25 00:00:00
2226.76,376,purchase,Phoenix,0,2025-03-25 01:00:00
1558.45,88,refund,Chicago,0,2025-03-25 02:00:00
3197.58,925,purchase,Philadelphia,0,2025-03-25 03:00:00
1067.93,624,purchase,Austin,0,2025-03-25 04:00:00
454.01,111,purchase,Chicago,0,2025-03-25 05:00:00
931.63,584,purchase,Los Angeles,0,2025-03-25 06:00:00
520.66,154,purchase,San Antonio,0,2025-03-25 07:00:00
558.26,463,purchase,Austin,0,2025-03-25 08:00:00
949.07,569,purchase,Chicago,0,2025-03-25 09:00:00
496.5,769,purchase,Houston,0,2025-03-25 10:00:00
805.96,156,purchase,Austin,0,2025-03-25 11:00:00
165.07,625,refund,San Diego,0,2025-03-25 12:00:00
1357.36,318,purchase,New York,0,2025-03-25 13:00:00
1097.96,559,refund,Dallas,0,2025-03-25 14:00:00
484.4,238,purchase,Philadelphia,0,2025-03-25 15:00:00
2120.16,334,purchase,Los Angeles,0,2025-03-25 16:00:00
2800.55,106,purchase,Chicago,0,2025-03-25 17:00:00
219.74,482,purchase,Phoenix,0,2025-03-25 18:00:00
511.46,699,purchase,Philadelphia,0,2025-03-25 19:00:00
508.19,671,purchase,Dallas,0,2025-03-25 20:00:00
428.42,710,purchase,Los Angeles,0,2025-03-25 21:00:00
2513.61,382,purchase,Phoenix,0,2025-03-25 22:00:00
903.41,689,purchase,San Antonio,0,2025-03-25 23:00:00
841.75,261,purchase,San Antonio,0,2025-03-26 00:00:00
147.84,799,refund,Houston,0,2025-03-26 01:00:00
2070.24,293,refund,Chicago,0,2025-03-26 02:00:00
317.58,335,purchase,San Diego,0,2025-03-26 03:00:00
1164.37,655,purchase,Los Angeles,0,2025-03-26 04:00:00
1447.19,820,purchase,Phoenix,0,2025-03-26 05:00:00
4275.51,709,purchase,Austin,0,2025-03-26 06:00:00
296.24,476,refund,Phoenix,0,2025-03-26 07:00:00
53.54,225,purchase,New York,0,2025-03-26 08:00:00
1317.97,907,purchase,San Antonio,0,2025-03-26 09:00:00
6637.64,555,purchase,Houston,0,2025-03-26 10:00:00
3785.55,454,purchase,Austin,0,2025-03-26 11:00:00
1352.43,663,refund,Los Angeles,0,2025-03-26 12:00:00
670.73,296,purchase,San Diego,0,2025-03-26 13:00:00
2458.05,575,purchase,Houston,0,2025-03-26 14:00:00
414.24,642,purchase,New York,0,2025-03-26 15:00:00
1765.8,767,purchase,San Diego,0,2025-03-26 16:00:00
1817.96,463,purchase,San Antonio,0,2025-03-26 17:00:00
3165.95,855,refund,Chicago,0,2025-03-26 18:00:00
17320.74,214,purchase,Chicago,0,2025-03-26 19:00:00
1623.62,585,purchase,San Antonio,0,2025-03-26 20:00:00
659.21,943,purchase,Los Angeles,0,2025-03-26 21:00:00
1068.94,616,purchase,Phoenix,0,2025-03-26 22:00:00
186.97,158,refund,San Antonio,0,2025-03-26 23:00:00
547.46,272,purchase,Philadelphia,0,2025-03-27 00:00:00
728.3,827,purchase,Austin,0,2025-03-27 01:00:00
649.31,238,purchase,San Antonio,0,2025-03-27 02:00:00
1277.11,303,purchase,Los Angeles,0,2025-03-27 03:00:00
481.82,884,purchase,San Antonio,0,2025-03-27 04:00:00
3364.49,670,refund,Los Angeles,1,2025-03-27 05:00:00
1096.86,621,refund,San Antonio,0,2025-03-27 06:00:00
1086.48,521,purchase,San Diego,0,2025-03-27 07:00:00
790.06,321,purchase,Austin,0,2025-03-27 08:00:00
1280.74,59,refund,San Diego,0,2025-03-27 09:00:00
2502.63,358,purchase,Phoenix,0,2025-03-27 10:00:00
460.76,704,purchase,San Antonio,0,2025-03-27 11:00:00
567.86,648,purchase,San Diego,0,2025-03-27 12:00:00
809.38,251,purchase,Houston,0,2025-03-27 13:00:00
285.47,891,purchase,Los Angeles,0,2025-03-27 14:00:00
483.35,436,purchase,San Antonio,0,2025-03-27 15:00:00
681.15,146,purchase,New York,0,2025-03-27 16:00:00
2629.08,859,purchase,Los Angeles,0,2025-03-27 17:00:00
1425.9,978,purchase,Austin,0,2025-03-27 18:00:00
1330.87,352,purchase,San Antonio,0,2025-03-27 19:00:00
2568.04,570,purchase,Austin,0,2025-03-27 20:00:00
955.88,689,purchase,New York,0,2025-03-27 21:00:00
1620.46,800,purchase,San Antonio,0,2025-03-27 22:00:00
989.08,245,purchase,Phoenix,0,2025-03-27 23:00:00
1429.9,560,refund,Chicago,0,2025-03-28 00:00:00
612.31,301,purchase,Los Angeles,0,2025-03-28 01:00:00
95.7,438,purchase,San Antonio,0,2025-03-28 02:00:00
958.84,868,refund,Dallas,0,2025-03-28 03:00:00
4549.39,100,purchase,Dallas,0,2025-03-28 04:00:00
2768.93,725,refund,Austin,0,2025-03-28 05:00:00
2879.57,814,purchase,Austin,0,2025-03-28 06:00:00
3774.91,480,purchase,San Diego,0,2025-03-28 07:00:00
1198.3,415,purchase,Los Angeles,0,2025-03-28 08:00:00
1335.84,165,purchase,New York,0,2025-03-28 09:00:00
591.31,912,purchase,San Diego,0,2025-03-28 10:00:00
799.45,942,purchase,Los Angeles,0,2025-03-28 11:00:00
2029.96,638,purchase,Houston,0,2025-03-28 12:00:00
3655.12,302,purchase,Houston,0,2025-03-28 13:00:00
953.9,974,purchase,Los Angeles,0,2025-03-28 14:00:00
699.11,121,purchase,Houston,0,2025-03-28 15:00:00
1097.21,88,purchase,San Antonio,0,2025-03-28 16:00:00
2000.61,217,purchase,Philadelphia,0,2025-03-28 17:00:00
258.82,573,purchase,Austin,0,2025-03-28 18:00:00
110.37,814,purchase,Philadelphia,0,2025-03-28 19:00:00
632.36,179,purchase,Houston,0,2025-03-28 20:00:00
323.53,702,purchase,Los Angeles,0,2025-03-28 21:00:00
659.75,163,refund,Phoenix,0,2025-03-28 22:00:00
945.98,593,purchase,Chicago,0,2025-03-28 23:00:00
696.98,170,purchase,Chicago,0,2025-03-29 00:00:00
4686.62,301,purchase,Houston,0,2025-03-29 01:00:00
1520.42,374,purchase,Phoenix,0,2025-03-29 02:00:00
1481.0,708,purchase,Los Angeles,0,2025-03-29 03:00:00
2043.07,203,refund,Philadelphia,0,2025-03-29 04:00:00
351.13,47,purchase,Philadelphia,0,2025-03-29 05:00:00
3099.86,463,purchase,San Diego,0,2025-03-29 06:00:00
1016.62,670,refund,Los Angeles,0,2025-03-29 07:00:00
2144.11,408,purchase,San Diego,0,2025-03-29 08:00:00
375.46,194,purchase,San Diego,0,2025-03-29 09:00:00
231.88,427,purchase,Houston,0,2025-03-29 10:00:00
2484.66,930,purchase,San Antonio,0,2025-03-29 11:00:00
1597.84,791,purchase,San Antonio,0,2025-03-29 12:00:00
444.94,317,purchase,New York,0,2025-03-29 13:00:00
459.59,479,purchase,New York,0,2025-03-29 14:00:00
3379.34,421,purchase,San Diego,0,2025-03-29 15:00:00
333.82,269,refund,New York,0,2025-03-29 16:00:00
5668.46,481,purchase,Chicago,0,2025-03-29 17:00:00
445.58,711,purchase,Philadelphia,0,2025-03-29 18:00:00
2076.4,736,purchase,San Diego,0,2025-03-29 19:00:00
789.49,263,purchase,Phoenix,0,2025-03-29 20:00:00
2004.58,426,purchase,Phoenix,0,2025-03-29 21:00:00
636.44,166,purchase,Houston,0,2025-03-29 22:00:00
931.88,692,purchase,Houston,0,2025-03-29 23:00:00
1142.44,428,purchase,San Antonio,0,2025-03-30 00:00:00
402.55,704,purchase,Philadelphia,0,2025-03-30 01:00:00
2300.37,397,refund,San Diego,0,2025-03-30 02:00:00
656.41,216,purchase,Philadelphia,0,2025-03-30 03:00:00
872.53,796,purchase,Austin,0,2025-03-30 04:00:00
405.71,864,purchase,San Antonio,0,2025-03-30 05:00:00
84.58,107,purchase,Austin,0,2025-03-30 06:00:00
905.94,978,purchase,Austin,0,2025-03-30 07:00:00
12241.85,98,purchase,Phoenix,0,2025-03-30 08:00:00
2403.31,880,purchase,Philadelphia,0,2025-03-30 09:00:00
1075.71,482,purchase,New York,0,2025-03-30 10:00:00
843.12,499,purchase,Chicago,0,2025-03-30 11:00:00
1121.55,230,refund,San Diego,0,2025-03-30 12:00:00
1895.27,257,refund,Chicago,0,2025-03-30 13:00:00
336.7,43,purchase,New York,0,2025-03-30 14:00:00
3341.99,242,purchase,Chicago,0,2025-03-30 15:00:00
2242.58,554,purchase,Houston,0,2025-03-30 16:00:00
2248.88,95,purchase,San Diego,0,2025-03-30 17:00:00
1700.16,946,purchase,Dallas,0,2025-03-30 18:00:00
1118.36,766,purchase,Houston,0,2025-03-30 19:00:00
2149.22,188,refund,San Antonio,0,2025-03-30 20:00:00
1981.91,385,purchase,New York,0,2025-03-30 21:00:00
769.67,819,refund,Dallas,0,2025-03-30 22:00:00
617.94,400,refund,Houston,0,2025-03-30 23:00:00
1214.22,506,purchase,Dallas,0,2025-03-31 00:00:00
5161.69,167,purchase,Chicago,0,2025-03-31 01:00:00
317.63,783,purchase,Phoenix,0,2025-03-31 02:00:00
252.77,125,purchase,New York,0,2025-03-31 03:00:00
1293.05,673,purchase,Chicago,0,2025-03-31 04:00:00
1153.88,87,purchase,Phoenix,0,2025-03-31 05:00:00
1304.2,821,purchase,Philadelphia,0,2025-03-31 06:00:00
1399.62,489,purchase,San Diego,0,2025-03-31 07:00:00
877.26,226,purchase,New York,0,2025-03-31 08:00:00
4865.2,657,purchase,Chicago,0,2025-03-31 09:00:00
221.21,345,purchase,New York,0,2025-03-31 10:00:00
478.91,760,purchase,Phoenix,0,2025-03-31 11:00:00
989.05,874,refund,San Diego,0,2025-03-31 12:00:00
212.05,518,purchase,Houston,0,2025-03-31 13:00:00
919.79,31,purchase,Dallas,0,2025-03-31 14:00:00
5776.02,709,purchase,Philadelphia,0,2025-03-31 15:00:00
1119.78,744,purchase,Philadelphia,0,2025-03-31 16:00:00
1381.19,296,purchase,Phoenix,0,2025-03-31 17:00:00
311.01,414,purchase,Austin,0,2025-03-31 18:00:00
592.08,837,purchase,Phoenix,0,2025-03-31 19:00:00
753.56,972,purchase,San Antonio,0,2025-03-31 20:00:00
798.14,135,refund,San Diego,0,2025-03-31 21:00:00
3950.68,525,purchase,San Antonio,0,2025-03-31 22:00:00
1915.42,4,purchase,New York,0,2025-03-31 23:00:00
360.88,178,purchase,New York,0,2025-04-01 00:00:00
1403.19,746,refund,Austin,0,2025-04-01 01:00:00
1804.83,259,purchase,Philadelphia,0,2025-04-01 02:00:00
3429.43,652,refund,Chicago,0,2025-04-01 03:00:00
5326.98,65,purchase,Dallas,0,2025-04-01 04:00:00
397.39,795,purchase,San Antonio,0,2025-04-01 05:00:00
487.43,363,purchase,Los Angeles,0,2025-04-01 06:00:00
311.82,818,purchase,Chicago,0,2025-04-01 07:00:00
867.82,717,purchase,San Diego,0,2025-04-01 08:00:00
1748.23,17,refund,New York,0,2025-04-01 09:00:00
2943.44,200,purchase,Phoenix,0,2025-04-01 10:00:00
1016.43,544,purchase,Austin,0,2025-04-01 11:00:00
796.44,212,purchase,New York,0,2025-04-01 12:00:00
1276.35,435,purchase,Dallas,0,2025-04-01 13:00:00
475.73,273,purchase,San Antonio,0,2025-04-01 14:00:00
8862.1,290,purchase,Phoenix,0,2025-04-01 15:00:00
219.72,803,purchase,Philadelphia,0,2025-04-01 16:00:00
1319.15,483,purchase,Chicago,0,2025-04-01 17:00:00
8296.64,998,purchase,Chicago,0,2025-04-01 18:00:00
1104.12,234,refund,San Antonio,0,2025-04-01 19:00:00
906.84,408,purchase,San Antonio,0,2025-04-01 20:00:00
767.05,694,refund,San Antonio,0,2025-04-01 21:00:00
915.63,146,purchase,Los Angeles,0,2025-04-01 22:00:00
4327.95,562,purchase,Los Angeles,0,2025-04-01 23:00:00
120.08,430,purchase,Phoenix,0,2025-04-02 00:00:00
5081.87,432,purchase,Houston,0,2025-04-02 01:00:00
264.02,615,refund,San Antonio,0,2025-04-02 02:00:00
839.95,545,purchase,Chicago,0,2025-04-02 03:00:00
713.91,497,purchase,Phoenix,0,2025-04-02 04:00:00
1975.45,983,purchase,Los Angeles,0,2025-04-02 05:00:00
221.82,89,purchase,New York,0,2025-04-02 06:00:00
1740.93,997,refund,Dallas,0,2025-04-02 07:00:00
8302.48,411,purchase,Houston,0,2025-04-02 08:00:00
280.57,897,purchase,San Diego,0,2025-04-02 09:00:00
1325.71,853,purchase,San Antonio,0,2025-04-02 10:00:00
565.67,827,refund,New York,0,2025-04-02 11:00:00
1678.89,241,purchase,Austin,0,2025-04-02 12:00:00
1117.83,778,purchase,San Antonio,0,2025-04-02 13:00:00
577.39,223,purchase,Los Angeles,0,2025-04-02 14:00:00
1786.25,748,purchase,Chicago,0,2025-04-02 15:00:00
6663.15,665,refund,New York,0,2025-04-02 16:00:00
906.05,468,refund,San Antonio,0,2025-04-02 17:00:00
2252.41,569,purchase,Chicago,0,2025-04-02 18:00:00
300.88,322,purchase,Philadelphia,0,2025-04-02 19:00:00
421.39,375,purchase,San Antonio,0,2025-04-02 20:00:00
1758.83,112,purchase,Chicago,0,2025-04-02 21:00:00
4837.32,527,purchase,Los Angeles,0,2025-04-02 22:00:00
1564.96,412,purchase,Dallas,0,2025-04-02 23:00:00
801.87,269,purchase,Dallas,0,2025-04-03 00:00:00
1095.86,626,purchase,San Antonio,0,2025-04-03 01:00:00
314.06,252,purchase,Phoenix,0,2025-04-03 02:00:00
2007.24,374,purchase,Houston,0,2025-04-03 03:00:00
2650.05,654,refund,Houston,0,2025-04-03 04:00:00
697.78,626,purchase,New York,0,2025-04-03 05:00:00
685.37,450,purchase,Houston,0,2025-04-03 06:00:00
1430.64,802,purchase,San Antonio,0,2025-04-03 07:00:00
708.59,995,purchase,Phoenix,0,2025-04-03 08:00:00
1026.46,869,purchase,Dallas,0,2025-04-03 09:00:00
8952.8,537,purchase,Houston,0,2025-04-03 10:00:00
856.6,368,purchase,Chicago,0,2025-04-03 11:00:00
766.37,822,purchase,Philadelphia,0,2025-04-03 12:00:00
573.9,255,refund,Houston,0,2025-04-03 13:00:00
2308.13,463,purchase,Los Angeles,0,2025-04-03 14:00:00
914.86,268,refund,Phoenix,0,2025-04-03 15:00:00
572.85,126,purchase,Houston,0,2025-04-03 16:00:00
4110.52,393,purchase,Phoenix,0,2025-04-03 17:00:00
4535.1,762,purchase,Dallas,0,2025-04-03 18:00:00
601.59,799,purchase,Houston,0,2025-04-03 19:00:00
169.6,334,purchase,Philadelphia,0,2025-04-03 20:00:00
3003.44,989,purchase,Houston,0,2025-04-03 21:00:00
553.01,565,purchase,New York,0,2025-04-03 22:00:00
2417.83,368,purchase,Los Angeles,0,2025-04-03 23:00:00
152.92,555,purchase,Philadelphia,0,2025-04-04 00:00:00
2677.39,678,purchase,San Diego,0,2025-04-04 01:00:00
326.63,554,purchase,Dallas,0,2025-04-04 02:00:00
2277.34,892,purchase,Houston,0,2025-04-04 03:00:00
1112.4,456,purchase,Philadelphia,0,2025-04-04 04:00:00
422.45,688,purchase,Chicago,0,2025-04-04 05:00:00
729.94,67,purchase,Dallas,0,2025-04-04 06:00:00
2178.34,66,purchase,San Diego,0,2025-04-04 07:00:00
1219.13,912,purchase,New York,0,2025-04-04 08:00:00
1967.29,595,purchase,Los Angeles,0,2025-04-04 09:00:00
7914.41,862,purchase,Austin,0,2025-04-04 10:00:00
229.47,617,purchase,Dallas,0,2025-04-04 11:00:00
5525.96,400,refund,Austin,0,2025-04-04 12:00:00
1217.26,287,purchase,Chicago,0,2025-04-04 13:00:00
446.4,886,purchase,Chicago,0,2025-04-04 14:00:00
289.94,186,purchase,Austin,0,2025-04-04 15:00:00
907.67,284,purchase,Dallas,0,2025-04-04 16:00:00
2756.32,516,purchase,Chicago,0,2025-04-04 17:00:00
965.31,650,purchase,Austin,0,2025-04-04 18:00:00
4969.9,691,refund,Phoenix,0,2025-04-04 19:00:00
256.94,237,purchase,Philadelphia,0,2025-04-04 20:00:00
1083.46,18,purchase,Chicago,0,2025-04-04 21:00:00
313.44,815,purchase,Austin,0,2025-04-04 22:00:00
1577.56,928,refund,San Diego,0,2025-04-04 23:00:00
2662.14,414,purchase,Los Angeles,0,2025-04-05 00:00:00
719.99,932,purchase,Philadelphia,0,2025-04-05 01:00:00
81.11,9,purchase,Los Angeles,0,2025-04-05 02:00:00
1338.02,420,purchase,Dallas,0,2025-04-05 03:00:00
1697.21,29,purchase,Philadelphia,0,2025-04-05 04:00:00
1643.03,656,refund,Dallas,0,2025-04-05 05:00:00
3773.59,348,purchase,Houston,0,2025-04-05 06:00:00
375.76,661,purchase,Chicago,0,2025-04-05 07:00:00
2165.09,576,refund,Los Angeles,0,2025-04-05 08:00:00
3613.77,879,purchase,San Diego,0,2025-04-05 09:00:00
185.2,450,purchase,Houston,0,2025-04-05 10:00:00
1509.68,380,purchase,Los Angeles,0,2025-04-05 11:00:00
662.37,699,purchase,Dallas,0,2025-04-05 12:00:00
1010.78,366,purchase,San Diego,0,2025-04-05 13:00:00
1552.58,227,refund,Phoenix,0,2025-04-05 14:00:00
673.69,118,purchase,San Diego,0,2025-04-05 15:00:00
557.96,412,purchase,Phoenix,0,2025-04-05 16:00:00
1134.73,951,purchase,San Antonio,0,2025-04-05 17:00:00
369.72,356,purchase,Phoenix,0,2025-04-05 18:00:00
370.25,254,purchase,Phoenix,0,2025-04-05 19:00:00
2163.26,543,purchase,Houston,0,2025-04-05 20:00:00
347.65,673,purchase,Phoenix,0,2025-04-05 21:00:00
2135.19,727,purchase,San Antonio,0,2025-04-05 22:00:00
1741.66,444,purchase,Chicago,0,2025-04-05 23:00:00
195.23,681,purchase,Houston,0,2025-04-06 00:00:00
556.93,81,purchase,San Diego,0,2025-04-06 01:00:00
3619.57,46,purchase,Philadelphia,0,2025-04-06 02:00:00
411.1,49,purchase,San Diego,0,2025-04-06 03:00:00
689.24,449,purchase,Los Angeles,0,2025-04-06 04:00:00
1740.73,810,purchase,Dallas,0,2025-04-06 05:00:00
2400.4,407,purchase,San Antonio,0,2025-04-06 06:00:00
852.75,880,purchase,Phoenix,0,2025-04-06 07:00:00
603.35,283,purchase,San Antonio,0,2025-04-06 08:00:00
4547.67,473,purchase,Los Angeles,0,2025-04-06 09:00:00
6241.02,416,purchase,Houston,0,2025-04-06 10:00:00
2918.6,979,purchase,San Antonio,0,2025-04-06 11:00:00
1194.3,600,purchase,Los Angeles,0,2025-04-06 12:00:00
488.69,121,purchase,San Diego,0,2025-04-06 13:00:00
477.97,3,purchase,Austin,0,2025-04-06 14:00:00
1849.21,316,purchase,Austin,0,2025-04-06 15:00:00
1666.36,460,purchase,Phoenix,0,2025-04-06 16:00:00
4454.18,227,purchase,Phoenix,0,2025-04-06 17:00:00
2101.59,79,purchase,San Diego,0,2025-04-06 18:00:00
243.94,657,purchase,New York,0,2025-04-06 19:00:00
3139.9,754,purchase,Philadelphia,0,2025-04-06 20:00:00
404.21,544,purchase,Los Angeles,0,2025-04-06 21:00:00
746.97,775,purchase,New York,0,2025-04-06 22:00:00
1408.39,723,purchase,San Antonio,0,2025-04-06 23:00:00
8068.05,71,refund,Houston,0,2025-04-07 00:00:00
24585.66,896,purchase,New York,0,2025-04-07 01:00:00
2011.68,197,refund,Austin,0,2025-04-07 02:00:00
913.06,58,purchase,Philadelphia,0,2025-04-07 03:00:00
1871.52,424,purchase,Austin,0,2025-04-07 04:00:00
2664.19,469,purchase,Philadelphia,0,2025-04-07 05:00:00
795.79,624,purchase,Chicago,0,2025-04-07 06:00:00
6602.55,48,purchase,Philadelphia,0,2025-04-07 07:00:00
1380.32,435,refund,Austin,0,2025-04-07 08:00:00
1803.97,185,purchase,Dallas,0,2025-04-07 09:00:00
2134.36,879,purchase,Philadelphia,0,2025-04-07 10:00:00
1671.68,839,purchase,New York,0,2025-04-07 11:00:00
2537.51,165,refund,Austin,0,2025-04-07 12:00:00
591.55,727,purchase,Philadelphia,0,2025-04-07 13:00:00
627.47,331,purchase,San Diego,0,2025-04-07 14:00:00
364.98,330,purchase,San Antonio,0,2025-04-07 15:00:00
1701.9,121,purchase,San Diego,0,2025-04-07 16:00:00
2389.73,213,purchase,San Diego,0,2025-04-07 17:00:00
1733.28,823,purchase,Dallas,0,2025-04-07 18:00:00
5851.73,507,purchase,Chicago,0,2025-04-07 19:00:00
1090.51,553,purchase,San Antonio,0,2025-04-07 20:00:00
2140.39,865,purchase,Philadelphia,0,2025-04-07 21:00:00
368.08,916,purchase,Los Angeles,0,2025-04-07 22:00:00
744.64,801,refund,Phoenix,0,2025-04-07 23:00:00
2198.52,168,refund,Chicago,0,2025-04-08 00:00:00
2563.43,995,purchase,Phoenix,0,2025-04-08 01:00:00
817.32,546,purchase,Dallas,0,2025-04-08 02:00:00
1020.86,830,purchase,San Diego,0,2025-04-08 03:00:00
240.36,996,purchase,Dallas,0,2025-04-08 04:00:00
767.37,987,purchase,Dallas,0,2025-04-08 05:00:00
2671.47,787,purchase,San Diego,0,2025-04-08 06:00:00
1949.26,427,purchase,San Diego,0,2025-04-08 07:00:00
1809.25,709,purchase,Philadelphia,0,2025-04-08 08:00:00
1152.6,703,purchase,Philadelphia,0,2025-04-08 09:00:00
1104.41,221,purchase,Philadelphia,0,2025-04-08 10:00:00
566.61,10,purchase,Austin,0,2025-04-08 11:00:00
2205.76,120,purchase,Philadelphia,0,2025-04-08 12:00:00
1670.66,635,purchase,Dallas,0,2025-04-08 13:00:00
1793.67,247,purchase,Austin,0,2025-04-08 14:00:00
648.05,360,purchase,New York,0,2025-04-08 15:00:00
127.31,909,purchase,Austin,0,2025-04-08 16:00:00
3285.1,221,purchase,Philadelphia,0,2025-04-08 17:00:00
679.37,773,purchase,San Diego,0,2025-04-08 18:00:00
462.77,506,purchase,New York,0,2025-04-08 19:00:00
2193.99,58,purchase,Philadelphia,0,2025-04-08 20:00:00
740.99,827,purchase,Dallas,0,2025-04-08 21:00:00
3165.09,460,purchase,Philadelphia,0,2025-04-08 22:00:00
2032.47,128,purchase,Los Angeles,0,2025-04-08 23:00:00
2172.36,699,refund,New York,0,2025-04-09 00:00:00
279.79,717,purchase,Houston,0,2025-04-09 01:00:00
3684.7,86,purchase,Philadelphia,0,2025-04-09 02:00:00
1424.04,104,refund,Austin,0,2025-04-09 03:00:00
758.03,143,purchase,Austin,0,2025-04-09 04:00:00
1265.71,205,purchase,Dallas,0,2025-04-09 05:00:00
185.63,641,purchase,Phoenix,0,2025-04-09 06:00:00
1650.2,758,purchase,San Antonio,0,2025-04-09 07:00:00
391.75,38,purchase,Philadelphia,0,2025-04-09 08:00:00
283.53,363,purchase,Philadelphia,0,2025-04-09 09:00:00
239.28,621,purchase,Dallas,0,2025-04-09 10:00:00
3336.54,309,purchase,Phoenix,0,2025-04-09 11:00:00
584.49,52,purchase,Los Angeles,0,2025-04-09 12:00:00
5083.36,1,purchase,San Diego,0,2025-04-09 13:00:00
641.75,11,purchase,Chicago,0,2025-04-09 14:00:00
198.87,826,refund,Dallas,0,2025-04-09 15:00:00
359.05,747,purchase,Phoenix,0,2025-04-09 16:00:00
3773.7,640,purchase,New York,0,2025-04-09 17:00:00
938.33,936,purchase,Houston,0,2025-04-09 18:00:00
633.79,214,purchase,Dallas,0,2025-04-09 19:00:00
1286.93,995,purchase,New York,0,2025-04-09 20:00:00
1811.27,956,purchase,San Diego,0,2025-04-09 21:00:00
3352.29,755,purchase,San Diego,0,2025-04-09 22:00:00
4668.06,556,purchase,Dallas,0,2025-04-09 23:00:00
765.27,518,refund,Dallas,0,2025-04-10 00:00:00
291.18,668,purchase,Philadelphia,0,2025-04-10 01:00:00
725.26,415,purchase,Phoenix,0,2025-04-10 02:00:00
1422.66,8,purchase,San Antonio,0,2025-04-10 03:00:00
418.32,5,purchase,Dallas,0,2025-04-10 04:00:00
421.09,362,purchase,Phoenix,0,2025-04-10 05:00:00
1546.56,694,refund,Chicago,0,2025-04-10 06:00:00
1044.56,112,purchase,Dallas,0,2025-04-10 07:00:00
1133.2,273,purchase,Austin,0,2025-04-10 08:00:00
513.63,422,purchase,New York,0,2025-04-10 09:00:00
870.96,265,refund,New York,0,2025-04-10 10:00:00
435.18,458,purchase,Austin,0,2025-04-10 11:00:00
2670.97,212,refund,Houston,1,2025-04-10 12:00:00
3087.91,78,refund,Los Angeles,0,2025-04-10 13:00:00
173.09,782,purchase,San Antonio,0,2025-04-10 14:00:00
432.89,666,purchase,Los Angeles,0,2025-04-10 15:00:00
245.54,221,purchase,San Antonio,0,2025-04-10 16:00:00
572.48,369,purchase,San Diego,0,2025-04-10 17:00:00
1008.85,958,purchase,San Diego,0,2025-04-10 18:00:00
257.33,347,purchase,Chicago,0,2025-04-10 19:00:00
436.22,25,purchase,Dallas,0,2025-04-10 20:00:00
401.84,976,purchase,Austin,0,2025-04-10 21:00:00
1349.2,420,purchase,Austin,0,2025-04-10 22:00:00
1175.38,354,purchase,Austin,0,2025-04-10 23:00:00
532.86,720,purchase,Philadelphia,0,2025-04-11 00:00:00
1308.74,417,purchase,Houston,0,2025-04-11 01:00:00
634.81,515,purchase,San Diego,0,2025-04-11 02:00:00
835.76,215,purchase,Houston,0,2025-04-11 03:00:00
5845.64,907,purchase,Houston,0,2025-04-11 04:00:00
4190.02,112,refund,San Diego,0,2025-04-11 05:00:00
298.99,954,purchase,Houston,0,2025-04-11 06:00:00
2514.26,704,purchase,New York,0,2025-04-11 07:00:00
2468.58,914,purchase,Philadelphia,0,2025-04-11 08:00:00
347.84,559,purchase,San Diego,0,2025-04-11 09:00:00
2486.86,428,refund,Chicago,0,2025-04-11 10:00:00
5104.78,733,purchase,Los Angeles,0,2025-04-11 11:00:00
356.9,699,purchase,Philadelphia,0,2025-04-11 12:00:00
438.12,562,purchase,New York,0,2025-04-11 13:00:00
3034.07,709,purchase,Phoenix,0,2025-04-11 14:00:00
1438.7,216,purchase,Philadelphia,0,2025-04-11 15:00:00
1903.55,413,purchase,San Diego,0,2025-04-11 16:00:00
1541.62,733,purchase,San Antonio,0,2025-04-11 17:00:00
1620.83,380,purchase,Philadelphia,0,2025-04-11 18:00:00
291.06,602,purchase,Los Angeles,0,2025-04-11 19:00:00
3125.4,232,purchase,San Diego,0,2025-04-11 20:00:00
3531.9,835,purchase,San Diego,0,2025-04-11 21:00:00
871.84,258,purchase,Phoenix,0,2025-04-11 22:00:00
1049.98,665,purchase,Chicago,0,2025-04-11 23:00:00
237.2,256,purchase,San Diego,0,2025-04-12 00:00:00
1834.0,403,refund,Phoenix,0,2025-04-12 01:00:00
1943.13,424,purchase,Chicago,0,2025-04-12 02:00:00
1030.51,770,refund,Dallas,0,2025-04-12 03:00:00
3375.68,979,purchase,Dallas,0,2025-04-12 04:00:00
785.19,65,purchase,San Antonio,0,2025-04-12 05:00:00
1928.71,190,purchase,San Diego,0,2025-04-12 06:00:00
395.57,603,purchase,Phoenix,0,2025-04-12 07:00:00
1071.11,950,purchase,Phoenix,0,2025-04-12 08:00:00
921.17,173,purchase,Phoenix,0,2025-04-12 09:00:00
1373.76,759,purchase,Los Angeles,0,2025-04-12 10:00:00
757.84,768,refund,Chicago,0,2025-04-12 11:00:00
961.53,628,purchase,San Diego,0,2025-04-12 12:00:00
2505.01,561,purchase,Philadelphia,0,2025-04-12 13:00:00
708.56,227,purchase,Dallas,0,2025-04-12 14:00:00
219.95,581,purchase,San Antonio,0,2025-04-12 15:00:00
6308.06,934,purchase,Philadelphia,0,2025-04-12 16:00:00
4365.35,388,purchase,Houston,0,2025-04-12 17:00:00
301.19,401,purchase,San Antonio,0,2025-04-12 18:00:00
2185.74,638,refund,Houston,0,2025-04-12 19:00:00
663.17,949,purchase,San Antonio,0,2025-04-12 20:00:00
1427.22,213,purchase,Phoenix,0,2025-04-12 21:00:00
1471.77,53,purchase,Los Angeles,0,2025-04-12 22:00:00
867.48,624,purchase,San Antonio,0,2025-04-12 23:00:00
500.81,671,refund,San Diego,0,2025-04-13 00:00:00
549.75,752,purchase,Austin,0,2025-04-13 01:00:00
438.7,662,purchase,Los Angeles,0,2025-04-13 02:00:00
477.32,139,purchase,Philadelphia,0,2025-04-13 03:00:00
1025.38,418,purchase,Houston,0,2025-04-13 04:00:00
536.06,625,purchase,Phoenix,0,2025-04-13 05:00:00
2169.07,143,purchase,New York,0,2025-04-13 06:00:00
4852.48,882,purchase,Philadelphia,0,2025-04-13 07:00:00
613.97,509,purchase,San Diego,0,2025-04-13 08:00:00
1393.26,650,purchase,Los Angeles,0,2025-04-13 09:00:00
1807.47,486,purchase,New York,0,2025-04-13 10:00:00
1758.12,992,purchase,Dallas,0,2025-04-13 11:00:00
1183.17,437,purchase,Los Angeles,0,2025-04-13 12:00:00
2304.65,816,purchase,San Diego,0,2025-04-13 13:00:00
1776.23,543,purchase,Phoenix,0,2025-04-13 14:00:00
318.09,293,refund,Los Angeles,0,2025-04-13 15:00:00
2615.36,620,purchase,Phoenix,0,2025-04-13 16:00:00
2663.22,284,purchase,Dallas,0,2025-04-13 17:00:00
511.18,671,purchase,Philadelphia,0,2025-04-13 18:00:00
1139.04,838,refund,Chicago,0,2025-04-13 19:00:00
2171.84,14,purchase,San Diego,0,2025-04-13 20:00:00
889.52,634,refund,New York,0,2025-04-13 21:00:00
3206.64,727,purchase,Dallas,0,2025-04-13 22:00:00
11659.45,272,purchase,Dallas,0,2025-04-13 23:00:00
499.7,25,purchase,Houston,0,2025-04-14 00:00:00
275.6,935,purchase,San Diego,0,2025-04-14 01:00:00
1485.96,322,purchase,Chicago,0,2025-04-14 02:00:00
2256.48,806,purchase,Philadelphia,0,2025-04-14 03:00:00
870.56,681,purchase,Austin,0,2025-04-14 04:00:00
4690.34,103,purchase,Austin,0,2025-04-14 05:00:00
287.55,866,purchase,San Diego,0,2025-04-14 06:00:00
2192.77,883,refund,Dallas,0,2025-04-14 07:00:00
598.33,40,purchase,San Diego,0,2025-04-14 08:00:00
6120.37,235,purchase,Dallas,0,2025-04-14 09:00:00
8042.66,832,purchase,Houston,0,2025-04-14 10:00:00
509.46,89,purchase,Austin,0,2025-04-14 11:00:00
632.98,100,purchase,New York,0,2025-04-14 12:00:00
2590.45,144,purchase,San Antonio,0,2025-04-14 13:00:00
744.62,82,purchase,Austin,0,2025-04-14 14:00:00
1047.95,589,refund,Houston,0,2025-04-14 15:00:00
1124.83,571,purchase,New York,0,2025-04-14 16:00:00
160.83,229,purchase,Chicago,0,2025-04-14 17:00:00
1081.56,603,purchase,San Antonio,0,2025-04-14 18:00:00
550.19,866,refund,Chicago,0,2025-04-14 19:00:00
669.73,395,refund,New York,0,2025-04-14 20:00:00
4645.4,513,purchase,San Antonio,0,2025-04-14 21:00:00
312.15,781,purchase,San Diego,0,2025-04-14 22:00:00
2473.04,798,purchase,Phoenix,0,2025-04-14 23:00:00
829.68,197,purchase,Philadelphia,0,2025-04-15 00:00:00
829.02,274,purchase,Chicago,0,2025-04-15 01:00:00
2417.22,590,purchase,Phoenix,0,2025-04-15 02:00:00
1540.79,653,refund,Chicago,0,2025-04-15 03:00:00
1940.33,800,purchase,Los Angeles,0,2025-04-15 04:00:00
2887.61,583,purchase,San Antonio,0,2025-04-15 05:00:00
787.36,968,purchase,Austin,0,2025-04-15 06:00:00
594.53,562,purchase,San Antonio,0,2025-04-15 07:00:00
370.5,967,refund,San Diego,0,2025-04-15 08:00:00
480.39,372,purchase,New York,0,2025-04-15 09:00:00
20933.26,881,purchase,Los Angeles,0,2025-04-15 10:00:00
3807.32,80,purchase,Los Angeles,0,2025-04-15 11:00:00
283.99,235,purchase,Chicago,0,2025-04-15 12:00:00
292.23,287,purchase,San Antonio,0,2025-04-15 13:00:00
1775.55,819,purchase,San Antonio,0,2025-04-15 14:00:00
1895.55,667,purchase,San Antonio,0,2025-04-15 15:00:00
1898.62,572,purchase,New York,0,2025-04-15 16:00:00
849.84,545,purchase,Los Angeles,0,2025-04-15 17:00:00
967.34,437,purchase,San Diego,0,2025-04-15 18:00:00
1522.15,127,purchase,Dallas,0,2025-04-15 19:00:00
1194.99,733,purchase,Austin,0,2025-04-15 20:00:00
119.19,712,purchase,San Antonio,0,2025-04-15 21:00:00
871.49,417,purchase,New York,0,2025-04-15 22:00:00
468.06,638,refund,Houston,0,2025-04-15 23:00:00
1306.64,41,purchase,Austin,0,2025-04-16 00:00:00
21704.16,787,purchase,San Diego,0,2025-04-16 01:00:00
1583.64,469,purchase,Phoenix,0,2025-04-16 02:00:00
801.49,297,purchase,New York,0,2025-04-16 03:00:00
2756.73,597,purchase,San Antonio,0,2025-04-16 04:00:00
1777.01,601,refund,Philadelphia,0,2025-04-16 05:00:00
1669.19,42,purchase,Dallas,0,2025-04-16 06:00:00
2011.93,632,purchase,Houston,0,2025-04-16 07:00:00
8574.46,279,purchase,Houston,0,2025-04-16 08:00:00
353.93,459,refund,San Diego,0,2025-04-16 09:00:00
1760.99,33,purchase,Houston,0,2025-04-16 10:00:00
434.25,276,purchase,Chicago,0,2025-04-16 11:00:00
1911.25,665,purchase,San Antonio,0,2025-04-16 12:00:00
437.6,90,purchase,Phoenix,0,2025-04-16 13:00:00
722.44,616,purchase,Dallas,0,2025-04-16 14:00:00
816.4,948,purchase,Phoenix,0,2025-04-16 15:00:00
2909.73,524,purchase,Dallas,0,2025-04-16 16:00:00
2747.52,160,purchase,Philadelphia,0,2025-04-16 17:00:00
315.54,929,purchase,Philadelphia,0,2025-04-16 18:00:00
1158.56,458,purchase,Philadelphia,0,2025-04-16 19:00:00
539.38,708,purchase,San Antonio,0,2025-04-16 20:00:00
311.53,399,purchase,Houston,0,2025-04-16 21:00:00
882.7,819,purchase,Houston,0,2025-04-16 22:00:00
805.54,774,purchase,Dallas,0,2025-04-16 23:00:00
12415.69,91,purchase,San Antonio,0,2025-04-17 00:00:00
1690.8,709,refund,Austin,0,2025-04-17 01:00:00
276.55,581,refund,Philadelphia,0,2025-04-17 02:00:00
623.42,466,purchase,New York,0,2025-04-17 03:00:00
3045.39,220,purchase,San Antonio,0,2025-04-17 04:00:00
8852.39,419,purchase,Philadelphia,0,2025-04-17 05:00:00
224.53,379,refund,Houston,0,2025-04-17 06:00:00
167.35,726,purchase,San Diego,0,2025-04-17 07:00:00
7122.15,930,purchase,San Antonio,0,2025-04-17 08:00:00
1619.08,447,purchase,San Diego,0,2025-04-17 09:00:00
460.22,964,refund,Dallas,0,2025-04-17 10:00:00
1871.75,146,purchase,New York,0,2025-04-17 11:00:00
78.59,233,purchase,Chicago,0,2025-04-17 12:00:00
1100.34,371,purchase,Los Angeles,0,2025-04-17 13:00:00
1522.06,922,purchase,Chicago,0,2025-04-17 14:00:00
2763.55,234,purchase,Los Angeles,0,2025-04-17 15:00:00
397.86,726,refund,Philadelphia,0,2025-04-17 16:00:00
1194.74,367,refund,Dallas,0,2025-04-17 17:00:00
434.66,481,purchase,Los Angeles,0,2025-04-17 18:00:00
1415.71,573,purchase,Houston,0,2025-04-17 19:00:00
447.94,363,purchase,Phoenix,0,2025-04-17 20:00:00
729.16,590,purchase,Phoenix,0,2025-04-17 21:00:00
405.12,511,refund,New York,0,2025-04-17 22:00:00
2103.03,95,purchase,Philadelphia,0,2025-04-17 23:00:00
2587.51,842,purchase,Phoenix,0,2025-04-18 00:00:00
867.3,216,refund,Philadelphia,0,2025-04-18 01:00:00
1139.38,725,purchase,Houston,0,2025-04-18 02:00:00
257.6,816,purchase,Philadelphia,0,2025-04-18 03:00:00
812.67,712,refund,Dallas,0,2025-04-18 04:00:00
1042.94,864,purchase,New York,0,2025-04-18 05:00:00
15075.0,543,purchase,Philadelphia,0,2025-04-18 06:00:00
360.7,802,purchase,New York,1,2025-04-18 07:00:00
4741.82,855,purchase,San Antonio,0,2025-04-18 08:00:00
2971.61,985,purchase,Houston,0,2025-04-18 09:00:00
1451.91,135,purchase,Philadelphia,0,2025-04-18 10:00:00
6365.32,83,purchase,San Antonio,0,2025-04-18 11:00:00
1590.98,391,purchase,Phoenix,0,2025-04-18 12:00:00
1618.34,47,purchase,Dallas,0,2025-04-18 13:00:00
1039.9,392,purchase,San Diego,0,2025-04-18 14:00:00
3727.78,718,refund,Chicago,0,2025-04-18 15:00:00
3282.86,385,purchase,New York,0,2025-04-18 16:00:00
586.59,381,purchase,Austin,0,2025-04-18 17:00:00
293.17,77,purchase,San Diego,0,2025-04-18 18:00:00
895.18,259,purchase,Houston,0,2025-04-18 19:00:00
492.73,949,purchase,San Antonio,0,2025-04-18 20:00:00
1029.14,604,purchase,Houston,0,2025-04-18 21:00:00
3779.84,934,purchase,San Antonio,0,2025-04-18 22:00:00
694.16,947,purchase,New York,0,2025-04-18 23:00:00
1050.66,399,refund,New York,0,2025-04-19 00:00:00
1162.15,100,purchase,Los Angeles,0,2025-04-19 01:00:00
2561.71,501,refund,Phoenix,0,2025-04-19 02:00:00
115.94,383,purchase,Austin,0,2025-04-19 03:00:00
597.83,707,purchase,Philadelphia,0,2025-04-19 04:00:00
1354.63,192,purchase,Los Angeles,0,2025-04-19 05:00:00
3641.24,580,purchase,New York,0,2025-04-19 06:00:00
670.55,901,refund,Dallas,0,2025-04-19 07:00:00
167.91,754,purchase,San Antonio,0,2025-04-19 08:00:00
2037.97,602,purchase,San Diego,0,2025-04-19 09:00:00
580.93,345,purchase,Philadelphia,0,2025-04-19 10:00:00
333.73,10,purchase,Dallas,0,2025-04-19 11:00:00
587.37,264,purchase,San Diego,0,2025-04-19 12:00:00
911.85,268,purchase,Houston,0,2025-04-19 13:00:00
599.0,832,purchase,Phoenix,0,2025-04-19 14:00:00
120.84,630,purchase,Los Angeles,0,2025-04-19 15:00:00
2689.38,762,refund,New York,0,2025-04-19 16:00:00
3924.03,571,purchase,Philadelphia,0,2025-04-19 17:00:00
2103.85,195,purchase,Chicago,0,2025-04-19 18:00:00
351.54,987,purchase,Houston,0,2025-04-19 19:00:00
896.51,562,refund,New York,0,2025-04-19 20:00:00
1089.5,407,purchase,Philadelphia,0,2025-04-19 21:00:00
1995.79,296,purchase,San Diego,0,2025-04-19 22:00:00
2139.53,890,purchase,Austin,0,2025-04-19 23:00:00
526.28,97,purchase,Houston,0,2025-04-20 00:00:00
1190.34,462,purchase,Austin,0,2025-04-20 01:00:00
1732.43,639,purchase,San Diego,0,2025-04-20 02:00:00
4702.37,758,purchase,Austin,0,2025-04-20 03:00:00
2218.32,87,purchase,Chicago,0,2025-04-20 04:00:00
2414.04,991,purchase,San Antonio,0,2025-04-20 05:00:00
1192.52,77,purchase,Chicago,0,2025-04-20 06:00:00
4493.82,889,refund,Philadelphia,0,2025-04-20 07:00:00
1652.03,716,refund,Houston,0,2025-04-20 08:00:00
463.55,483,purchase,Philadelphia,0,2025-04-20 09:00:00
4462.08,146,purchase,San Antonio,0,2025-04-20 10:00:00
2203.72,661,purchase,San Diego,0,2025-04-20 11:00:00
704.13,111,purchase,Philadelphia,0,2025-04-20 12:00:00
678.92,641,purchase,Houston,0,2025-04-20 13:00:00
1475.24,765,refund,Dallas,0,2025-04-20 14:00:00
1742.69,678,purchase,San Antonio,0,2025-04-20 15:00:00
1335.81,297,purchase,Dallas,0,2025-04-20 16:00:00
1497.14,426,purchase,Chicago,0,2025-04-20 17:00:00
6002.66,649,purchase,Phoenix,0,2025-04-20 18:00:00
3202.04,791,purchase,New York,0,2025-04-20 19:00:00
1326.95,334,refund,San Diego,0,2025-04-20 20:00:00
2811.04,523,purchase,New York,0,2025-04-20 21:00:00
390.52,583,purchase,New York,0,2025-04-20 22:00:00
1632.6,671,purchase,San Antonio,0,2025-04-20 23:00:00
6696.27,728,purchase,San Diego,0,2025-04-21 00:00:00
881.79,538,purchase,Chicago,0,2025-04-21 01:00:00
469.83,798,purchase,Los Angeles,0,2025-04-21 02:00:00
571.3,162,purchase,San Antonio,0,2025-04-21 03:00:00
368.84,430,purchase,Austin,0,2025-04-21 04:00:00
500.32,614,purchase,Phoenix,0,2025-04-21 05:00:00
757.1,69,purchase,New York,0,2025-04-21 06:00:00
268.93,133,purchase,Los Angeles,0,2025-04-21 07:00:00
1113.9,189,purchase,Chicago,0,2025-04-21 08:00:00
2703.43,723,purchase,Philadelphia,0,2025-04-21 09:00:00
442.41,755,purchase,New York,0,2025-04-21 10:00:00
5010.46,678,purchase,San Diego,0,2025-04-21 11:00:00
1827.66,924,purchase,Los Angeles,0,2025-04-21 12:00:00
3073.53,922,purchase,Phoenix,0,2025-04-21 13:00:00
568.03,573,purchase,San Diego,0,2025-04-21 14:00:00
2577.37,874,refund,Phoenix,0,2025-04-21 15:00:00
367.99,279,refund,San Diego,0,2025-04-21 16:00:00
2671.1,430,refund,Philadelphia,0,2025-04-21 17:00:00
1302.24,625,purchase,San Antonio,0,2025-04-21 18:00:00
1906.93,542,purchase,San Diego,0,2025-04-21 19:00:00
338.46,835,purchase,Chicago,0,2025-04-21 20:00:00
448.06,988,purchase,Phoenix,0,2025-04-21 21:00:00
1992.67,161,purchase,Austin,0,2025-04-21 22:00:00
424.81,746,purchase,San Antonio,0,2025-04-21 23:00:00
1742.73,899,purchase,Dallas,0,2025-04-22 00:00:00
279.46,453,purchase,Philadelphia,0,2025-04-22 01:00:00
2561.05,889,purchase,Austin,0,2025-04-22 02:00:00
319.73,851,purchase,New York,0,2025-04-22 03:00:00
1905.12,170,purchase,San Diego,0,2025-04-22 04:00:00
2050.07,830,purchase,Philadelphia,0,2025-04-22 05:00:00
546.33,698,refund,New York,0,2025-04-22 06:00:00
1962.6,57,purchase,Houston,0,2025-04-22 07:00:00
1422.89,240,purchase,Philadelphia,0,2025-04-22 08:00:00
639.8,769,refund,Austin,0,2025-04-22 09:00:00
399.99,358,purchase,New York,0,2025-04-22 10:00:00
154.06,201,purchase,Austin,0,2025-04-22 11:00:00
1555.65,444,purchase,Phoenix,0,2025-04-22 12:00:00
229.34,837,purchase,Chicago,0,2025-04-22 13:00:00
1206.34,827,purchase,San Antonio,0,2025-04-22 14:00:00
842.65,302,purchase,San Diego,0,2025-04-22 15:00:00
2162.77,106,purchase,Chicago,0,2025-04-22 16:00:00
810.75,802,purchase,Austin,0,2025-04-22 17:00:00
788.83,101,purchase,Chicago,0,2025-04-22 18:00:00
2279.86,97,purchase,Chicago,0,2025-04-22 19:00:00
1533.12,665,purchase,Philadelphia,0,2025-04-22 20:00:00
1504.41,938,purchase,Philadelphia,0,2025-04-22 21:00:00
1753.32,29,purchase,Chicago,0,2025-04-22 22:00:00
236.14,506,purchase,Philadelphia,0,2025-04-22 23:00:00
2337.39,665,refund,Dallas,1,2025-04-23 00:00:00
2023.27,438,purchase,San Diego,0,2025-04-23 01:00:00
396.75,379,purchase,San Antonio,0,2025-04-23 02:00:00
859.13,73,purchase,San Antonio,0,2025-04-23 03:00:00
1054.36,254,purchase,San Diego,0,2025-04-23 04:00:00
958.63,963,purchase,San Antonio,0,2025-04-23 05:00:00
1531.28,911,purchase,Chicago,0,2025-04-23 06:00:00
4588.77,516,purchase,San Diego,0,2025-04-23 07:00:00
3234.94,749,refund,San Diego,0,2025-04-23 08:00:00
295.24,550,purchase,New York,0,2025-04-23 09:00:00
2042.79,20,purchase,Austin,0,2025-04-23 10:00:00
4142.0,625,purchase,Phoenix,0,2025-04-23 11:00:00
1614.55,535,purchase,Phoenix,0,2025-04-23 12:00:00
3264.89,421,refund,New York,0,2025-04-23 13:00:00
8203.12,446,purchase,Philadelphia,0,2025-04-23 14:00:00
3052.48,879,purchase,Philadelphia,0,2025-04-23 15:00:00
1407.13,136,purchase,Houston,0,2025-04-23 16:00:00
3118.44,505,purchase,Philadelphia,0,2025-04-23 17:00:00
1267.61,933,purchase,Philadelphia,0,2025-04-23 18:00:00
1123.16,760,purchase,New York,0,2025-04-23 19:00:00
771.69,301,purchase,Phoenix,0,2025-04-23 20:00:00
5236.52,609,purchase,Los Angeles,0,2025-04-23 21:00:00
483.75,33,purchase,San Antonio,0,2025-04-23 22:00:00
5076.45,647,purchase,Dallas,0,2025-04-23 23:00:00
1807.8,767,purchase,Dallas,0,2025-04-24 00:00:00
270.61,278,purchase,Dallas,0,2025-04-24 01:00:00
1583.91,133,purchase,San Antonio,0,2025-04-24 02:00:00
134.29,750,purchase,San Antonio,0,2025-04-24 03:00:00
2049.82,527,purchase,New York,0,2025-04-24 04:00:00
2657.74,789,purchase,Philadelphia,0,2025-04-24 05:00:00
606.46,126,refund,Phoenix,0,2025-04-24 06:00:00
1240.84,345,purchase,San Diego,0,2025-04-24 07:00:00
7740.0,17,purchase,San Diego,0,2025-04-24 08:00:00
661.33,824,purchase,Houston,0,2025-04-24 09:00:00
380.35,562,purchase,New York,0,2025-04-24 10:00:00
4825.47,647,refund,Philadelphia,0,2025-04-24 11:00:00
7805.53,630,refund,Austin,0,2025-04-24 12:00:00
1100.69,378,purchase,New York,0,2025-04-24 13:00:00
3015.33,818,purchase,Phoenix,0,2025-04-24 14:00:00
4194.28,60,purchase,Phoenix,0,2025-04-24 15:00:00
521.92,637,purchase,Chicago,0,2025-04-24 16:00:00
674.99,467,purchase,Phoenix,0,2025-04-24 17:00:00
3755.12,628,purchase,Philadelphia,0,2025-04-24 18:00:00
5913.62,391,purchase,Phoenix,0,2025-04-24 19:00:00
1925.38,936,refund,New York,0,2025-04-24 20:00:00
454.95,685,refund,San Antonio,0,2025-04-24 21:00:00
7998.91,187,refund,Chicago,0,2025-04-24 22:00:00
644.86,498,purchase,San Antonio,0,2025-04-24 23:00:00
784.36,600,purchase,Phoenix,0,2025-04-25 00:00:00
1544.32,715,purchase,Chicago,0,2025-04-25 01:00:00
5188.3,361,purchase,Philadelphia,0,2025-04-25 02:00:00
2575.96,823,purchase,New York,0,2025-04-25 03:00:00
1660.49,832,purchase,Philadelphia,0,2025-04-25 04:00:00
1742.87,449,purchase,Houston,0,2025-04-25 05:00:00
1145.41,694,purchase,Houston,0,2025-04-25 06:00:00
1916.28,864,purchase,Phoenix,0,2025-04-25 07:00:00
87.4,680,purchase,Dallas,0,2025-04-25 08:00:00
815.17,181,purchase,New York,0,2025-04-25 09:00:00
1395.94,812,purchase,Chicago,0,2025-04-25 10:00:00
346.88,959,purchase,Houston,0,2025-04-25 11:00:00
1613.76,130,refund,Los Angeles,0,2025-04-25 12:00:00
893.84,975,purchase,Dallas,0,2025-04-25 13:00:00
6345.34,149,purchase,San Antonio,0,2025-04-25 14:00:00
5287.07,472,purchase,New York,0,2025-04-25 15:00:00
688.28,818,purchase,Dallas,0,2025-04-25 16:00:00
943.09,721,purchase,Philadelphia,0,2025-04-25 17:00:00
1018.47,623,refund,Los Angeles,0,2025-04-25 18:00:00
698.08,948,refund,New York,0,2025-04-25 19:00:00
1332.78,500,purchase,Philadelphia,0,2025-04-25 20:00:00
513.74,649,purchase,San Antonio,0,2025-04-25 21:00:00
354.03,355,purchase,Austin,0,2025-04-25 22:00:00
2044.1,916,purchase,Philadelphia,0,2025-04-25 23:00:00
2058.08,211,purchase,San Antonio,0,2025-04-26 00:00:00
490.63,658,purchase,Philadelphia,0,2025-04-26 01:00:00
2684.78,596,purchase,San Diego,0,2025-04-26 02:00:00
583.14,30,purchase,Los Angeles,0,2025-04-26 03:00:00
1412.57,1000,purchase,Dallas,0,2025-04-26 04:00:00
2490.76,577,purchase,Dallas,0,2025-04-26 05:00:00
1060.39,24,purchase,Dallas,0,2025-04-26 06:00:00
1728.04,984,purchase,San Antonio,0,2025-04-26 07:00:00
654.3,943,purchase,Dallas,0,2025-04-26 08:00:00
901.03,723,purchase,New York,0,2025-04-26 09:00:00
892.6,222,purchase,Chicago,0,2025-04-26 10:00:00
519.79,602,purchase,Los Angeles,0,2025-04-26 11:00:00
918.94,618,purchase,New York,0,2025-04-26 12:00:00
233.08,684,purchase,Phoenix,0,2025-04-26 13:00:00
671.05,742,purchase,New York,0,2025-04-26 14:00:00
824.79,925,purchase,Chicago,0,2025-04-26 15:00:00
848.8,589,purchase,Philadelphia,0,2025-04-26 16:00:00
861.35,580,purchase,Philadelphia,0,2025-04-26 17:00:00
1030.95,877,purchase,Chicago,0,2025-04-26 18:00:00
1771.25,401,purchase,Houston,0,2025-04-26 19:00:00
2629.42,865,refund,San Antonio,0,2025-04-26 20:00:00
572.63,901,purchase,Philadelphia,0,2025-04-26 21:00:00
329.24,604,purchase,Los Angeles,0,2025-04-26 22:00:00
386.82,512,purchase,Dallas,0,2025-04-26 23:00:00
673.71,88,purchase,Philadelphia,0,2025-04-27 00:00:00
771.3,465,purchase,Los Angeles,0,2025-04-27 01:00:00
507.76,50,purchase,San Antonio,0,2025-04-27 02:00:00
300.03,103,purchase,Austin,0,2025-04-27 03:00:00
694.98,368,purchase,Austin,0,2025-04-27 04:00:00
1314.78,936,purchase,Houston,0,2025-04-27 05:00:00
1988.29,492,purchase,New York,0,2025-04-27 06:00:00
628.02,558,refund,Austin,0,2025-04-27 07:00:00
725.6,691,purchase,Dallas,0,2025-04-27 08:00:00
434.11,779,purchase,Austin,0,2025-04-27 09:00:00
1062.69,268,refund,San Diego,0,2025-04-27 10:00:00
469.45,397,purchase,Phoenix,0,2025-04-27 11:00:00
1945.22,320,purchase,Chicago,0,2025-04-27 12:00:00
183.85,520,refund,Houston,0,2025-04-27 13:00:00
765.38,449,purchase,Chicago,0,2025-04-27 14:00:00
1481.94,777,purchase,Austin,0,2025-04-27 15:00:00
1317.95,476,purchase,San Diego,0,2025-04-27 16:00:00
16204.33,898,purchase,Phoenix,0,2025-04-27 17:00:00
1555.89,590,purchase,San Diego,0,2025-04-27 18:00:00
401.8,909,purchase,New York,0,2025-04-27 19:00:00
996.79,240,refund,Dallas,0,2025-04-27 20:00:00
185.63,258,refund,Austin,1,2025-04-27 21:00:00
1011.71,708,refund,Chicago,0,2025-04-27 22:00:00
476.73,972,purchase,New York,0,2025-04-27 23:00:00
2739.12,944,refund,Chicago,0,2025-04-28 00:00:00
632.99,842,purchase,Los Angeles,0,2025-04-28 01:00:00
975.78,643,purchase,San Antonio,0,2025-04-28 02:00:00
580.82,964,purchase,Austin,0,2025-04-28 03:00:00
6240.72,390,purchase,Houston,0,2025-04-28 04:00:00
795.33,343,purchase,San Antonio,0,2025-04-28 05:00:00
6853.79,773,purchase,Chicago,0,2025-04-28 06:00:00
2475.39,754,purchase,Philadelphia,0,2025-04-28 07:00:00
1775.91,387,purchase,San Antonio,0,2025-04-28 08:00:00
1585.62,394,purchase,San Antonio,0,2025-04-28 09:00:00
1625.87,683,refund,Phoenix,0,2025-04-28 10:00:00
159.55,659,purchase,Philadelphia,0,2025-04-28 11:00:00
829.74,270,purchase,Chicago,0,2025-04-28 12:00:00
2553.34,149,purchase,Houston,0,2025-04-28 13:00:00
1044.3,380,purchase,Philadelphia,0,2025-04-28 14:00:00
269.03,811,refund,Chicago,0,2025-04-28 15:00:00
1040.64,28,purchase,San Antonio,0,2025-04-28 16:00:00
6027.61,149,purchase,Chicago,0,2025-04-28 17:00:00
3815.75,420,purchase,Dallas,0,2025-04-28 18:00:00
1030.7,280,refund,Houston,0,2025-04-28 19:00:00
2839.69,182,purchase,Los Angeles,0,2025-04-28 20:00:00
760.13,166,purchase,Philadelphia,0,2025-04-28 21:00:00
199.56,17,purchase,Dallas,0,2025-04-28 22:00:00
435.08,150,purchase,Austin,0,2025-04-28 23:00:00
5233.78,339,refund,Austin,0,2025-04-29 00:00:00
833.81,45,refund,Los Angeles,0,2025-04-29 01:00:00
859.73,502,refund,Houston,0,2025-04-29 02:00:00
812.54,842,refund,Phoenix,0,2025-04-29 03:00:00
7362.37,189,purchase,Dallas,0,2025-04-29 04:00:00
5574.51,651,purchase,San Antonio,0,2025-04-29 05:00:00
10084.76,61,purchase,Phoenix,0,2025-04-29 06:00:00
935.38,294,purchase,Philadelphia,0,2025-04-29 07:00:00
1473.84,834,purchase,Dallas,0,2025-04-29 08:00:00
240.65,33,purchase,Houston,0,2025-04-29 09:00:00
4802.7,299,refund,Los Angeles,0,2025-04-29 10:00:00
341.12,415,purchase,Phoenix,0,2025-04-29 11:00:00
1362.09,624,refund,San Antonio,0,2025-04-29 12:00:00
366.02,803,purchase,Houston,0,2025-04-29 13:00:00
608.58,549,purchase,New York,0,2025-04-29 14:00:00
474.73,431,purchase,San Diego,0,2025-04-29 15:00:00
597.12,495,purchase,Phoenix,0,2025-04-29 16:00:00
639.62,100,purchase,Austin,0,2025-04-29 17:00:00
633.8,23,purchase,Los Angeles,0,2025-04-29 18:00:00
2523.33,420,purchase,Chicago,0,2025-04-29 19:00:00
363.27,424,purchase,Austin,0,2025-04-29 20:00:00
1367.23,487,purchase,Austin,0,2025-04-29 21:00:00
3706.93,730,purchase,Phoenix,0,2025-04-29 22:00:00
656.42,89,purchase,Houston,0,2025-04-29 23:00:00
534.9,209,purchase,Dallas,0,2025-04-30 00:00:00
870.85,271,purchase,Dallas,0,2025-04-30 01:00:00
3567.87,933,purchase,San Diego,0,2025-04-30 02:00:00
1331.56,749,purchase,Los Angeles,0,2025-04-30 03:00:00
644.7,900,purchase,Phoenix,0,2025-04-30 04:00:00
1779.12,406,purchase,San Diego,0,2025-04-30 05:00:00
364.2,721,purchase,San Diego,0,2025-04-30 06:00:00
2167.56,278,purchase,San Antonio,0,2025-04-30 07:00:00
1650.13,977,purchase,Houston,0,2025-04-30 08:00:00
806.09,206,purchase,Chicago,0,2025-04-30 09:00:00
474.1,590,purchase,San Diego,0,2025-04-30 10:00:00
451.84,913,purchase,San Diego,0,2025-04-30 11:00:00
1872.1,328,purchase,Austin,0,2025-04-30 12:00:00
3748.01,610,purchase,Phoenix,0,2025-04-30 13:00:00
579.81,858,refund,Chicago,0,2025-04-30 14:00:00
1734.35,877,purchase,Phoenix,0,2025-04-30 15:00:00
136.04,862,refund,Houston,0,2025-04-30 16:00:00
611.17,982,purchase,San Diego,0,2025-04-30 17:00:00
1063.1,336,purchase,Los Angeles,0,2025-04-30 18:00:00
441.56,606,purchase,San Diego,0,2025-04-30 19:00:00
429.87,592,purchase,Austin,0,2025-04-30 20:00:00
562.4,38,purchase,Philadelphia,0,2025-04-30 21:00:00
1468.79,920,purchase,Houston,0,2025-04-30 22:00:00
909.3,228,purchase,Chicago,0,2025-04-30 23:00:00
116.95,483,purchase,Austin,0,2025-05-01 00:00:00
131.54,134,purchase,Phoenix,0,2025-05-01 01:00:00
597.73,708,purchase,Philadelphia,0,2025-05-01 02:00:00
1733.13,978,purchase,New York,0,2025-05-01 03:00:00
70.28,390,purchase,New York,0,2025-05-01 04:00:00
665.32,794,purchase,Austin,0,2025-05-01 05:00:00
647.91,613,purchase,Chicago,0,2025-05-01 06:00:00
4395.51,987,purchase,Los Angeles,0,2025-05-01 07:00:00
746.19,425,purchase,New York,0,2025-05-01 08:00:00
1608.39,587,purchase,San Diego,0,2025-05-01 09:00:00
1263.02,806,purchase,New York,0,2025-05-01 10:00:00
130.25,510,purchase,Austin,0,2025-05-01 11:00:00
2364.23,720,purchase,San Diego,0,2025-05-01 12:00:00
1360.21,595,purchase,Phoenix,0,2025-05-01 13:00:00
1823.05,427,purchase,Houston,0,2025-05-01 14:00:00
50000.0,949,purchase,San Diego,0,2025-05-01 15:00:00
136.44,655,purchase,San Diego,0,2025-05-01 16:00:00
6153.01,474,refund,San Diego,0,2025-05-01 17:00:00
822.67,568,purchase,Chicago,0,2025-05-01 18:00:00
1461.66,361,refund,San Diego,0,2025-05-01 19:00:00
1047.84,952,purchase,New York,0,2025-05-01 20:00:00
717.49,799,purchase,Houston,0,2025-05-01 21:00:00
620.28,211,purchase,Phoenix,0,2025-05-01 22:00:00
1524.63,953,purchase,Philadelphia,0,2025-05-01 23:00:00
240.53,179,refund,Phoenix,0,2025-05-02 00:00:00
2322.92,920,purchase,Phoenix,0,2025-05-02 01:00:00
723.29,58,refund,Phoenix,0,2025-05-02 02:00:00
354.22,73,purchase,Dallas,0,2025-05-02 03:00:00
699.24,215,purchase,Austin,0,2025-05-02 04:00:00
3855.09,900,refund,Austin,0,2025-05-02 05:00:00
642.05,778,purchase,Chicago,0,2025-05-02 06:00:00
1569.41,959,refund,Los Angeles,0,2025-05-02 07:00:00
527.97,73,purchase,Austin,0,2025-05-02 08:00:00
2340.04,467,purchase,Los Angeles,0,2025-05-02 09:00:00
2176.57,271,purchase,San Diego,0,2025-05-02 10:00:00
6964.69,499,refund,Phoenix,0,2025-05-02 11:00:00
920.06,354,purchase,Phoenix,0,2025-05-02 12:00:00
2140.2,234,purchase,Philadelphia,0,2025-05-02 13:00:00
1209.63,319,purchase,Dallas,0,2025-05-02 14:00:00
4007.3,19,purchase,San Antonio,0,2025-05-02 15:00:00
534.41,625,purchase,Phoenix,0,2025-05-02 16:00:00
2310.01,575,purchase,Phoenix,0,2025-05-02 17:00:00
902.62,372,purchase,Austin,0,2025-05-02 18:00:00
1028.45,184,purchase,Dallas,0,2025-05-02 19:00:00
1202.01,277,purchase,Dallas,1,2025-05-02 20:00:00
1411.26,674,purchase,Los Angeles,0,2025-05-02 21:00:00
976.3,755,purchase,San Antonio,0,2025-05-02 22:00:00
1359.28,145,purchase,Austin,0,2025-05-02 23:00:00
5314.1,658,refund,New York,0,2025-05-03 00:00:00
2937.9,81,purchase,Houston,0,2025-05-03 01:00:00
2615.35,322,purchase,Los Angeles,0,2025-05-03 02:00:00
695.38,435,refund,Austin,0,2025-05-03 03:00:00
450.68,833,purchase,Dallas,0,2025-05-03 04:00:00
2850.64,43,purchase,Philadelphia,0,2025-05-03 05:00:00
2633.44,313,refund,Houston,0,2025-05-03 06:00:00
4782.27,906,purchase,Chicago,0,2025-05-03 07:00:00
599.45,293,refund,Houston,0,2025-05-03 08:00:00
871.71,688,purchase,Los Angeles,0,2025-05-03 09:00:00
212.83,888,purchase,Phoenix,0,2025-05-03 10:00:00
740.65,69,purchase,Dallas,0,2025-05-03 11:00:00
2970.75,56,purchase,Philadelphia,0,2025-05-03 12:00:00
687.8,631,purchase,Los Angeles,0,2025-05-03 13:00:00
2080.74,204,purchase,Philadelphia,0,2025-05-03 14:00:00
906.41,420,purchase,Dallas,0,2025-05-03 15:00:00
1516.34,927,purchase,Houston,0,2025-05-03 16:00:00
348.04,567,purchase,New York,0,2025-05-03 17:00:00
1194.17,550,refund,Los Angeles,0,2025-05-03 18:00:00
55.08,243,purchase,Phoenix,0,2025-05-03 19:00:00
909.69,201,purchase,Austin,0,2025-05-03 20:00:00
214.76,748,refund,San Antonio,0,2025-05-03 21:00:00
3662.84,474,purchase,San Diego,0,2025-05-03 22:00:00
2386.08,527,refund,Chicago,0,2025-05-03 23:00:00
1748.78,656,purchase,Dallas,0,2025-05-04 00:00:00
5019.1,77,purchase,Los Angeles,0,2025-05-04 01:00:00
424.57,985,purchase,Houston,0,2025-05-04 02:00:00
6294.07,478,purchase,Houston,0,2025-05-04 03:00:00
2785.52,821,refund,Philadelphia,0,2025-05-04 04:00:00
865.62,440,purchase,Austin,0,2025-05-04 05:00:00
3413.93,263,purchase,Philadelphia,0,2025-05-04 06:00:00
362.75,185,purchase,Chicago,0,2025-05-04 07:00:00
480.82,55,purchase,Dallas,0,2025-05-04 08:00:00
596.7,308,purchase,Phoenix,0,2025-05-04 09:00:00
646.14,516,purchase,Los Angeles,0,2025-05-04 10:00:00
381.25,299,refund,Philadelphia,0,2025-05-04 11:00:00
3725.97,552,purchase,Chicago,0,2025-05-04 12:00:00
846.53,230,purchase,San Diego,0,2025-05-04 13:00:00
1560.1,377,purchase,Chicago,0,2025-05-04 14:00:00
619.96,286,purchase,Phoenix,0,2025-05-04 15:00:00
177.58,138,purchase,Houston,0,2025-05-04 16:00:00
1436.63,478,purchase,Houston,0,2025-05-04 17:00:00
162.02,615,purchase,Los Angeles,0,2025-05-04 18:00:00
1023.89,7,purchase,San Diego,0,2025-05-04 19:00:00
279.13,676,refund,Chicago,0,2025-05-04 20:00:00
8000.63,419,purchase,Houston,0,2025-05-04 21:00:00
2728.11,472,purchase,Philadelphia,0,2025-05-04 22:00:00
1218.96,935,purchase,Dallas,0,2025-05-04 23:00:00
3880.45,420,purchase,Houston,0,2025-05-05 00:00:00
470.45,877,purchase,Chicago,0,2025-05-05 01:00:00
1888.39,276,purchase,Phoenix,0,2025-05-05 02:00:00
1339.18,561,purchase,Dallas,0,2025-05-05 03:00:00
1427.99,608,purchase,New York,0,2025-05-05 04:00:00
3914.15,571,refund,Phoenix,0,2025-05-05 05:00:00
2281.28,743,purchase,Houston,0,2025-05-05 06:00:00
1463.7,689,purchase,Phoenix,0,2025-05-05 07:00:00
209.58,90,purchase,San Antonio,0,2025-05-05 08:00:00
419.87,282,refund,San Antonio,0,2025-05-05 09:00:00
970.0,548,refund,San Antonio,0,2025-05-05 10:00:00
1203.96,171,purchase,New York,0,2025-05-05 11:00:00
354.18,638,purchase,Dallas,0,2025-05-05 12:00:00
12230.36,995,purchase,San Antonio,0,2025-05-05 13:00:00
4996.01,811,purchase,Houston,0,2025-05-05 14:00:00
2002.43,355,purchase,Houston,0,2025-05-05 15:00:00
1178.55,204,purchase,Los Angeles,0,2025-05-05 16:00:00
886.95,289,purchase,Philadelphia,0,2025-05-05 17:00:00
423.3,868,purchase,Austin,0,2025-05-05 18:00:00
1184.98,462,refund,Chicago,0,2025-05-05 19:00:00
1419.06,609,purchase,New York,0,2025-05-05 20:00:00
316.79,750,purchase,Phoenix,0,2025-05-05 21:00:00
1531.77,173,purchase,Philadelphia,0,2025-05-05 22:00:00
938.93,301,purchase,Phoenix,0,2025-05-05 23:00:00
162.75,600,purchase,Phoenix,0,2025-05-06 00:00:00
463.87,911,purchase,Austin,0,2025-05-06 01:00:00
725.16,863,refund,San Diego,0,2025-05-06 02:00:00
7242.25,529,purchase,Austin,0,2025-05-06 03:00:00
1913.24,140,purchase,New York,0,2025-05-06 04:00:00
288.45,766,purchase,San Diego,0,2025-05-06 05:00:00
1782.97,278,purchase,San Antonio,0,2025-05-06 06:00:00
233.39,663,refund,New York,0,2025-05-06 07:00:00
3237.93,511,purchase,Dallas,0,2025-05-06 08:00:00
684.63,346,purchase,Houston,0,2025-05-06 09:00:00
998.61,846,purchase,San Antonio,0,2025-05-06 10:00:00
4129.03,140,purchase,Chicago,0,2025-05-06 11:00:00
302.73,114,refund,San Diego,0,2025-05-06 12:00:00
271.21,580,purchase,Houston,0,2025-05-06 13:00:00
611.8,507,purchase,Los Angeles,0,2025-05-06 14:00:00
3097.59,366,purchase,Los Angeles,0,2025-05-06 15:00:00
240.0,691,purchase,San Diego,0,2025-05-06 16:00:00
64.58,637,purchase,San Diego,0,2025-05-06 17:00:00
698.43,397,purchase,New York,0,2025-05-06 18:00:00
1904.05,825,purchase,Philadelphia,0,2025-05-06 19:00:00
3641.9,823,purchase,Dallas,0,2025-05-06 20:00:00
690.1,850,purchase,Dallas,0,2025-05-06 21:00:00
726.74,875,purchase,Los Angeles,0,2025-05-06 22:00:00
3476.92,924,purchase,San Diego,0,2025-05-06 23:00:00
169.06,870,purchase,San Diego,0,2025-05-07 00:00:00
743.58,745,purchase,Houston,0,2025-05-07 01:00:00
1326.67,940,refund,Houston,0,2025-05-07 02:00:00
1718.52,659,purchase,Phoenix,0,2025-05-07 03:00:00
658.65,942,refund,Austin,0,2025-05-07 04:00:00
1135.06,111,purchase,San Antonio,0,2025-05-07 05:00:00
91.07,875,purchase,New York,1,2025-05-07 06:00:00
567.79,358,purchase,Dallas,0,2025-05-07 07:00:00
1725.91,238,refund,Chicago,0,2025-05-07 08:00:00
410.64,3,purchase,Houston,0,2025-05-07 09:00:00
1163.26,723,purchase,San Antonio,0,2025-05-07 10:00:00
1714.49,404,refund,Phoenix,0,2025-05-07 11:00:00
778.56,25,refund,Phoenix,0,2025-05-07 12:00:00
1300.45,843,purchase,New York,0,2025-05-07 13:00:00
418.75,509,refund,Los Angeles,0,2025-05-07 14:00:00
891.93,696,purchase,Phoenix,0,2025-05-07 15:00:00
2018.71,465,purchase,Los Angeles,0,2025-05-07 16:00:00
1283.02,61,purchase,New York,0,2025-05-07 17:00:00
610.01,508,purchase,Austin,0,2025-05-07 18:00:00
1372.26,123,purchase,Chicago,0,2025-05-07 19:00:00
2240.85,497,purchase,New York,0,2025-05-07 20:00:00
141.18,55,purchase,Austin,0,2025-05-07 21:00:00
3494.95,163,purchase,San Diego,0,2025-05-07 22:00:00
783.48,974,refund,San Diego,0,2025-05-07 23:00:00
1678.22,699,purchase,San Diego,0,2025-05-08 00:00:00
3630.94,39,refund,San Antonio,0,2025-05-08 01:00:00
278.2,697,refund,San Antonio,0,2025-05-08 02:00:00
539.45,83,refund,Los Angeles,0,2025-05-08 03:00:00
821.76,707,purchase,Dallas,0,2025-05-08 04:00:00
500.82,546,purchase,San Antonio,0,2025-05-08 05:00:00
6216.34,113,purchase,Phoenix,0,2025-05-08 06:00:00
465.55,425,purchase,Houston,0,2025-05-08 07:00:00
629.2,918,purchase,San Diego,0,2025-05-08 08:00:00
1345.32,230,purchase,Phoenix,0,2025-05-08 09:00:00
329.59,283,purchase,Philadelphia,0,2025-05-08 10:00:00
738.28,917,refund,Houston,0,2025-05-08 11:00:00
1506.36,937,refund,Los Angeles,0,2025-05-08 12:00:00
786.14,287,purchase,San Antonio,0,2025-05-08 13:00:00
998.86,155,purchase,Los Angeles,0,2025-05-08 14:00:00
645.91,165,purchase,San Antonio,0,2025-05-08 15:00:00
241.18,962,refund,San Antonio,0,2025-05-08 16:00:00
1512.61,182,purchase,New York,0,2025-05-08 17:00:00
6341.9,239,purchase,Austin,0,2025-05-08 18:00:00
1117.0,649,purchase,Austin,0,2025-05-08 19:00:00
1373.7,339,purchase,Chicago,0,2025-05-08 20:00:00
2192.34,938,refund,Chicago,0,2025-05-08 21:00:00
308.18,512,purchase,Philadelphia,0,2025-05-08 22:00:00
6018.03,932,purchase,Chicago,0,2025-05-08 23:00:00
1342.55,266,refund,Dallas,0,2025-05-09 00:00:00
5607.48,187,refund,Phoenix,0,2025-05-09 01:00:00
526.88,40,refund,Philadelphia,0,2025-05-09 02:00:00
6755.16,822,purchase,Philadelphia,0,2025-05-09 03:00:00
2380.71,493,purchase,San Diego,0,2025-05-09 04:00:00
1906.53,679,purchase,Austin,0,2025-05-09 05:00:00
1385.79,391,purchase,Chicago,0,2025-05-09 06:00:00
855.32,260,purchase,Dallas,0,2025-05-09 07:00:00
3642.89,655,purchase,San Antonio,0,2025-05-09 08:00:00
1261.88,716,purchase,Philadelphia,0,2025-05-09 09:00:00
153.38,176,refund,New York,0,2025-05-09 10:00:00
358.82,774,purchase,Houston,0,2025-05-09 11:00:00
910.65,764,refund,Phoenix,0,2025-05-09 12:00:00
1495.18,329,purchase,Los Angeles,0,2025-05-09 13:00:00
1036.3,931,purchase,New York,0,2025-05-09 14:00:00
3710.68,200,purchase,Los Angeles,0,2025-05-09 15:00:00
155.85,711,purchase,San Diego,0,2025-05-09 16:00:00
1265.96,196,purchase,Austin,0,2025-05-09 17:00:00
178.04,826,refund,Philadelphia,0,2025-05-09 18:00:00
2344.23,589,purchase,Austin,0,2025-05-09 19:00:00
997.79,531,refund,Los Angeles,0,2025-05-09 20:00:00
1668.38,62,purchase,Dallas,0,2025-05-09 21:00:00
462.26,327,refund,San Diego,0,2025-05-09 22:00:00
3942.08,906,purchase,Houston,0,2025-05-09 23:00:00
3107.97,281,purchase,Austin,0,2025-05-10 00:00:00
1965.58,940,purchase,San Antonio,0,2025-05-10 01:00:00
963.41,762,purchase,Chicago,0,2025-05-10 02:00:00
1958.35,227,refund,Philadelphia,0,2025-05-10 03:00:00
540.83,639,purchase,Chicago,0,2025-05-10 04:00:00
2580.03,58,purchase,Austin,0,2025-05-10 05:00:00
5707.18,921,purchase,Chicago,0,2025-05-10 06:00:00
3199.05,477,purchase,Dallas,0,2025-05-10 07:00:00
528.69,376,purchase,Philadelphia,0,2025-05-10 08:00:00
1574.07,716,purchase,San Diego,0,2025-05-10 09:00:00
300.92,243,purchase,Houston,0,2025-05-10 10:00:00
1943.78,367,purchase,Houston,0,2025-05-10 11:00:00
1720.9,936,purchase,San Diego,0,2025-05-10 12:00:00
169.05,844,purchase,San Antonio,0,2025-05-10 13:00:00
343.17,500,refund,Phoenix,0,2025-05-10 14:00:00
826.22,838,refund,Los Angeles,0,2025-05-10 15:00:00
811.71,252,purchase,Philadelphia,0,2025-05-10 16:00:00
327.18,906,purchase,New York,0,2025-05-10 17:00:00
1618.05,322,purchase,San Antonio,0,2025-05-10 18:00:00
1410.18,376,purchase,Dallas,0,2025-05-10 19:00:00
903.01,409,purchase,Phoenix,0,2025-05-10 20:00:00
515.02,711,refund,Phoenix,0,2025-05-10 21:00:00
3129.75,488,purchase,San Antonio,0,2025-05-10 22:00:00
5741.11,343,purchase,Phoenix,0,2025-05-10 23:00:00
676.17,240,purchase,Austin,0,2025-05-11 00:00:00
594.57,139,purchase,Houston,0,2025-05-11 01:00:00
1792.22,122,purchase,New York,0,2025-05-11 02:00:00
766.6,420,purchase,Philadelphia,0,2025-05-11 03:00:00
953.94,561,purchase,Dallas,0,2025-05-11 04:00:00
2297.68,304,purchase,Houston,0,2025-05-11 05:00:00
162.49,115,refund,Austin,0,2025-05-11 06:00:00
4098.2,343,purchase,Houston,0,2025-05-11 07:00:00
1179.3,251,purchase,Phoenix,0,2025-05-11 08:00:00
726.69,7,purchase,Philadelphia,1,2025-05-11 09:00:00
1003.02,731,refund,Chicago,0,2025-05-11 10:00:00
1056.2,589,refund,Dallas,0,2025-05-11 11:00:00
194.18,179,purchase,New York,0,2025-05-11 12:00:00
4889.95,145,purchase,Philadelphia,0,2025-05-11 13:00:00
1142.9,416,purchase,Philadelphia,0,2025-05-11 14:00:00
1707.87,666,purchase,San Diego,0,2025-05-11 15:00:00
2839.97,121,purchase,Phoenix,0,2025-05-11 16:00:00
394.98,124,purchase,Dallas,0,2025-05-11 17:00:00
1760.71,150,purchase,Dallas,0,2025-05-11 18:00:00
839.12,397,purchase,Los Angeles,0,2025-05-11 19:00:00
2557.46,381,purchase,Phoenix,0,2025-05-11 20:00:00
130.68,780,purchase,San Antonio,0,2025-05-11 21:00:00
993.17,839,purchase,Los Angeles,0,2025-05-11 22:00:00
600.15,1,purchase,San Antonio,0,2025-05-11 23:00:00
1689.63,673,purchase,Dallas,0,2025-05-12 00:00:00
1754.68,244,purchase,San Diego,0,2025-05-12 01:00:00
540.43,887,purchase,Austin,0,2025-05-12 02:00:00
537.98,398,purchase,Dallas,0,2025-05-12 03:00:00
981.75,251,purchase,Houston,0,2025-05-12 04:00:00
447.36,879,purchase,San Diego,0,2025-05-12 05:00:00
2545.25,576,purchase,Dallas,0,2025-05-12 06:00:00
758.08,299,purchase,Austin,0,2025-05-12 07:00:00
59.92,760,refund,Los Angeles,0,2025-05-12 08:00:00
753.84,954,purchase,Austin,0,2025-05-12 09:00:00
388.17,297,purchase,Chicago,0,2025-05-12 10:00:00
214.59,977,purchase,New York,0,2025-05-12 11:00:00
318.17,964,refund,New York,0,2025-05-12 12:00:00
1223.42,500,refund,Austin,0,2025-05-12 13:00:00
4140.79,115,purchase,Philadelphia,0,2025-05-12 14:00:00
1499.95,807,purchase,New York,0,2025-05-12 15:00:00
597.94,1,purchase,Phoenix,0,2025-05-12 16:00:00
1730.05,553,refund,Philadelphia,0,2025-05-12 17:00:00
692.92,685,purchase,Dallas,0,2025-05-12 18:00:00
547.52,600,refund,Philadelphia,0,2025-05-12 19:00:00
345.72,482,purchase,Houston,0,2025-05-12 20:00:00
190.22,610,purchase,New York,0,2025-05-12 21:00:00
742.54,600,refund,Philadelphia,0,2025-05-12 22:00:00
1284.41,763,purchase,San Antonio,0,2025-05-12 23:00:00
995.63,510,refund,Phoenix,0,2025-05-13 00:00:00
723.45,335,purchase,Philadelphia,0,2025-05-13 01:00:00
425.92,465,refund,Austin,0,2025-05-13 02:00:00
2014.74,141,purchase,San Diego,0,2025-05-13 03:00:00
293.79,583,purchase,New York,0,2025-05-13 04:00:00
2382.79,137,purchase,San Diego,0,2025-05-13 05:00:00
402.54,959,purchase,Los Angeles,0,2025-05-13 06:00:00
516.75,611,purchase,Los Angeles,0,2025-05-13 07:00:00
252.96,663,refund,San Diego,0,2025-05-13 08:00:00
664.21,950,purchase,Los Angeles,0,2025-05-13 09:00:00
2908.27,687,purchase,San Diego,0,2025-05-13 10:00:00
1836.52,167,refund,Phoenix,0,2025-05-13 11:00:00
2917.32,343,purchase,Dallas,0,2025-05-13 12:00:00
1848.52,410,purchase,Dallas,0,2025-05-13 13:00:00
363.7,769,purchase,San Diego,0,2025-05-13 14:00:00
787.77,910,refund,Dallas,0,2025-05-13 15:00:00
502.6,736,purchase,San Antonio,0,2025-05-13 16:00:00
4148.8,880,purchase,San Diego,0,2025-05-13 17:00:00
331.36,842,refund,Philadelphia,0,2025-05-13 18:00:00
2680.34,65,purchase,Dallas,0,2025-05-13 19:00:00
2678.34,581,purchase,Los Angeles,0,2025-05-13 20:00:00
6833.69,67,purchase,Chicago,0,2025-05-13 21:00:00
728.01,433,refund,Los Angeles,0,2025-05-13 22:00:00
2235.73,50,purchase,Philadelphia,0,2025-05-13 23:00:00
10739.16,314,purchase,Chicago,0,2025-05-14 00:00:00
591.32,309,purchase,New York,0,2025-05-14 01:00:00
236.27,603,purchase,Houston,0,2025-05-14 02:00:00
167.33,115,purchase,Phoenix,0,2025-05-14 03:00:00
2236.6,886,purchase,Houston,0,2025-05-14 04:00:00
166.81,569,purchase,Philadelphia,0,2025-05-14 05:00:00
755.73,342,purchase,Chicago,0,2025-05-14 06:00:00
1698.18,530,purchase,Austin,0,2025-05-14 07:00:00
1319.72,784,purchase,Philadelphia,0,2025-05-14 08:00:00
1678.15,642,purchase,Austin,0,2025-05-14 09:00:00
1369.62,495,purchase,New York,0,2025-05-14 10:00:00
3939.72,269,purchase,Philadelphia,0,2025-05-14 11:00:00
423.13,941,purchase,San Diego,0,2025-05-14 12:00:00
557.24,80,purchase,Austin,0,2025-05-14 13:00:00
506.41,456,purchase,San Diego,0,2025-05-14 14:00:00
2515.41,299,purchase,New York,0,2025-05-14 15:00:00
2698.36,968,purchase,San Antonio,0,2025-05-14 16:00:00
1721.97,822,purchase,Austin,0,2025-05-14 17:00:00
3581.34,202,purchase,Austin,0,2025-05-14 18:00:00
337.63,503,purchase,Houston,0,2025-05-14 19:00:00
5809.35,737,refund,Philadelphia,0,2025-05-14 20:00:00
5030.32,671,purchase,Philadelphia,0,2025-05-14 21:00:00
2288.43,716,purchase,Phoenix,0,2025-05-14 22:00:00
6514.59,649,purchase,Austin,0,2025-05-14 23:00:00
209.22,485,purchase,Dallas,0,2025-05-15 00:00:00
649.08,585,purchase,Austin,0,2025-05-15 01:00:00
525.68,560,purchase,San Diego,0,2025-05-15 02:00:00
2256.29,18,purchase,Philadelphia,0,2025-05-15 03:00:00
383.7,478,purchase,Houston,0,2025-05-15 04:00:00
2339.04,992,purchase,Houston,0,2025-05-15 05:00:00
4317.95,488,purchase,Dallas,1,2025-05-15 06:00:00
2197.78,983,purchase,Houston,0,2025-05-15 07:00:00
1456.44,779,purchase,San Antonio,0,2025-05-15 08:00:00
408.35,446,refund,Philadelphia,0,2025-05-15 09:00:00
470.2,340,purchase,Los Angeles,0,2025-05-15 10:00:00
3826.17,531,purchase,Phoenix,0,2025-05-15 11:00:00
2390.72,612,purchase,Chicago,0,2025-05-15 12:00:00
1054.67,116,purchase,Dallas,0,2025-05-15 13:00:00
722.05,858,purchase,Austin,0,2025-05-15 14:00:00
144.63,74,purchase,New York,0,2025-05-15 15:00:00
375.83,792,purchase,Austin,0,2025-05-15 16:00:00
7416.18,269,purchase,Houston,0,2025-05-15 17:00:00
304.77,637,purchase,Houston,0,2025-05-15 18:00:00
1325.41,116,purchase,Dallas,0,2025-05-15 19:00:00
3003.23,686,purchase,New York,0,2025-05-15 20:00:00
312.65,693,purchase,Los Angeles,0,2025-05-15 21:00:00
1319.11,738,purchase,New York,0,2025-05-15 22:00:00
2801.51,669,purchase,New York,0,2025-05-15 23:00:00
1110.43,164,purchase,New York,0,2025-05-16 00:00:00
19310.48,583,purchase,Chicago,0,2025-05-16 01:00:00
206.73,222,purchase,Houston,0,2025-05-16 02:00:00
3161.27,126,purchase,Austin,0,2025-05-16 03:00:00
922.6,657,purchase,Los Angeles,0,2025-05-16 04:00:00
2373.02,176,purchase,New York,0,2025-05-16 05:00:00
1704.98,973,purchase,Phoenix,0,2025-05-16 06:00:00
526.81,664,purchase,Philadelphia,0,2025-05-16 07:00:00
1378.84,694,refund,Los Angeles,0,2025-05-16 08:00:00
171.07,375,refund,Chicago,0,2025-05-16 09:00:00
2004.7,991,refund,Austin,0,2025-05-16 10:00:00
1477.58,859,purchase,Chicago,0,2025-05-16 11:00:00
2076.96,498,purchase,Los Angeles,0,2025-05-16 12:00:00
3159.34,85,purchase,Houston,0,2025-05-16 13:00:00
1583.86,876,refund,Phoenix,0,2025-05-16 14:00:00
1271.67,383,purchase,San Diego,0,2025-05-16 15:00:00
454.38,633,purchase,Philadelphia,0,2025-05-16 16:00:00
537.96,641,purchase,Dallas,0,2025-05-16 17:00:00
3592.97,463,purchase,Chicago,0,2025-05-16 18:00:00
4611.62,451,purchase,Austin,0,2025-05-16 19:00:00
864.27,518,purchase,Dallas,0,2025-05-16 20:00:00
1148.26,846,purchase,Houston,0,2025-05-16 21:00:00
443.81,695,refund,San Diego,0,2025-05-16 22:00:00
3543.1,550,purchase,Austin,0,2025-05-16 23:00:00
2133.28,929,purchase,San Antonio,0,2025-05-17 00:00:00
7640.49,116,purchase,San Antonio,0,2025-05-17 01:00:00
455.63,614,purchase,Dallas,0,2025-05-17 02:00:00
751.44,8,purchase,Austin,0,2025-05-17 03:00:00
1382.22,218,purchase,Los Angeles,0,2025-05-17 04:00:00
2093.28,719,purchase,Phoenix,0,2025-05-17 05:00:00
883.89,590,purchase,Chicago,0,2025-05-17 06:00:00
458.08,880,purchase,San Antonio,0,2025-05-17 07:00:00
2647.6,404,purchase,Chicago,0,2025-05-17 08:00:00
2255.52,567,purchase,Phoenix,0,2025-05-17 09:00:00
438.66,304,purchase,Phoenix,0,2025-05-17 10:00:00
4253.27,467,purchase,Los Angeles,0,2025-05-17 11:00:00
3534.05,952,purchase,New York,0,2025-05-17 12:00:00
1254.25,993,purchase,Philadelphia,0,2025-05-17 13:00:00
1187.49,740,purchase,New York,0,2025-05-17 14:00:00
1908.47,88,purchase,Dallas,0,2025-05-17 15:00:00
463.26,10,purchase,Austin,0,2025-05-17 16:00:00
1130.07,308,purchase,Phoenix,0,2025-05-17 17:00:00
127.44,434,purchase,New York,0,2025-05-17 18:00:00
2634.52,802,purchase,San Diego,0,2025-05-17 19:00:00
230.1,164,purchase,New York,0,2025-05-17 20:00:00
4931.61,239,purchase,Houston,0,2025-05-17 21:00:00
788.3,317,refund,San Antonio,0,2025-05-17 22:00:00
887.43,996,purchase,Houston,0,2025-05-17 23:00:00
585.38,656,purchase,Phoenix,0,2025-05-18 00:00:00
822.18,335,refund,San Antonio,0,2025-05-18 01:00:00
4530.25,18,purchase,Houston,0,2025-05-18 02:00:00
91.12,71,purchase,Phoenix,0,2025-05-18 03:00:00
3932.24,175,refund,San Antonio,0,2025-05-18 04:00:00
1537.67,854,refund,New York,0,2025-05-18 05:00:00
327.99,800,purchase,Chicago,0,2025-05-18 06:00:00
374.16,811,purchase,New York,0,2025-05-18 07:00:00
5862.86,339,purchase,Chicago,0,2025-05-18 08:00:00
426.02,936,purchase,Los Angeles,0,2025-05-18 09:00:00
346.07,248,purchase,Phoenix,0,2025-05-18 10:00:00
3419.72,193,purchase,Austin,0,2025-05-18 11:00:00
1538.48,419,refund,Phoenix,0,2025-05-18 12:00:00
429.26,325,purchase,Austin,0,2025-05-18 13:00:00
1361.88,306,purchase,Dallas,0,2025-05-18 14:00:00
393.17,780,purchase,San Diego,0,2025-05-18 15:00:00
3297.18,204,purchase,Chicago,0,2025-05-18 16:00:00
3169.63,853,purchase,New York,0,2025-05-18 17:00:00
1866.85,123,purchase,Phoenix,0,2025-05-18 18:00:00
1574.45,570,purchase,Chicago,0,2025-05-18 19:00:00
6381.69,851,purchase,Phoenix,0,2025-05-18 20:00:00
1096.29,447,purchase,Dallas,0,2025-05-18 21:00:00
336.34,713,purchase,New York,1,2025-05-18 22:00:00
1718.96,491,purchase,New York,0,2025-05-18 23:00:00
8831.21,433,purchase,Dallas,0,2025-05-19 00:00:00
397.52,624,purchase,Chicago,0,2025-05-19 01:00:00
763.98,128,purchase,Austin,0,2025-05-19 02:00:00
1663.11,548,purchase,Phoenix,0,2025-05-19 03:00:00
1039.08,746,refund,Dallas,0,2025-05-19 04:00:00
410.63,822,purchase,Phoenix,0,2025-05-19 05:00:00
3367.27,47,purchase,Chicago,0,2025-05-19 06:00:00
11159.44,505,purchase,Dallas,0,2025-05-19 07:00:00
1334.26,115,purchase,San Antonio,0,2025-05-19 08:00:00
444.05,416,purchase,San Antonio,0,2025-05-19 09:00:00
233.0,767,purchase,San Diego,0,2025-05-19 10:00:00
1419.38,995,purchase,Phoenix,0,2025-05-19 11:00:00
3307.27,223,purchase,Los Angeles,0,2025-05-19 12:00:00
1763.7,636,purchase,Dallas,0,2025-05-19 13:00:00
1094.0,949,purchase,Chicago,0,2025-05-19 14:00:00
608.34,503,purchase,Los Angeles,0,2025-05-19 15:00:00
367.91,672,purchase,Austin,0,2025-05-19 16:00:00
2526.91,958,purchase,Austin,0,2025-05-19 17:00:00
2734.69,933,purchase,Phoenix,0,2025-05-19 18:00:00
233.75,96,purchase,San Diego,0,2025-05-19 19:00:00
5376.75,107,purchase,Chicago,0,2025-05-19 20:00:00
1947.05,632,purchase,Philadelphia,0,2025-05-19 21:00:00
4445.26,613,purchase,Dallas,0,2025-05-19 22:00:00
286.54,615,purchase,Los Angeles,0,2025-05-19 23:00:00
279.83,678,refund,San Diego,0,2025-05-20 00:00:00
944.85,926,purchase,Austin,0,2025-05-20 01:00:00
1813.08,698,purchase,San Antonio,0,2025-05-20 02:00:00
6610.14,32,purchase,Chicago,0,2025-05-20 03:00:00
2221.81,493,purchase,New York,0,2025-05-20 04:00:00
860.33,66,purchase,Philadelphia,0,2025-05-20 05:00:00
392.93,179,refund,Los Angeles,0,2025-05-20 06:00:00
3751.84,779,purchase,Chicago,0,2025-05-20 07:00:00
417.92,443,purchase,Phoenix,0,2025-05-20 08:00:00
5588.51,916,purchase,San Diego,0,2025-05-20 09:00:00
825.19,549,purchase,Los Angeles,0,2025-05-20 10:00:00
5380.74,201,purchase,Philadelphia,0,2025-05-20 11:00:00
2162.31,870,purchase,New York,0,2025-05-20 12:00:00
956.24,49,purchase,San Antonio,0,2025-05-20 13:00:00
652.36,787,purchase,Houston,0,2025-05-20 14:00:00
779.84,951,purchase,New York,0,2025-05-20 15:00:00
1682.97,680,purchase,Dallas,0,2025-05-20 16:00:00
1184.6,263,purchase,Dallas,0,2025-05-20 17:00:00
605.58,133,refund,Chicago,0,2025-05-20 18:00:00
929.24,810,purchase,Philadelphia,0,2025-05-20 19:00:00
1186.28,344,purchase,San Antonio,0,2025-05-20 20:00:00
130.49,176,refund,Houston,0,2025-05-20 21:00:00
1733.97,391,purchase,Philadelphia,0,2025-05-20 22:00:00
411.69,11,purchase,Dallas,0,2025-05-20 23:00:00
346.08,201,purchase,Austin,0,2025-05-21 00:00:00
202.89,945,purchase,Philadelphia,0,2025-05-21 01:00:00
182.38,926,purchase,San Antonio,0,2025-05-21 02:00:00
282.75,809,purchase,Philadelphia,0,2025-05-21 03:00:00
539.68,3,refund,San Antonio,0,2025-05-21 04:00:00
7733.05,214,purchase,New York,0,2025-05-21 05:00:00
648.15,808,purchase,Philadelphia,0,2025-05-21 06:00:00
1309.96,307,purchase,Dallas,0,2025-05-21 07:00:00
1636.77,980,purchase,Chicago,0,2025-05-21 08:00:00
1250.21,544,purchase,Philadelphia,0,2025-05-21 09:00:00
1014.91,560,purchase,Houston,0,2025-05-21 10:00:00
331.86,327,purchase,San Antonio,0,2025-05-21 11:00:00
4679.41,764,purchase,San Antonio,0,2025-05-21 12:00:00
6682.16,199,purchase,Dallas,0,2025-05-21 13:00:00
203.84,916,refund,Houston,0,2025-05-21 14:00:00
393.85,601,purchase,San Diego,0,2025-05-21 15:00:00
828.97,109,refund,San Diego,0,2025-05-21 16:00:00
417.99,291,purchase,San Diego,0,2025-05-21 17:00:00
1818.86,108,purchase,San Diego,0,2025-05-21 18:00:00
529.39,408,purchase,Philadelphia,0,2025-05-21 19:00:00
9557.26,552,refund,San Diego,0,2025-05-21 20:00:00
3606.7,973,purchase,Philadelphia,0,2025-05-21 21:00:00
1356.38,52,purchase,Austin,0,2025-05-21 22:00:00
3062.5,112,purchase,Los Angeles,0,2025-05-21 23:00:00
3313.96,295,purchase,Chicago,0,2025-05-22 00:00:00
623.94,580,purchase,Philadelphia,0,2025-05-22 01:00:00
484.82,189,purchase,San Antonio,0,2025-05-22 02:00:00
1185.76,844,purchase,Houston,0,2025-05-22 03:00:00
2595.76,721,purchase,New York,0,2025-05-22 04:00:00
1260.24,65,purchase,Houston,0,2025-05-22 05:00:00
226.56,574,purchase,Philadelphia,0,2025-05-22 06:00:00
491.36,465,purchase,San Diego,0,2025-05-22 07:00:00
1018.44,258,purchase,Houston,0,2025-05-22 08:00:00
1016.72,646,purchase,Austin,0,2025-05-22 09:00:00
7883.62,634,purchase,New York,0,2025-05-22 10:00:00
274.24,331,refund,Phoenix,0,2025-05-22 11:00:00
1818.18,501,purchase,San Antonio,0,2025-05-22 12:00:00
4861.55,683,purchase,Philadelphia,0,2025-05-22 13:00:00
10630.15,210,purchase,Chicago,0,2025-05-22 14:00:00
731.87,808,purchase,San Antonio,0,2025-05-22 15:00:00
1792.61,89,purchase,Houston,0,2025-05-22 16:00:00
1938.68,679,purchase,Phoenix,0,2025-05-22 17:00:00
1333.39,28,refund,San Antonio,0,2025-05-22 18:00:00
993.42,238,purchase,Los Angeles,0,2025-05-22 19:00:00
1695.91,336,purchase,Houston,0,2025-05-22 20:00:00
87.16,63,purchase,Houston,0,2025-05-22 21:00:00
2169.1,960,purchase,Philadelphia,0,2025-05-22 22:00:00
1244.11,767,purchase,San Antonio,0,2025-05-22 23:00:00
877.89,908,refund,Houston,0,2025-05-23 00:00:00
8491.85,553,purchase,Austin,0,2025-05-23 01:00:00
558.39,500,purchase,New York,0,2025-05-23 02:00:00
732.84,541,purchase,New York,0,2025-05-23 03:00:00
8034.93,791,purchase,Phoenix,0,2025-05-23 04:00:00
477.2,469,purchase,New York,0,2025-05-23 05:00:00
632.63,592,purchase,Chicago,0,2025-05-23 06:00:00
946.69,51,purchase,Dallas,0,2025-05-23 07:00:00
2542.07,112,purchase,Chicago,0,2025-05-23 08:00:00
1349.92,873,purchase,Chicago,0,2025-05-23 09:00:00
301.08,301,purchase,Dallas,0,2025-05-23 10:00:00
644.09,90,purchase,Phoenix,0,2025-05-23 11:00:00
597.44,229,purchase,San Diego,0,2025-05-23 12:00:00
1015.14,150,purchase,Austin,0,2025-05-23 13:00:00
1678.82,755,purchase,Dallas,0,2025-05-23 14:00:00
1666.04,138,refund,Philadelphia,0,2025-05-23 15:00:00
185.67,135,refund,San Antonio,0,2025-05-23 16:00:00
3177.79,457,refund,San Antonio,0,2025-05-23 17:00:00
1411.73,601,purchase,San Antonio,0,2025-05-23 18:00:00
4378.81,494,purchase,Houston,0,2025-05-23 19:00:00
1709.91,527,refund,Los Angeles,0,2025-05-23 20:00:00
3298.83,333,purchase,Los Angeles,0,2025-05-23 21:00:00
1748.56,362,purchase,San Antonio,0,2025-05-23 22:00:00
4214.25,174,refund,Austin,0,2025-05-23 23:00:00
1848.72,602,purchase,San Antonio,0,2025-05-24 00:00:00
994.35,213,purchase,Austin,0,2025-05-24 01:00:00
10640.63,343,purchase,San Antonio,0,2025-05-24 02:00:00
2667.87,61,purchase,San Diego,0,2025-05-24 03:00:00
1946.41,876,purchase,Chicago,0,2025-05-24 04:00:00
306.03,732,purchase,Phoenix,0,2025-05-24 05:00:00
302.38,61,purchase,Philadelphia,0,2025-05-24 06:00:00
1469.56,819,purchase,San Diego,0,2025-05-24 07:00:00
1268.41,678,purchase,San Diego,0,2025-05-24 08:00:00
593.41,524,purchase,Austin,0,2025-05-24 09:00:00
1262.67,216,purchase,Chicago,0,2025-05-24 10:00:00
5370.23,589,purchase,Houston,0,2025-05-24 11:00:00
2198.22,744,purchase,Philadelphia,0,2025-05-24 12:00:00
350.37,624,purchase,Houston,0,2025-05-24 13:00:00
980.92,578,purchase,Austin,0,2025-05-24 14:00:00
490.31,694,purchase,Houston,0,2025-05-24 15:00:00
744.19,423,purchase,Phoenix,0,2025-05-24 16:00:00
725.15,716,purchase,Austin,0,2025-05-24 17:00:00
680.18,423,purchase,San Antonio,0,2025-05-24 18:00:00
312.58,371,refund,Los Angeles,0,2025-05-24 19:00:00
965.21,206,refund,Los Angeles,0,2025-05-24 20:00:00
626.03,286,purchase,Austin,0,2025-05-24 21:00:00
58.59,105,purchase,Dallas,0,2025-05-24 22:00:00
8543.89,754,purchase,Houston,0,2025-05-24 23:00:00
3257.68,747,purchase,Phoenix,0,2025-05-25 00:00:00
752.72,688,purchase,Chicago,0,2025-05-25 01:00:00
1117.47,723,purchase,Los Angeles,0,2025-05-25 02:00:00
339.8,543,purchase,Austin,0,2025-05-25 03:00:00
5977.29,747,purchase,San Diego,0,2025-05-25 04:00:00
7312.12,242,purchase,Houston,0,2025-05-25 05:00:00
1282.66,491,purchase,New York,0,2025-05-25 06:00:00
3051.93,665,purchase,Philadelphia,0,2025-05-25 07:00:00
1306.73,708,purchase,Philadelphia,0,2025-05-25 08:00:00
288.09,498,refund,Los Angeles,0,2025-05-25 09:00:00
726.46,435,purchase,Los Angeles,0,2025-05-25 10:00:00
1251.29,781,purchase,San Diego,0,2025-05-25 11:00:00
696.07,484,refund,San Antonio,0,2025-05-25 12:00:00
881.25,447,refund,Los Angeles,0,2025-05-25 13:00:00
1000.85,384,purchase,Austin,0,2025-05-25 14:00:00
1011.43,510,purchase,New York,0,2025-05-25 15:00:00
1155.47,170,purchase,San Diego,0,2025-05-25 16:00:00
379.71,950,purchase,Austin,0,2025-05-25 17:00:00
535.38,869,refund,Los Angeles,0,2025-05-25 18:00:00
303.51,323,purchase,Phoenix,0,2025-05-25 19:00:00
2915.56,848,purchase,Philadelphia,0,2025-05-25 20:00:00
133.53,474,purchase,Austin,0,2025-05-25 21:00:00
3475.84,232,purchase,New York,0,2025-05-25 22:00:00
4386.77,696,purchase,Los Angeles,0,2025-05-25 23:00:00
810.64,359,purchase,Austin,0,2025-05-26 00:00:00
81.2,275,purchase,Houston,0,2025-05-26 01:00:00
764.09,942,purchase,Los Angeles,0,2025-05-26 02:00:00
1028.46,911,purchase,Philadelphia,0,2025-05-26 03:00:00
399.18,32,purchase,Houston,0,2025-05-26 04:00:00
655.1,177,purchase,Chicago,0,2025-05-26 05:00:00
5065.43,917,purchase,Philadelphia,0,2025-05-26 06:00:00
2132.24,65,purchase,Dallas,0,2025-05-26 07:00:00
435.04,710,purchase,San Diego,0,2025-05-26 08:00:00
221.94,27,purchase,Los Angeles,0,2025-05-26 09:00:00
790.75,663,purchase,Chicago,0,2025-05-26 10:00:00
885.85,815,refund,Los Angeles,0,2025-05-26 11:00:00
1801.18,479,purchase,Austin,0,2025-05-26 12:00:00
642.06,268,purchase,San Antonio,0,2025-05-26 13:00:00
1828.95,597,purchase,Dallas,0,2025-05-26 14:00:00
7594.31,66,purchase,New York,0,2025-05-26 15:00:00
2478.73,133,refund,Chicago,0,2025-05-26 16:00:00
1045.15,905,purchase,Philadelphia,0,2025-05-26 17:00:00
913.1,916,purchase,Houston,0,2025-05-26 18:00:00
767.64,366,purchase,Austin,0,2025-05-26 19:00:00
3571.14,82,purchase,Austin,0,2025-05-26 20:00:00
585.63,893,purchase,New York,0,2025-05-26 21:00:00
1147.36,831,purchase,Dallas,0,2025-05-26 22:00:00
1154.24,982,purchase,San Antonio,0,2025-05-26 23:00:00
663.96,328,purchase,San Antonio,0,2025-05-27 00:00:00
277.98,98,purchase,New York,0,2025-05-27 01:00:00
1514.7,585,purchase,Dallas,0,2025-05-27 02:00:00
1031.73,327,purchase,San Diego,0,2025-05-27 03:00:00
1808.48,542,purchase,Austin,0,2025-05-27 04:00:00
643.16,125,purchase,Phoenix,0,2025-05-27 05:00:00
3717.55,210,purchase,Houston,0,2025-05-27 06:00:00
456.33,987,purchase,New York,0,2025-05-27 07:00:00
6075.63,784,purchase,Dallas,0,2025-05-27 08:00:00
191.02,725,purchase,San Diego,0,2025-05-27 09:00:00
1693.87,133,refund,Los Angeles,0,2025-05-27 10:00:00
1764.16,503,purchase,Houston,0,2025-05-27 11:00:00
494.94,157,purchase,Houston,0,2025-05-27 12:00:00
1676.38,559,refund,San Antonio,0,2025-05-27 13:00:00
3942.3,869,refund,Chicago,0,2025-05-27 14:00:00
119.48,875,purchase,San Diego,0,2025-05-27 15:00:00
1813.01,382,purchase,San Antonio,0,2025-05-27 16:00:00
90.62,22,purchase,Austin,0,2025-05-27 17:00:00
417.52,974,purchase,Houston,0,2025-05-27 18:00:00
5592.41,953,purchase,Dallas,0,2025-05-27 19:00:00
612.91,595,purchase,Philadelphia,0,2025-05-27 20:00:00
339.04,419,purchase,Chicago,0,2025-05-27 21:00:00
899.7,472,purchase,San Antonio,0,2025-05-27 22:00:00
8672.45,234,purchase,Philadelphia,0,2025-05-27 23:00:00
175.62,572,purchase,San Diego,0,2025-05-28 00:00:00
383.25,454,refund,Phoenix,0,2025-05-28 01:00:00
4902.16,700,purchase,Philadelphia,0,2025-05-28 02:00:00
7028.32,570,purchase,New York,0,2025-05-28 03:00:00
988.88,771,refund,San Diego,0,2025-05-28 04:00:00
317.65,162,refund,New York,0,2025-05-28 05:00:00
8918.15,301,purchase,Chicago,0,2025-05-28 06:00:00
5401.56,306,refund,Los Angeles,0,2025-05-28 07:00:00
2162.34,2,purchase,Philadelphia,0,2025-05-28 08:00:00
486.68,271,purchase,San Diego,0,2025-05-28 09:00:00
1044.16,421,purchase,San Diego,0,2025-05-28 10:00:00
934.15,143,purchase,San Antonio,0,2025-05-28 11:00:00
1526.68,700,purchase,San Antonio,0,2025-05-28 12:00:00
4679.76,864,purchase,San Diego,0,2025-05-28 13:00:00
2642.33,853,purchase,Phoenix,0,2025-05-28 14:00:00
373.39,960,purchase,Chicago,0,2025-05-28 15:00:00
4343.76,977,purchase,Los Angeles,0,2025-05-28 16:00:00
1499.87,994,purchase,Chicago,0,2025-05-28 17:00:00
2179.97,736,purchase,Chicago,0,2025-05-28 18:00:00
4753.05,879,purchase,San Antonio,0,2025-05-28 19:00:00
360.83,692,purchase,New York,0,2025-05-28 20:00:00
1058.04,535,purchase,San Antonio,0,2025-05-28 21:00:00
644.55,867,purchase,Philadelphia,0,2025-05-28 22:00:00
228.64,37,purchase,Austin,0,2025-05-28 23:00:00
1551.09,107,purchase,Los Angeles,0,2025-05-29 00:00:00
13515.01,297,refund,Austin,0,2025-05-29 01:00:00
174.15,741,purchase,New York,0,2025-05-29 02:00:00
1061.8,825,purchase,Dallas,0,2025-05-29 03:00:00
2080.87,97,purchase,Los Angeles,0,2025-05-29 04:00:00
1240.26,281,purchase,Houston,0,2025-05-29 05:00:00
979.33,110,refund,Dallas,0,2025-05-29 06:00:00
299.1,549,purchase,Dallas,0,2025-05-29 07:00:00
1384.07,552,purchase,New York,0,2025-05-29 08:00:00
514.52,597,purchase,Los Angeles,0,2025-05-29 09:00:00
122.74,814,purchase,Los Angeles,0,2025-05-29 10:00:00
3621.31,188,purchase,Los Angeles,0,2025-05-29 11:00:00
2859.45,752,purchase,San Diego,0,2025-05-29 12:00:00
1154.78,870,refund,San Diego,0,2025-05-29 13:00:00
1378.95,488,purchase,Austin,0,2025-05-29 14:00:00
3210.94,354,purchase,San Diego,0,2025-05-29 15:00:00
1372.43,19,purchase,Houston,0,2025-05-29 16:00:00
2708.14,859,purchase,San Diego,0,2025-05-29 17:00:00
814.45,393,purchase,San Antonio,0,2025-05-29 18:00:00
4072.38,837,purchase,San Diego,0,2025-05-29 19:00:00
1511.39,261,purchase,New York,0,2025-05-29 20:00:00
1331.49,985,purchase,Chicago,0,2025-05-29 21:00:00
307.95,410,purchase,Austin,0,2025-05-29 22:00:00
1461.12,403,purchase,Philadelphia,0,2025-05-29 23:00:00
477.25,670,purchase,New York,0,2025-05-30 00:00:00
579.24,484,purchase,Houston,0,2025-05-30 01:00:00
485.23,304,purchase,Dallas,0,2025-05-30 02:00:00
377.57,624,purchase,San Antonio,0,2025-05-30 03:00:00
9179.9,656,purchase,New York,0,2025-05-30 04:00:00
4151.97,768,purchase,Philadelphia,0,2025-05-30 05:00:00
7482.84,967,purchase,Philadelphia,0,2025-05-30 06:00:00
322.82,18,purchase,Los Angeles,0,2025-05-30 07:00:00
1177.62,184,purchase,Philadelphia,0,2025-05-30 08:00:00
300.81,405,refund,Austin,0,2025-05-30 09:00:00
546.92,799,purchase,Los Angeles,0,2025-05-30 10:00:00
437.85,897,purchase,San Diego,0,2025-05-30 11:00:00
3787.96,131,purchase,San Antonio,0,2025-05-30 12:00:00
737.87,479,purchase,Philadelphia,0,2025-05-30 13:00:00
3191.92,793,purchase,Austin,0,2025-05-30 14:00:00
2006.45,757,purchase,Philadelphia,0,2025-05-30 15:00:00
10977.89,8,purchase,Dallas,0,2025-05-30 16:00:00
249.77,705,purchase,Dallas,0,2025-05-30 17:00:00
3863.13,318,purchase,Austin,0,2025-05-30 18:00:00
3451.07,391,purchase,Austin,0,2025-05-30 19:00:00
414.31,519,purchase,Los Angeles,0,2025-05-30 20:00:00
3002.3,136,purchase,Chicago,0,2025-05-30 21:00:00
1534.78,531,purchase,Austin,0,2025-05-30 22:00:00
873.51,913,purchase,San Antonio,0,2025-05-30 23:00:00
481.09,651,purchase,Austin,0,2025-05-31 00:00:00
534.26,367,purchase,Dallas,0,2025-05-31 01:00:00
8516.94,489,purchase,Philadelphia,0,2025-05-31 02:00:00
1097.38,689,purchase,New York,0,2025-05-31 03:00:00
2397.38,11,purchase,San Antonio,0,2025-05-31 04:00:00
497.25,998,purchase,New York,0,2025-05-31 05:00:00
502.78,553,purchase,Phoenix,0,2025-05-31 06:00:00
3235.65,446,purchase,Dallas,0,2025-05-31 07:00:00
284.41,114,purchase,Austin,0,2025-05-31 08:00:00
724.0,692,purchase,Austin,0,2025-05-31 09:00:00
1134.59,706,purchase,Dallas,0,2025-05-31 10:00:00
1225.83,196,refund,New York,0,2025-05-31 11:00:00
916.82,860,refund,Philadelphia,0,2025-05-31 12:00:00
1629.16,737,purchase,Chicago,0,2025-05-31 13:00:00
2192.63,843,refund,Dallas,0,2025-05-31 14:00:00
2286.18,323,purchase,Chicago,0,2025-05-31 15:00:00
409.2,936,refund,Los Angeles,0,2025-05-31 16:00:00
825.38,773,purchase,San Diego,0,2025-05-31 17:00:00
3621.93,512,purchase,Chicago,0,2025-05-31 18:00:00
2682.88,628,purchase,Phoenix,0,2025-05-31 19:00:00
277.87,981,purchase,Philadelphia,0,2025-05-31 20:00:00
1558.5,662,purchase,Austin,0,2025-05-31 21:00:00
151.68,630,purchase,Austin,0,2025-05-31 22:00:00
1149.33,165,refund,New York,0,2025-05-31 23:00:00
7315.62,252,purchase,San Antonio,0,2025-06-01 00:00:00
425.01,779,purchase,San Antonio,0,2025-06-01 01:00:00
476.12,44,purchase,Phoenix,0,2025-06-01 02:00:00
2354.37,470,purchase,Dallas,0,2025-06-01 03:00:00
234.44,489,purchase,Los Angeles,0,2025-06-01 04:00:00
582.45,181,purchase,Phoenix,0,2025-06-01 05:00:00
1991.1,77,purchase,Los Angeles,0,2025-06-01 06:00:00
581.56,374,purchase,Los Angeles,0,2025-06-01 07:00:00
866.13,628,purchase,Dallas,0,2025-06-01 08:00:00
2308.11,957,purchase,San Antonio,0,2025-06-01 09:00:00
1671.62,67,purchase,Houston,0,2025-06-01 10:00:00
1431.99,525,purchase,San Diego,0,2025-06-01 11:00:00
781.24,92,refund,Houston,0,2025-06-01 12:00:00
1587.73,758,refund,New York,0,2025-06-01 13:00:00
969.0,779,purchase,Austin,0,2025-06-01 14:00:00
1733.34,651,purchase,Chicago,0,2025-06-01 15:00:00
667.19,853,purchase,Austin,0,2025-06-01 16:00:00
913.63,244,purchase,New York,0,2025-06-01 17:00:00
407.5,341,purchase,Los Angeles,0,2025-06-01 18:00:00
1058.91,903,purchase,Los Angeles,0,2025-06-01 19:00:00
487.36,785,purchase,San Antonio,0,2025-06-01 20:00:00
359.95,304,purchase,Houston,0,2025-06-01 21:00:00
1420.35,398,purchase,Austin,0,2025-06-01 22:00:00
1356.6,703,purchase,Dallas,0,2025-06-01 23:00:00
2399.16,448,purchase,Los Angeles,0,2025-06-02 00:00:00
712.57,97,purchase,Dallas,0,2025-06-02 01:00:00
1649.21,331,purchase,Philadelphia,0,2025-06-02 02:00:00
1902.26,205,purchase,Austin,0,2025-06-02 03:00:00
1710.9,449,refund,San Diego,0,2025-06-02 04:00:00
480.27,418,purchase,San Antonio,0,2025-06-02 05:00:00
1273.3,649,refund,San Diego,0,2025-06-02 06:00:00
1578.36,77,purchase,Dallas,0,2025-06-02 07:00:00
1104.53,896,refund,San Diego,0,2025-06-02 08:00:00
136.12,549,purchase,Philadelphia,0,2025-06-02 09:00:00
1287.54,798,purchase,San Diego,0,2025-06-02 10:00:00
10021.93,425,purchase,San Diego,0,2025-06-02 11:00:00
765.06,429,purchase,Los Angeles,0,2025-06-02 12:00:00
529.49,485,purchase,Los Angeles,0,2025-06-02 13:00:00
1592.96,815,purchase,New York,0,2025-06-02 14:00:00
1498.74,135,purchase,Austin,0,2025-06-02 15:00:00
3614.6,654,purchase,Los Angeles,0,2025-06-02 16:00:00
311.73,254,purchase,San Antonio,0,2025-06-02 17:00:00
2278.75,560,purchase,Chicago,0,2025-06-02 18:00:00
1979.15,255,purchase,Houston,0,2025-06-02 19:00:00
951.32,646,purchase,Houston,0,2025-06-02 20:00:00
1538.69,802,purchase,Houston,0,2025-06-02 21:00:00
3070.08,720,purchase,Los Angeles,0,2025-06-02 22:00:00
2623.63,499,refund,Philadelphia,0,2025-06-02 23:00:00
349.67,613,purchase,New York,0,2025-06-03 00:00:00
2490.3,484,purchase,Phoenix,0,2025-06-03 01:00:00
1027.94,46,purchase,Los Angeles,0,2025-06-03 02:00:00
1179.53,443,purchase,Dallas,0,2025-06-03 03:00:00
1179.91,582,purchase,Los Angeles,0,2025-06-03 04:00:00
943.65,648,purchase,Philadelphia,0,2025-06-03 05:00:00
3610.88,792,purchase,Houston,0,2025-06-03 06:00:00
1008.56,579,refund,Philadelphia,0,2025-06-03 07:00:00
357.97,4,purchase,Los Angeles,0,2025-06-03 08:00:00
739.87,736,purchase,Los Angeles,0,2025-06-03 09:00:00
1311.2,1,purchase,San Antonio,0,2025-06-03 10:00:00
3748.89,290,purchase,Chicago,0,2025-06-03 11:00:00
2004.39,109,purchase,Chicago,0,2025-06-03 12:00:00
468.47,777,purchase,San Antonio,0,2025-06-03 13:00:00
13163.33,575,purchase,San Diego,0,2025-06-03 14:00:00
1429.06,460,purchase,San Antonio,0,2025-06-03 15:00:00
3926.06,266,purchase,Chicago,0,2025-06-03 16:00:00
942.26,138,purchase,Chicago,0,2025-06-03 17:00:00
1869.37,434,refund,San Antonio,0,2025-06-03 18:00:00
2538.86,44,refund,Chicago,0,2025-06-03 19:00:00
3707.8,886,purchase,Los Angeles,0,2025-06-03 20:00:00
3156.97,510,purchase,San Antonio,0,2025-06-03 21:00:00
2623.32,944,purchase,Chicago,0,2025-06-03 22:00:00
800.24,983,purchase,Phoenix,0,2025-06-03 23:00:00
619.09,262,purchase,San Antonio,0,2025-06-04 00:00:00
1529.36,728,purchase,Los Angeles,0,2025-06-04 01:00:00
2788.13,633,purchase,San Diego,0,2025-06-04 02:00:00
877.68,152,refund,Los Angeles,0,2025-06-04 03:00:00
3181.7,213,purchase,Houston,0,2025-06-04 04:00:00
4687.32,234,purchase,Houston,0,2025-06-04 05:00:00
438.64,863,purchase,San Diego,0,2025-06-04 06:00:00
474.89,623,refund,New York,0,2025-06-04 07:00:00
953.01,954,purchase,Dallas,0,2025-06-04 08:00:00
1491.61,361,refund,Philadelphia,0,2025-06-04 09:00:00
649.0,320,purchase,Houston,0,2025-06-04 10:00:00
4239.51,222,purchase,Philadelphia,0,2025-06-04 11:00:00
1675.84,952,purchase,Philadelphia,0,2025-06-04 12:00:00
1140.76,738,purchase,Dallas,0,2025-06-04 13:00:00
260.89,210,purchase,Houston,0,2025-06-04 14:00:00
294.18,396,purchase,San Diego,0,2025-06-04 15:00:00
1452.45,931,refund,New York,0,2025-06-04 16:00:00
129.98,583,purchase,Philadelphia,0,2025-06-04 17:00:00
3018.87,489,purchase,Phoenix,0,2025-06-04 18:00:00
936.22,872,purchase,Chicago,0,2025-06-04 19:00:00
28087.87,601,purchase,Houston,0,2025-06-04 20:00:00
11024.95,774,purchase,San Diego,0,2025-06-04 21:00:00
914.66,961,purchase,Austin,0,2025-06-04 22:00:00
986.01,878,purchase,Los Angeles,0,2025-06-04 23:00:00
2967.82,464,purchase,San Diego,0,2025-06-05 00:00:00
6021.99,700,purchase,San Antonio,0,2025-06-05 01:00:00
213.14,624,purchase,New York,0,2025-06-05 02:00:00
183.76,452,purchase,Los Angeles,0,2025-06-05 03:00:00
588.73,413,purchase,San Antonio,0,2025-06-05 04:00:00
1964.0,934,refund,Chicago,0,2025-06-05 05:00:00
1802.4,751,purchase,Los Angeles,0,2025-06-05 06:00:00
3196.37,476,refund,New York,0,2025-06-05 07:00:00
330.4,256,purchase,San Antonio,0,2025-06-05 08:00:00
108.19,150,purchase,Chicago,0,2025-06-05 09:00:00
2586.38,127,purchase,Philadelphia,0,2025-06-05 10:00:00
479.05,392,purchase,Austin,0,2025-06-05 11:00:00
145.69,831,purchase,San Diego,0,2025-06-05 12:00:00
1267.83,480,refund,Philadelphia,0,2025-06-05 13:00:00
2424.0,993,purchase,San Antonio,0,2025-06-05 14:00:00
970.63,397,purchase,Philadelphia,0,2025-06-05 15:00:00
693.78,923,purchase,San Antonio,0,2025-06-05 16:00:00
935.09,402,purchase,Phoenix,0,2025-06-05 17:00:00
757.04,274,purchase,Dallas,0,2025-06-05 18:00:00
284.85,845,refund,Chicago,0,2025-06-05 19:00:00
536.64,982,purchase,Philadelphia,0,2025-06-05 20:00:00
1846.93,958,refund,Dallas,0,2025-06-05 21:00:00
1512.74,910,purchase,New York,0,2025-06-05 22:00:00
1297.33,139,purchase,Phoenix,0,2025-06-05 23:00:00
405.39,103,purchase,Houston,0,2025-06-06 00:00:00
914.61,242,purchase,Dallas,0,2025-06-06 01:00:00
124.33,117,purchase,New York,0,2025-06-06 02:00:00
1310.91,214,purchase,Houston,0,2025-06-06 03:00:00
4577.27,484,refund,New York,0,2025-06-06 04:00:00
251.1,529,purchase,Chicago,0,2025-06-06 05:00:00
610.37,691,refund,Houston,0,2025-06-06 06:00:00
1524.02,224,purchase,New York,0,2025-06-06 07:00:00
3838.52,270,purchase,Phoenix,0,2025-06-06 08:00:00
700.49,825,purchase,Philadelphia,0,2025-06-06 09:00:00
548.81,861,purchase,New York,0,2025-06-06 10:00:00
153.1,134,purchase,Austin,0,2025-06-06 11:00:00
1216.14,114,purchase,Austin,0,2025-06-06 12:00:00
8451.3,441,purchase,Houston,0,2025-06-06 13:00:00
1447.16,644,purchase,Houston,0,2025-06-06 14:00:00
1072.47,651,purchase,New York,0,2025-06-06 15:00:00
1513.35,365,purchase,Los Angeles,0,2025-06-06 16:00:00
1084.54,232,purchase,Austin,0,2025-06-06 17:00:00
486.38,458,purchase,Phoenix,0,2025-06-06 18:00:00
2498.09,375,purchase,Los Angeles,0,2025-06-06 19:00:00
1374.38,604,refund,Chicago,0,2025-06-06 20:00:00
1116.12,779,purchase,Dallas,0,2025-06-06 21:00:00
413.49,611,purchase,Phoenix,0,2025-06-06 22:00:00
4038.01,207,purchase,New York,0,2025-06-06 23:00:00
2131.76,520,purchase,Phoenix,0,2025-06-07 00:00:00
630.86,468,purchase,Chicago,0,2025-06-07 01:00:00
2986.4,882,purchase,New York,0,2025-06-07 02:00:00
666.76,443,purchase,Chicago,0,2025-06-07 03:00:00
501.7,917,purchase,Philadelphia,0,2025-06-07 04:00:00
513.01,321,purchase,Austin,0,2025-06-07 05:00:00
186.59,93,purchase,Phoenix,0,2025-06-07 06:00:00
1757.32,408,refund,New York,1,2025-06-07 07:00:00
175.71,158,purchase,Los Angeles,0,2025-06-07 08:00:00
321.04,872,purchase,Phoenix,0,2025-06-07 09:00:00
137.61,99,purchase,Dallas,0,2025-06-07 10:00:00
1006.19,225,purchase,Phoenix,0,2025-06-07 11:00:00
943.58,852,refund,Phoenix,0,2025-06-07 12:00:00
791.0,441,purchase,New York,0,2025-06-07 13:00:00
386.61,720,purchase,Phoenix,0,2025-06-07 14:00:00
339.6,585,purchase,San Diego,0,2025-06-07 15:00:00
1744.76,991,purchase,Dallas,0,2025-06-07 16:00:00
632.35,401,purchase,Austin,0,2025-06-07 17:00:00
1504.71,571,refund,Chicago,0,2025-06-07 18:00:00
452.48,799,purchase,Houston,0,2025-06-07 19:00:00
1314.3,64,purchase,San Antonio,0,2025-06-07 20:00:00
4037.08,768,purchase,San Antonio,0,2025-06-07 21:00:00
1970.74,560,purchase,New York,0,2025-06-07 22:00:00
726.03,279,purchase,Philadelphia,0,2025-06-07 23:00:00
1418.28,710,purchase,Dallas,0,2025-06-08 00:00:00
862.07,670,purchase,Phoenix,0,2025-06-08 01:00:00
1105.31,823,purchase,San Diego,0,2025-06-08 02:00:00
791.86,519,purchase,Austin,0,2025-06-08 03:00:00
930.45,248,purchase,Dallas,0,2025-06-08 04:00:00
1355.73,368,purchase,Austin,0,2025-06-08 05:00:00
406.12,744,purchase,Austin,0,2025-06-08 06:00:00
397.07,618,purchase,Chicago,0,2025-06-08 07:00:00
273.54,971,purchase,New York,0,2025-06-08 08:00:00
221.35,98,refund,Los Angeles,0,2025-06-08 09:00:00
324.64,268,refund,Phoenix,0,2025-06-08 10:00:00
1286.22,60,refund,Austin,0,2025-06-08 11:00:00
449.09,500,refund,San Antonio,0,2025-06-08 12:00:00
1832.83,308,purchase,Philadelphia,0,2025-06-08 13:00:00
1135.37,493,refund,Houston,0,2025-06-08 14:00:00
153.16,411,refund,Dallas,0,2025-06-08 15:00:00
2111.12,140,purchase,Houston,0,2025-06-08 16:00:00
2467.1,909,purchase,Chicago,0,2025-06-08 17:00:00
405.91,328,purchase,Phoenix,0,2025-06-08 18:00:00
1669.35,464,purchase,Houston,0,2025-06-08 19:00:00
465.68,702,purchase,Los Angeles,0,2025-06-08 20:00:00
1209.15,637,purchase,Chicago,0,2025-06-08 21:00:00
309.67,925,purchase,San Antonio,0,2025-06-08 22:00:00
182.53,163,purchase,Los Angeles,0,2025-06-08 23:00:00
747.84,60,purchase,New York,0,2025-06-09 00:00:00
969.01,925,refund,Los Angeles,0,2025-06-09 01:00:00
736.8,31,purchase,San Diego,0,2025-06-09 02:00:00
335.62,333,refund,San Diego,0,2025-06-09 03:00:00
735.17,76,purchase,Austin,0,2025-06-09 04:00:00
1435.54,755,purchase,Los Angeles,0,2025-06-09 05:00:00
1048.49,317,purchase,Philadelphia,0,2025-06-09 06:00:00
1316.2,770,purchase,San Antonio,0,2025-06-09 07:00:00
561.09,417,purchase,New York,0,2025-06-09 08:00:00
3539.42,968,purchase,San Antonio,0,2025-06-09 09:00:00
338.26,190,purchase,San Diego,0,2025-06-09 10:00:00
1785.69,489,purchase,Dallas,0,2025-06-09 11:00:00
3575.61,889,purchase,San Diego,0,2025-06-09 12:00:00
1773.85,315,purchase,Chicago,0,2025-06-09 13:00:00
895.58,296,purchase,San Diego,0,2025-06-09 14:00:00
646.58,501,purchase,Chicago,0,2025-06-09 15:00:00
3090.5,177,purchase,Philadelphia,0,2025-06-09 16:00:00
264.28,800,refund,Houston,0,2025-06-09 17:00:00
415.66,806,purchase,San Antonio,0,2025-06-09 18:00:00
736.89,860,refund,San Diego,0,2025-06-09 19:00:00
3780.66,719,purchase,Austin,0,2025-06-09 20:00:00
1603.22,215,purchase,Philadelphia,0,2025-06-09 21:00:00
416.53,856,purchase,Austin,0,2025-06-09 22:00:00
804.07,653,purchase,Houston,0,2025-06-09 23:00:00
593.29,597,purchase,San Diego,0,2025-06-10 00:00:00
539.27,694,purchase,San Antonio,0,2025-06-10 01:00:00
2918.69,332,purchase,Austin,0,2025-06-10 02:00:00
278.18,128,purchase,San Diego,0,2025-06-10 03:00:00
5479.56,269,refund,Austin,0,2025-06-10 04:00:00
2510.48,551,purchase,San Antonio,0,2025-06-10 05:00:00
3264.5,535,refund,Chicago,0,2025-06-10 06:00:00
690.25,754,purchase,Chicago,0,2025-06-10 07:00:00
943.94,366,purchase,Dallas,0,2025-06-10 08:00:00
261.61,619,purchase,San Antonio,0,2025-06-10 09:00:00
648.94,348,purchase,New York,0,2025-06-10 10:00:00
1796.61,142,refund,Chicago,0,2025-06-10 11:00:00
4008.06,145,purchase,New York,0,2025-06-10 12:00:00
362.43,792,purchase,Philadelphia,0,2025-06-10 13:00:00
760.89,245,refund,Los Angeles,0,2025-06-10 14:00:00
942.66,442,purchase,San Antonio,0,2025-06-10 15:00:00
271.57,703,purchase,San Diego,0,2025-06-10 16:00:00
1980.98,290,purchase,Philadelphia,0,2025-06-10 17:00:00
531.66,691,purchase,Phoenix,0,2025-06-10 18:00:00
902.0,112,purchase,Austin,0,2025-06-10 19:00:00
697.88,214,purchase,Houston,0,2025-06-10 20:00:00
498.03,650,purchase,Dallas,0,2025-06-10 21:00:00
1088.93,886,purchase,San Diego,0,2025-06-10 22:00:00
883.94,200,purchase,Phoenix,0,2025-06-10 23:00:00
756.08,405,refund,New York,0,2025-06-11 00:00:00
529.29,421,purchase,San Diego,0,2025-06-11 01:00:00
1509.49,7,purchase,San Diego,0,2025-06-11 02:00:00
5730.84,858,purchase,San Antonio,0,2025-06-11 03:00:00
1261.29,525,purchase,San Antonio,0,2025-06-11 04:00:00
2969.41,592,purchase,San Diego,0,2025-06-11 05:00:00
273.08,286,purchase,New York,0,2025-06-11 06:00:00
1284.03,671,purchase,Chicago,0,2025-06-11 07:00:00
366.0,389,refund,Houston,0,2025-06-11 08:00:00
250.4,416,purchase,Philadelphia,0,2025-06-11 09:00:00
523.55,784,purchase,Austin,0,2025-06-11 10:00:00
3611.58,713,purchase,Austin,0,2025-06-11 11:00:00
2835.62,150,purchase,Dallas,0,2025-06-11 12:00:00
1398.29,960,purchase,Houston,0,2025-06-11 13:00:00
236.82,428,purchase,Philadelphia,0,2025-06-11 14:00:00
901.19,808,purchase,Dallas,0,2025-06-11 15:00:00
1482.82,293,purchase,Dallas,0,2025-06-11 16:00:00
1307.06,334,refund,Philadelphia,0,2025-06-11 17:00:00
173.5,272,purchase,Phoenix,0,2025-06-11 18:00:00
450.2,43,purchase,Chicago,0,2025-06-11 19:00:00
1028.57,468,purchase,Phoenix,0,2025-06-11 20:00:00
1874.86,319,purchase,Chicago,0,2025-06-11 21:00:00
121.98,492,purchase,Phoenix,0,2025-06-11 22:00:00
932.51,527,purchase,Austin,0,2025-06-11 23:00:00
1265.28,760,purchase,Austin,0,2025-06-12 00:00:00
2564.74,172,purchase,New York,0,2025-06-12 01:00:00
2192.63,730,purchase,Philadelphia,0,2025-06-12 02:00:00
1963.67,649,purchase,San Antonio,0,2025-06-12 03:00:00
492.78,321,purchase,Los Angeles,0,2025-06-12 04:00:00
162.71,739,refund,Chicago,0,2025-06-12 05:00:00
740.22,44,purchase,Austin,0,2025-06-12 06:00:00
2985.83,532,purchase,Dallas,0,2025-06-12 07:00:00
4418.05,631,refund,San Diego,0,2025-06-12 08:00:00
2231.77,454,purchase,Houston,0,2025-06-12 09:00:00
1684.7,746,purchase,San Diego,0,2025-06-12 10:00:00
1603.01,970,purchase,San Diego,0,2025-06-12 11:00:00
628.84,880,purchase,Philadelphia,0,2025-06-12 12:00:00
962.89,891,refund,New York,0,2025-06-12 13:00:00
5820.08,929,purchase,Los Angeles,0,2025-06-12 14:00:00
427.28,848,refund,Houston,0,2025-06-12 15:00:00
5512.53,868,purchase,Houston,0,2025-06-12 16:00:00
794.71,774,refund,Los Angeles,0,2025-06-12 17:00:00
4127.52,83,purchase,Dallas,0,2025-06-12 18:00:00
268.59,543,refund,Los Angeles,0,2025-06-12 19:00:00
1970.23,322,refund,Philadelphia,0,2025-06-12 20:00:00
524.91,786,purchase,Phoenix,0,2025-06-12 21:00:00
266.33,234,purchase,Houston,0,2025-06-12 22:00:00
1364.49,540,purchase,Philadelphia,0,2025-06-12 23:00:00
3009.33,252,refund,Houston,0,2025-06-13 00:00:00
471.09,836,purchase,Dallas,0,2025-06-13 01:00:00
244.93,765,purchase,Austin,0,2025-06-13 02:00:00
1000.4,449,refund,San Antonio,0,2025-06-13 03:00:00
1004.82,239,purchase,Chicago,0,2025-06-13 04:00:00
1897.55,490,purchase,Austin,0,2025-06-13 05:00:00
2834.43,882,purchase,Houston,0,2025-06-13 06:00:00
1033.37,464,purchase,New York,0,2025-06-13 07:00:00
7012.88,941,purchase,Philadelphia,0,2025-06-13 08:00:00
1372.29,314,purchase,Los Angeles,0,2025-06-13 09:00:00
775.55,175,purchase,Houston,0,2025-06-13 10:00:00
218.86,706,purchase,Phoenix,0,2025-06-13 11:00:00
843.31,180,purchase,San Diego,0,2025-06-13 12:00:00
783.38,932,purchase,Chicago,0,2025-06-13 13:00:00
2864.95,385,purchase,Philadelphia,0,2025-06-13 14:00:00
1741.47,295,purchase,New York,0,2025-06-13 15:00:00
337.18,215,purchase,Dallas,0,2025-06-13 16:00:00
1302.78,986,purchase,New York,0,2025-06-13 17:00:00
2146.37,715,purchase,Los Angeles,0,2025-06-13 18:00:00
5054.49,762,purchase,New York,0,2025-06-13 19:00:00
2663.79,874,purchase,San Diego,0,2025-06-13 20:00:00
2346.89,769,refund,Houston,0,2025-06-13 21:00:00
1164.55,75,purchase,Los Angeles,0,2025-06-13 22:00:00
1616.97,344,purchase,San Antonio,0,2025-06-13 23:00:00
3825.73,714,purchase,San Diego,0,2025-06-14 00:00:00
289.23,142,refund,Dallas,0,2025-06-14 01:00:00
773.22,718,purchase,Phoenix,0,2025-06-14 02:00:00
506.45,199,refund,Chicago,0,2025-06-14 03:00:00
1602.23,919,purchase,New York,0,2025-06-14 04:00:00
3752.67,171,purchase,San Diego,0,2025-06-14 05:00:00
603.67,406,purchase,Philadelphia,0,2025-06-14 06:00:00
100.45,828,purchase,Phoenix,0,2025-06-14 07:00:00
726.17,228,purchase,San Antonio,0,2025-06-14 08:00:00
2733.87,411,purchase,Phoenix,0,2025-06-14 09:00:00
1877.38,952,purchase,Houston,0,2025-06-14 10:00:00
1682.75,898,purchase,Phoenix,0,2025-06-14 11:00:00
828.82,935,purchase,San Antonio,0,2025-06-14 12:00:00
305.2,691,purchase,Philadelphia,0,2025-06-14 13:00:00
1835.91,878,purchase,Austin,0,2025-06-14 14:00:00
476.14,787,refund,Austin,0,2025-06-14 15:00:00
9740.98,62,purchase,Dallas,0,2025-06-14 16:00:00
1940.12,327,purchase,Austin,0,2025-06-14 17:00:00
613.61,716,purchase,Los Angeles,0,2025-06-14 18:00:00
595.03,963,purchase,San Antonio,0,2025-06-14 19:00:00
999.3,959,purchase,New York,0,2025-06-14 20:00:00
863.07,879,purchase,San Diego,0,2025-06-14 21:00:00
3350.4,133,purchase,Houston,0,2025-06-14 22:00:00
1321.36,584,purchase,San Diego,0,2025-06-14 23:00:00
527.62,590,purchase,San Diego,0,2025-06-15 00:00:00
7262.22,189,purchase,Houston,0,2025-06-15 01:00:00
1152.06,356,purchase,Houston,0,2025-06-15 02:00:00
2365.72,71,purchase,Phoenix,0,2025-06-15 03:00:00
596.91,263,purchase,San Antonio,0,2025-06-15 04:00:00
1576.74,306,purchase,Philadelphia,0,2025-06-15 05:00:00
1496.84,558,refund,New York,0,2025-06-15 06:00:00
165.73,224,purchase,Philadelphia,0,2025-06-15 07:00:00
8227.81,328,purchase,Chicago,0,2025-06-15 08:00:00
3986.4,762,purchase,Dallas,0,2025-06-15 09:00:00
737.16,588,purchase,Chicago,0,2025-06-15 10:00:00
364.21,74,refund,Dallas,0,2025-06-15 11:00:00
1552.41,511,refund,Phoenix,0,2025-06-15 12:00:00
1195.95,142,purchase,Austin,0,2025-06-15 13:00:00
1565.04,585,purchase,San Diego,0,2025-06-15 14:00:00
1328.2,102,purchase,Dallas,0,2025-06-15 15:00:00
1819.36,606,purchase,Dallas,0,2025-06-15 16:00:00
4662.49,581,refund,San Antonio,0,2025-06-15 17:00:00
1935.47,65,purchase,Austin,0,2025-06-15 18:00:00
383.89,193,purchase,New York,0,2025-06-15 19:00:00
4283.66,953,purchase,San Diego,0,2025-06-15 20:00:00
5656.81,62,purchase,San Antonio,0,2025-06-15 21:00:00
25643.79,532,refund,Houston,1,2025-06-15 22:00:00
356.56,241,purchase,Philadelphia,0,2025-06-15 23:00:00
1398.12,715,purchase,Austin,0,2025-06-16 00:00:00
136.72,410,purchase,Los Angeles,0,2025-06-16 01:00:00
1906.74,300,purchase,Houston,0,2025-06-16 02:00:00
633.84,195,refund,San Diego,0,2025-06-16 03:00:00
7505.91,454,refund,Houston,0,2025-06-16 04:00:00
505.42,574,refund,Austin,0,2025-06-16 05:00:00
202.52,619,purchase,Houston,0,2025-06-16 06:00:00
684.53,637,purchase,Houston,0,2025-06-16 07:00:00
152.1,301,purchase,Austin,0,2025-06-16 08:00:00
2324.13,779,purchase,Dallas,0,2025-06-16 09:00:00
139.06,456,purchase,Los Angeles,0,2025-06-16 10:00:00
1128.29,989,purchase,San Antonio,0,2025-06-16 11:00:00
137.3,202,purchase,Chicago,0,2025-06-16 12:00:00
796.08,674,purchase,Houston,0,2025-06-16 13:00:00
5672.46,856,purchase,New York,0,2025-06-16 14:00:00
1572.86,302,purchase,Chicago,0,2025-06-16 15:00:00
462.44,624,refund,Los Angeles,0,2025-06-16 16:00:00
1062.94,337,purchase,Austin,0,2025-06-16 17:00:00
1116.57,32,purchase,San Antonio,0,2025-06-16 18:00:00
1759.23,971,refund,Philadelphia,0,2025-06-16 19:00:00
279.54,98,purchase,New York,0,2025-06-16 20:00:00
1983.4,984,purchase,San Diego,0,2025-06-16 21:00:00
73.38,759,purchase,Dallas,0,2025-06-16 22:00:00
584.13,773,purchase,New York,0,2025-06-16 23:00:00
672.99,191,purchase,Phoenix,0,2025-06-17 00:00:00
2065.91,541,refund,San Antonio,0,2025-06-17 01:00:00
1121.73,48,purchase,Los Angeles,0,2025-06-17 02:00:00
268.93,250,purchase,Philadelphia,0,2025-06-17 03:00:00
409.53,226,purchase,San Diego,0,2025-06-17 04:00:00
1337.66,272,purchase,San Diego,0,2025-06-17 05:00:00
1013.26,665,purchase,Austin,0,2025-06-17 06:00:00
614.54,485,purchase,Austin,0,2025-06-17 07:00:00
678.01,328,purchase,San Diego,0,2025-06-17 08:00:00
2199.9,797,purchase,Philadelphia,0,2025-06-17 09:00:00
653.48,180,purchase,Philadelphia,0,2025-06-17 10:00:00
1004.16,814,purchase,Chicago,0,2025-06-17 11:00:00
9604.02,665,purchase,Los Angeles,0,2025-06-17 12:00:00
264.1,746,purchase,Phoenix,0,2025-06-17 13:00:00
172.11,23,purchase,Dallas,0,2025-06-17 14:00:00
2400.88,930,purchase,Houston,0,2025-06-17 15:00:00
556.33,963,refund,Phoenix,0,2025-06-17 16:00:00
797.72,606,refund,Philadelphia,0,2025-06-17 17:00:00
502.12,370,purchase,Philadelphia,0,2025-06-17 18:00:00
845.73,245,purchase,Houston,0,2025-06-17 19:00:00
5423.72,802,purchase,Houston,0,2025-06-17 20:00:00
2445.8,160,purchase,San Diego,0,2025-06-17 21:00:00
2597.29,373,purchase,Phoenix,0,2025-06-17 22:00:00
266.07,285,purchase,Phoenix,0,2025-06-17 23:00:00
346.83,521,purchase,Dallas,0,2025-06-18 00:00:00
64.13,450,purchase,Houston,0,2025-06-18 01:00:00
488.15,697,purchase,San Antonio,0,2025-06-18 02:00:00
2854.65,807,purchase,Phoenix,0,2025-06-18 03:00:00
1838.94,647,purchase,Dallas,0,2025-06-18 04:00:00
878.74,622,purchase,San Diego,0,2025-06-18 05:00:00
1072.45,581,purchase,San Diego,0,2025-06-18 06:00:00
550.66,136,refund,Austin,0,2025-06-18 07:00:00
1345.82,96,purchase,Austin,0,2025-06-18 08:00:00
2358.73,119,refund,Chicago,0,2025-06-18 09:00:00
217.92,374,purchase,Dallas,0,2025-06-18 10:00:00
1479.78,274,purchase,San Diego,0,2025-06-18 11:00:00
2786.2,870,purchase,Chicago,0,2025-06-18 12:00:00
724.08,878,purchase,Austin,0,2025-06-18 13:00:00
2209.9,850,purchase,New York,0,2025-06-18 14:00:00
18299.97,177,purchase,Phoenix,0,2025-06-18 15:00:00
987.97,873,purchase,Houston,0,2025-06-18 16:00:00
1625.07,749,purchase,San Diego,0,2025-06-18 17:00:00
524.24,784,purchase,Philadelphia,0,2025-06-18 18:00:00
1314.55,277,refund,Austin,0,2025-06-18 19:00:00
1737.62,138,purchase,Phoenix,0,2025-06-18 20:00:00
1332.54,874,purchase,Dallas,0,2025-06-18 21:00:00
395.56,132,purchase,Philadelphia,0,2025-06-18 22:00:00
1347.98,44,purchase,Chicago,0,2025-06-18 23:00:00
4732.44,123,purchase,Philadelphia,0,2025-06-19 00:00:00
1717.52,136,purchase,Houston,0,2025-06-19 01:00:00
2869.77,367,purchase,Phoenix,0,2025-06-19 02:00:00
865.22,373,purchase,Philadelphia,0,2025-06-19 03:00:00
2321.34,126,purchase,Dallas,0,2025-06-19 04:00:00
1449.93,439,refund,Chicago,0,2025-06-19 05:00:00
423.73,787,purchase,New York,0,2025-06-19 06:00:00
1507.97,576,purchase,Los Angeles,0,2025-06-19 07:00:00
406.79,808,purchase,San Diego,0,2025-06-19 08:00:00
582.38,744,purchase,Houston,0,2025-06-19 09:00:00
1325.21,51,purchase,San Antonio,0,2025-06-19 10:00:00
1476.23,137,purchase,Los Angeles,0,2025-06-19 11:00:00
333.88,158,purchase,Austin,0,2025-06-19 12:00:00
3146.31,56,refund,San Diego,0,2025-06-19 13:00:00
1943.03,593,purchase,Austin,0,2025-06-19 14:00:00
542.0,744,refund,Dallas,1,2025-06-19 15:00:00
235.67,428,purchase,San Antonio,0,2025-06-19 16:00:00
948.7,443,purchase,Austin,0,2025-06-19 17:00:00
702.09,911,purchase,New York,0,2025-06-19 18:00:00
1228.0,964,purchase,Los Angeles,0,2025-06-19 19:00:00
762.71,326,purchase,Dallas,0,2025-06-19 20:00:00
147.31,640,purchase,Austin,0,2025-06-19 21:00:00
743.71,638,purchase,San Antonio,0,2025-06-19 22:00:00
807.85,829,purchase,Chicago,0,2025-06-19 23:00:00
2066.6,80,purchase,Phoenix,0,2025-06-20 00:00:00
545.55,474,purchase,New York,0,2025-06-20 01:00:00
5876.25,377,purchase,Austin,0,2025-06-20 02:00:00
162.12,869,purchase,Chicago,0,2025-06-20 03:00:00
4069.06,919,refund,Houston,0,2025-06-20 04:00:00
876.28,333,purchase,Houston,0,2025-06-20 05:00:00
2590.44,175,purchase,San Antonio,0,2025-06-20 06:00:00
1187.73,657,purchase,Phoenix,0,2025-06-20 07:00:00
3427.39,441,refund,Dallas,0,2025-06-20 08:00:00
744.44,126,purchase,San Antonio,0,2025-06-20 09:00:00
365.54,694,purchase,Los Angeles,0,2025-06-20 10:00:00
4539.19,219,purchase,San Diego,0,2025-06-20 11:00:00
978.99,948,purchase,Los Angeles,0,2025-06-20 12:00:00
1368.62,278,purchase,San Antonio,0,2025-06-20 13:00:00
3769.7,485,refund,Phoenix,0,2025-06-20 14:00:00
390.74,595,purchase,Austin,0,2025-06-20 15:00:00
1989.21,935,refund,Philadelphia,0,2025-06-20 16:00:00
607.96,995,purchase,Houston,0,2025-06-20 17:00:00
960.86,141,refund,Phoenix,0,2025-06-20 18:00:00
1178.83,846,refund,Phoenix,0,2025-06-20 19:00:00
244.64,607,purchase,San Antonio,0,2025-06-20 20:00:00
503.29,877,purchase,Houston,0,2025-06-20 21:00:00
4234.72,706,purchase,Phoenix,0,2025-06-20 22:00:00
2660.29,110,purchase,Houston,0,2025-06-20 23:00:00
1030.05,52,purchase,Houston,0,2025-06-21 00:00:00
1398.46,615,purchase,San Diego,0,2025-06-21 01:00:00
817.1,613,purchase,Phoenix,0,2025-06-21 02:00:00
4258.12,654,purchase,Dallas,0,2025-06-21 03:00:00
897.53,713,refund,Phoenix,0,2025-06-21 04:00:00
1382.77,970,purchase,San Diego,0,2025-06-21 05:00:00
3449.66,319,purchase,Chicago,0,2025-06-21 06:00:00
504.03,199,purchase,San Antonio,0,2025-06-21 07:00:00
5212.37,796,purchase,New York,0,2025-06-21 08:00:00
237.35,729,purchase,Phoenix,0,2025-06-21 09:00:00
5595.08,46,purchase,Los Angeles,0,2025-06-21 10:00:00
755.46,505,purchase,San Diego,0,2025-06-21 11:00:00
860.32,540,purchase,Philadelphia,0,2025-06-21 12:00:00
165.67,514,purchase,Phoenix,0,2025-06-21 13:00:00
695.9,895,purchase,Chicago,0,2025-06-21 14:00:00
387.69,17,purchase,New York,0,2025-06-21 15:00:00
597.26,315,purchase,Austin,0,2025-06-21 16:00:00
955.93,436,purchase,Austin,0,2025-06-21 17:00:00
2857.75,388,purchase,Austin,0,2025-06-21 18:00:00
1349.65,77,refund,Austin,0,2025-06-21 19:00:00
1491.71,978,purchase,San Diego,0,2025-06-21 20:00:00
366.68,899,purchase,Phoenix,0,2025-06-21 21:00:00
454.52,371,purchase,Dallas,0,2025-06-21 22:00:00
6625.79,165,purchase,San Antonio,0,2025-06-21 23:00:00
525.74,609,purchase,New York,0,2025-06-22 00:00:00
5745.71,617,purchase,New York,0,2025-06-22 01:00:00
860.01,24,purchase,San Antonio,0,2025-06-22 02:00:00
1099.15,712,purchase,San Antonio,0,2025-06-22 03:00:00
3198.27,35,purchase,Dallas,0,2025-06-22 04:00:00
3912.35,514,refund,Los Angeles,0,2025-06-22 05:00:00
981.6,801,purchase,San Antonio,0,2025-06-22 06:00:00
743.79,844,purchase,Los Angeles,0,2025-06-22 07:00:00
1036.99,854,purchase,Austin,0,2025-06-22 08:00:00
1537.57,461,refund,Austin,0,2025-06-22 09:00:00
2673.93,138,purchase,Los Angeles,0,2025-06-22 10:00:00
1101.28,849,purchase,Phoenix,0,2025-06-22 11:00:00
2036.29,574,purchase,Dallas,0,2025-06-22 12:00:00
5644.06,811,purchase,Dallas,0,2025-06-22 13:00:00
1605.69,709,purchase,Austin,0,2025-06-22 14:00:00
1497.65,889,purchase,New York,0,2025-06-22 15:00:00
240.11,571,purchase,San Antonio,0,2025-06-22 16:00:00
78.99,265,purchase,Austin,0,2025-06-22 17:00:00
1617.08,333,purchase,Austin,0,2025-06-22 18:00:00
997.42,188,purchase,Chicago,0,2025-06-22 19:00:00
655.38,63,purchase,Austin,0,2025-06-22 20:00:00
1399.02,820,purchase,Austin,0,2025-06-22 21:00:00
1032.35,279,purchase,New York,0,2025-06-22 22:00:00
3387.27,542,purchase,Los Angeles,0,2025-06-22 23:00:00
1195.25,171,refund,Philadelphia,0,2025-06-23 00:00:00
519.61,503,purchase,Austin,0,2025-06-23 01:00:00
2951.79,964,purchase,Los Angeles,0,2025-06-23 02:00:00
882.6,533,purchase,Los Angeles,0,2025-06-23 03:00:00
1856.66,299,purchase,Houston,0,2025-06-23 04:00:00
680.34,201,refund,Chicago,0,2025-06-23 05:00:00
572.59,135,purchase,San Diego,0,2025-06-23 06:00:00
1192.93,272,refund,San Diego,0,2025-06-23 07:00:00
1110.79,535,purchase,Philadelphia,0,2025-06-23 08:00:00
1771.93,442,purchase,Houston,0,2025-06-23 09:00:00
838.28,87,refund,San Antonio,0,2025-06-23 10:00:00
174.8,31,purchase,Dallas,0,2025-06-23 11:00:00
711.39,121,purchase,Los Angeles,0,2025-06-23 12:00:00
2425.56,69,refund,Philadelphia,0,2025-06-23 13:00:00
814.54,646,purchase,San Antonio,0,2025-06-23 14:00:00
857.15,883,purchase,New York,0,2025-06-23 15:00:00
2940.62,961,purchase,Philadelphia,0,2025-06-23 16:00:00
538.09,827,purchase,San Diego,0,2025-06-23 17:00:00
234.44,496,purchase,San Antonio,0,2025-06-23 18:00:00
933.9,924,refund,Los Angeles,0,2025-06-23 19:00:00
675.75,146,purchase,Los Angeles,0,2025-06-23 20:00:00
417.28,984,purchase,Houston,0,2025-06-23 21:00:00
920.23,333,refund,Phoenix,0,2025-06-23 22:00:00
1792.75,481,purchase,Phoenix,0,2025-06-23 23:00:00
1086.49,906,purchase,Los Angeles,0,2025-06-24 00:00:00
1490.67,263,purchase,San Antonio,0,2025-06-24 01:00:00
6723.79,293,refund,San Diego,0,2025-06-24 02:00:00
778.31,992,refund,Los Angeles,0,2025-06-24 03:00:00
1448.59,429,purchase,Houston,0,2025-06-24 04:00:00
659.04,86,refund,Chicago,0,2025-06-24 05:00:00
470.43,16,purchase,Houston,0,2025-06-24 06:00:00
611.0,728,purchase,Phoenix,0,2025-06-24 07:00:00
679.42,628,refund,Philadelphia,0,2025-06-24 08:00:00
1571.01,118,purchase,Los Angeles,0,2025-06-24 09:00:00
11488.2,270,purchase,Austin,0,2025-06-24 10:00:00
535.9,395,purchase,Philadelphia,0,2025-06-24 11:00:00
722.98,979,purchase,Dallas,0,2025-06-24 12:00:00
1029.55,855,purchase,San Diego,0,2025-06-24 13:00:00
1629.13,162,purchase,New York,0,2025-06-24 14:00:00
1427.32,700,refund,Dallas,1,2025-06-24 15:00:00
3960.38,104,refund,Austin,0,2025-06-24 16:00:00
96.89,653,purchase,Los Angeles,0,2025-06-24 17:00:00
100.79,167,purchase,New York,0,2025-06-24 18:00:00
667.89,300,purchase,Philadelphia,0,2025-06-24 19:00:00
3285.59,28,purchase,New York,0,2025-06-24 20:00:00
229.14,424,purchase,Philadelphia,0,2025-06-24 21:00:00
54.18,784,purchase,Los Angeles,0,2025-06-24 22:00:00
1941.43,562,purchase,San Antonio,0,2025-06-24 23:00:00
1399.2,883,purchase,San Antonio,0,2025-06-25 00:00:00
368.63,156,purchase,Houston,0,2025-06-25 01:00:00
409.3,324,purchase,Los Angeles,0,2025-06-25 02:00:00
415.82,348,purchase,San Antonio,0,2025-06-25 03:00:00
1224.8,121,purchase,New York,0,2025-06-25 04:00:00
586.21,956,purchase,Los Angeles,0,2025-06-25 05:00:00
1797.34,652,purchase,Los Angeles,0,2025-06-25 06:00:00
63.14,528,purchase,New York,0,2025-06-25 07:00:00
465.52,821,purchase,Dallas,0,2025-06-25 08:00:00
355.65,950,purchase,Philadelphia,0,2025-06-25 09:00:00
848.66,561,purchase,Chicago,0,2025-06-25 10:00:00
640.31,164,purchase,Philadelphia,0,2025-06-25 11:00:00
2435.35,62,purchase,San Antonio,0,2025-06-25 12:00:00
170.83,340,refund,Chicago,0,2025-06-25 13:00:00
1147.67,666,purchase,Houston,0,2025-06-25 14:00:00
1916.65,312,purchase,Austin,0,2025-06-25 15:00:00
7020.91,376,refund,New York,0,2025-06-25 16:00:00
677.38,346,purchase,Philadelphia,0,2025-06-25 17:00:00
1516.95,150,purchase,Philadelphia,0,2025-06-25 18:00:00
180.57,888,purchase,Dallas,0,2025-06-25 19:00:00
100.29,585,purchase,Los Angeles,0,2025-06-25 20:00:00
2552.36,581,purchase,Phoenix,0,2025-06-25 21:00:00
1090.55,977,purchase,Phoenix,0,2025-06-25 22:00:00
3563.55,177,purchase,San Antonio,0,2025-06-25 23:00:00
277.72,354,refund,Phoenix,0,2025-06-26 00:00:00
1844.39,514,purchase,Austin,0,2025-06-26 01:00:00
7106.87,309,purchase,Houston,0,2025-06-26 02:00:00
1668.54,119,purchase,Austin,0,2025-06-26 03:00:00
1446.04,519,purchase,Los Angeles,0,2025-06-26 04:00:00
1106.06,767,purchase,San Diego,0,2025-06-26 05:00:00
227.95,996,purchase,Phoenix,0,2025-06-26 06:00:00
4253.82,973,purchase,Houston,0,2025-06-26 07:00:00
595.35,916,purchase,Dallas,0,2025-06-26 08:00:00
1816.17,478,purchase,Los Angeles,0,2025-06-26 09:00:00
229.74,414,purchase,Chicago,0,2025-06-26 10:00:00
337.15,587,refund,San Diego,0,2025-06-26 11:00:00
4605.87,351,purchase,Houston,0,2025-06-26 12:00:00
774.87,506,purchase,Dallas,0,2025-06-26 13:00:00
4690.41,195,purchase,Austin,0,2025-06-26 14:00:00
1014.11,187,refund,Austin,0,2025-06-26 15:00:00
173.83,450,refund,Austin,0,2025-06-26 16:00:00
2675.97,496,purchase,Austin,0,2025-06-26 17:00:00
607.96,515,purchase,Dallas,0,2025-06-26 18:00:00
2205.45,696,purchase,Austin,0,2025-06-26 19:00:00
1124.63,847,purchase,Dallas,0,2025-06-26 20:00:00
234.37,273,purchase,New York,0,2025-06-26 21:00:00
1292.45,880,purchase,Philadelphia,0,2025-06-26 22:00:00
9859.82,52,purchase,Austin,0,2025-06-26 23:00:00
1795.41,263,purchase,Philadelphia,0,2025-06-27 00:00:00
1035.34,368,purchase,San Diego,0,2025-06-27 01:00:00
3214.23,133,purchase,San Antonio,0,2025-06-27 02:00:00
1353.8,994,purchase,San Antonio,0,2025-06-27 03:00:00
1352.26,225,purchase,Los Angeles,0,2025-06-27 04:00:00
368.11,310,purchase,Houston,0,2025-06-27 05:00:00
1385.54,573,refund,New York,0,2025-06-27 06:00:00
3088.51,877,purchase,San Antonio,0,2025-06-27 07:00:00
475.3,16,purchase,Houston,0,2025-06-27 08:00:00
4557.35,741,purchase,Dallas,0,2025-06-27 09:00:00
1000.54,195,purchase,Philadelphia,0,2025-06-27 10:00:00
451.34,763,refund,Philadelphia,0,2025-06-27 11:00:00
2973.91,443,purchase,Dallas,0,2025-06-27 12:00:00
823.21,303,purchase,San Diego,0,2025-06-27 13:00:00
2343.77,48,purchase,Philadelphia,0,2025-06-27 14:00:00
819.13,747,refund,Philadelphia,0,2025-06-27 15:00:00
1032.95,121,purchase,Philadelphia,1,2025-06-27 16:00:00
1796.44,499,purchase,Houston,0,2025-06-27 17:00:00
1466.89,832,purchase,Phoenix,0,2025-06-27 18:00:00
149.08,562,purchase,Chicago,0,2025-06-27 19:00:00
357.36,469,purchase,Dallas,0,2025-06-27 20:00:00
2777.79,41,purchase,Los Angeles,0,2025-06-27 21:00:00
960.89,456,purchase,San Antonio,0,2025-06-27 22:00:00
649.54,534,purchase,New York,0,2025-06-27 23:00:00
281.86,371,purchase,Austin,0,2025-06-28 00:00:00
372.51,182,refund,San Antonio,0,2025-06-28 01:00:00
145.21,517,refund,Los Angeles,0,2025-06-28 02:00:00
991.0,657,purchase,Phoenix,0,2025-06-28 03:00:00
602.79,869,purchase,New York,0,2025-06-28 04:00:00
417.14,590,refund,Phoenix,0,2025-06-28 05:00:00
1024.41,231,purchase,Houston,0,2025-06-28 06:00:00
1578.09,809,purchase,New York,0,2025-06-28 07:00:00
8894.58,348,refund,New York,0,2025-06-28 08:00:00
241.8,479,purchase,San Antonio,0,2025-06-28 09:00:00
3496.02,209,purchase,Chicago,0,2025-06-28 10:00:00
2901.84,675,purchase,Austin,0,2025-06-28 11:00:00
503.16,680,purchase,Dallas,0,2025-06-28 12:00:00
1343.77,278,purchase,Dallas,0,2025-06-28 13:00:00
693.93,749,refund,Austin,0,2025-06-28 14:00:00
1320.4,688,purchase,Dallas,0,2025-06-28 15:00:00
4959.85,53,purchase,New York,0,2025-06-28 16:00:00
2009.43,861,purchase,Houston,0,2025-06-28 17:00:00
1823.67,10,purchase,New York,0,2025-06-28 18:00:00
713.15,658,purchase,New York,0,2025-06-28 19:00:00
248.62,739,purchase,Dallas,0,2025-06-28 20:00:00
890.28,748,refund,Phoenix,0,2025-06-28 21:00:00
3665.09,464,purchase,New York,0,2025-06-28 22:00:00
238.13,754,purchase,Chicago,0,2025-06-28 23:00:00
381.81,817,purchase,San Antonio,0,2025-06-29 00:00:00
1244.22,583,purchase,Los Angeles,0,2025-06-29 01:00:00
409.67,158,purchase,Houston,0,2025-06-29 02:00:00
496.45,19,purchase,Los Angeles,0,2025-06-29 03:00:00
717.95,55,refund,Dallas,0,2025-06-29 04:00:00
279.89,956,purchase,Dallas,0,2025-06-29 05:00:00
414.01,727,purchase,San Antonio,0,2025-06-29 06:00:00
2215.93,968,purchase,San Antonio,0,2025-06-29 07:00:00
296.67,721,purchase,Los Angeles,0,2025-06-29 08:00:00
221.88,21,purchase,Austin,0,2025-06-29 09:00:00
584.04,282,purchase,San Diego,0,2025-06-29 10:00:00
2280.06,761,purchase,New York,0,2025-06-29 11:00:00
900.62,540,purchase,San Diego,0,2025-06-29 12:00:00
689.12,935,purchase,Phoenix,0,2025-06-29 13:00:00
1146.37,417,purchase,Houston,0,2025-06-29 14:00:00
191.39,808,purchase,Austin,0,2025-06-29 15:00:00
1798.5,723,purchase,Los Angeles,0,2025-06-29 16:00:00
1609.11,285,purchase,Chicago,0,2025-06-29 17:00:00
728.28,532,purchase,Austin,0,2025-06-29 18:00:00
2998.67,532,purchase,Los Angeles,0,2025-06-29 19:00:00
355.14,511,purchase,Houston,0,2025-06-29 20:00:00
3387.71,842,refund,Chicago,0,2025-06-29 21:00:00
1279.84,396,purchase,Phoenix,0,2025-06-29 22:00:00
783.25,120,purchase,San Antonio,0,2025-06-29 23:00:00
1075.05,97,refund,Dallas,0,2025-06-30 00:00:00
985.09,120,refund,Phoenix,0,2025-06-30 01:00:00
3715.55,537,refund,San Diego,0,2025-06-30 02:00:00
373.65,153,purchase,Los Angeles,0,2025-06-30 03:00:00
511.57,245,refund,Philadelphia,0,2025-06-30 04:00:00
3091.16,772,purchase,San Diego,0,2025-06-30 05:00:00
604.54,516,purchase,Dallas,0,2025-06-30 06:00:00
2698.72,393,purchase,Houston,0,2025-06-30 07:00:00
5999.53,143,refund,Houston,0,2025-06-30 08:00:00
733.78,504,purchase,San Antonio,0,2025-06-30 09:00:00
2167.57,794,purchase,Houston,0,2025-06-30 10:00:00
345.95,847,purchase,Phoenix,0,2025-06-30 11:00:00
2332.59,858,purchase,Los Angeles,0,2025-06-30 12:00:00
1338.66,220,refund,Los Angeles,0,2025-06-30 13:00:00
1759.95,839,purchase,Austin,0,2025-06-30 14:00:00
575.03,160,purchase,Phoenix,0,2025-06-30 15:00:00
208.29,76,purchase,Austin,0,2025-06-30 16:00:00
1813.93,611,purchase,Austin,0,2025-06-30 17:00:00
139.3,692,purchase,Los Angeles,0,2025-06-30 18:00:00
798.43,639,purchase,Philadelphia,0,2025-06-30 19:00:00
2810.68,32,purchase,Philadelphia,0,2025-06-30 20:00:00
1328.62,777,purchase,San Diego,0,2025-06-30 21:00:00
7695.13,334,purchase,New York,0,2025-06-30 22:00:00
3056.75,525,purchase,San Antonio,0,2025-06-30 23:00:00
570.27,440,purchase,San Antonio,0,2025-07-01 00:00:00
1127.0,892,refund,Dallas,0,2025-07-01 01:00:00
1045.9,940,purchase,Houston,0,2025-07-01 02:00:00
225.39,993,purchase,San Antonio,0,2025-07-01 03:00:00
428.2,352,purchase,Philadelphia,0,2025-07-01 04:00:00
625.93,339,purchase,Houston,0,2025-07-01 05:00:00
143.13,926,refund,Austin,0,2025-07-01 06:00:00
1149.97,400,purchase,San Diego,0,2025-07-01 07:00:00
854.85,396,purchase,Chicago,0,2025-07-01 08:00:00
205.84,202,purchase,San Diego,0,2025-07-01 09:00:00
1642.89,962,purchase,Phoenix,0,2025-07-01 10:00:00
2243.68,530,purchase,Houston,0,2025-07-01 11:00:00
1376.14,909,purchase,Chicago,0,2025-07-01 12:00:00
793.09,93,purchase,Austin,0,2025-07-01 13:00:00
1981.17,792,refund,San Antonio,0,2025-07-01 14:00:00
2165.1,358,purchase,San Antonio,0,2025-07-01 15:00:00
1491.3,396,refund,Philadelphia,0,2025-07-01 16:00:00
480.77,828,purchase,Chicago,0,2025-07-01 17:00:00
1446.06,60,purchase,Dallas,0,2025-07-01 18:00:00
3624.53,477,purchase,Los Angeles,0,2025-07-01 19:00:00
603.88,726,purchase,Chicago,0,2025-07-01 20:00:00
8936.86,612,purchase,New York,0,2025-07-01 21:00:00
648.31,1,purchase,San Antonio,0,2025-07-01 22:00:00
1132.75,555,purchase,Los Angeles,0,2025-07-01 23:00:00
559.76,311,purchase,Austin,0,2025-07-02 00:00:00
1370.97,168,purchase,San Diego,0,2025-07-02 01:00:00
192.05,192,purchase,Dallas,0,2025-07-02 02:00:00
635.21,34,refund,Los Angeles,0,2025-07-02 03:00:00
367.92,34,purchase,Philadelphia,0,2025-07-02 04:00:00
1255.56,688,purchase,New York,0,2025-07-02 05:00:00
2964.45,417,purchase,San Diego,0,2025-07-02 06:00:00
2092.27,708,purchase,Phoenix,0,2025-07-02 07:00:00
102.34,998,purchase,Dallas,0,2025-07-02 08:00:00
8451.25,158,purchase,Chicago,0,2025-07-02 09:00:00
1473.33,757,purchase,Los Angeles,0,2025-07-02 10:00:00
504.47,500,purchase,San Antonio,0,2025-07-02 11:00:00
1283.22,366,purchase,San Antonio,0,2025-07-02 12:00:00
1307.92,340,purchase,Austin,0,2025-07-02 13:00:00
562.93,858,purchase,Phoenix,0,2025-07-02 14:00:00
1336.64,335,purchase,San Antonio,0,2025-07-02 15:00:00
597.36,583,refund,Philadelphia,0,2025-07-02 16:00:00
731.9,327,purchase,Dallas,0,2025-07-02 17:00:00
552.1,114,refund,Chicago,0,2025-07-02 18:00:00
261.73,797,purchase,Houston,0,2025-07-02 19:00:00
1268.81,919,purchase,Dallas,0,2025-07-02 20:00:00
1969.04,418,purchase,Austin,0,2025-07-02 21:00:00
1835.15,468,refund,San Diego,0,2025-07-02 22:00:00
2489.72,143,purchase,Austin,0,2025-07-02 23:00:00
1516.77,609,purchase,Philadelphia,0,2025-07-03 00:00:00
643.73,309,purchase,Chicago,0,2025-07-03 01:00:00
2539.35,401,refund,Dallas,0,2025-07-03 02:00:00
282.16,320,purchase,Dallas,0,2025-07-03 03:00:00
445.56,212,purchase,Philadelphia,0,2025-07-03 04:00:00
418.13,317,purchase,Los Angeles,0,2025-07-03 05:00:00
3229.41,185,purchase,San Antonio,0,2025-07-03 06:00:00
2815.2,205,purchase,Dallas,0,2025-07-03 07:00:00
1785.23,364,purchase,Dallas,0,2025-07-03 08:00:00
3203.28,216,purchase,Chicago,0,2025-07-03 09:00:00
455.19,246,purchase,Los Angeles,0,2025-07-03 10:00:00
1554.01,239,purchase,Phoenix,0,2025-07-03 11:00:00
967.61,805,purchase,Austin,0,2025-07-03 12:00:00
2557.75,391,purchase,San Antonio,0,2025-07-03 13:00:00
977.28,520,purchase,Chicago,0,2025-07-03 14:00:00
746.25,983,purchase,Houston,0,2025-07-03 15:00:00
1883.54,590,purchase,Austin,1,2025-07-03 16:00:00
2633.76,836,purchase,Los Angeles,0,2025-07-03 17:00:00
562.09,277,purchase,Austin,0,2025-07-03 18:00:00
1031.66,957,purchase,Los Angeles,0,2025-07-03 19:00:00
380.53,202,purchase,San Antonio,0,2025-07-03 20:00:00
90.19,214,purchase,Los Angeles,0,2025-07-03 21:00:00
1340.05,606,purchase,New York,0,2025-07-03 22:00:00
2016.07,478,purchase,Houston,0,2025-07-03 23:00:00
1425.2,508,purchase,Philadelphia,0,2025-07-04 00:00:00
156.09,976,purchase,Austin,0,2025-07-04 01:00:00
772.13,75,purchase,Austin,0,2025-07-04 02:00:00
119.3,982,purchase,Houston,0,2025-07-04 03:00:00
4314.35,669,refund,New York,0,2025-07-04 04:00:00
370.16,665,refund,New York,0,2025-07-04 05:00:00
3848.36,954,purchase,Dallas,0,2025-07-04 06:00:00
2823.89,142,purchase,New York,0,2025-07-04 07:00:00
445.59,590,purchase,San Antonio,0,2025-07-04 08:00:00
353.26,322,refund,San Antonio,0,2025-07-04 09:00:00
1556.77,694,purchase,New York,0,2025-07-04 10:00:00
471.39,461,purchase,New York,0,2025-07-04 11:00:00
1214.98,707,purchase,Philadelphia,0,2025-07-04 12:00:00
676.66,670,purchase,San Diego,0,2025-07-04 13:00:00
184.72,146,purchase,San Antonio,0,2025-07-04 14:00:00
117.86,54,purchase,Philadelphia,0,2025-07-04 15:00:00
1375.65,356,refund,Austin,0,2025-07-04 16:00:00
625.43,277,purchase,Chicago,0,2025-07-04 17:00:00
630.75,821,purchase,San Antonio,0,2025-07-04 18:00:00
2199.23,595,purchase,Philadelphia,0,2025-07-04 19:00:00
3545.53,400,purchase,San Diego,0,2025-07-04 20:00:00
835.02,668,purchase,Houston,1,2025-07-04 21:00:00
780.08,516,purchase,Dallas,0,2025-07-04 22:00:00
1808.3,499,refund,New York,0,2025-07-04 23:00:00
282.33,311,purchase,San Antonio,0,2025-07-05 00:00:00
1370.8,271,purchase,Dallas,0,2025-07-05 01:00:00
1904.33,576,refund,Austin,0,2025-07-05 02:00:00
2165.12,449,refund,New York,0,2025-07-05 03:00:00
158.1,112,purchase,Austin,0,2025-07-05 04:00:00
512.16,239,purchase,Chicago,0,2025-07-05 05:00:00
455.66,144,purchase,San Antonio,0,2025-07-05 06:00:00
1211.83,374,purchase,Dallas,0,2025-07-05 07:00:00
1773.56,20,refund,New York,0,2025-07-05 08:00:00
4898.63,576,purchase,Philadelphia,0,2025-07-05 09:00:00
668.5,289,purchase,Los Angeles,0,2025-07-05 10:00:00
666.76,593,purchase,Phoenix,0,2025-07-05 11:00:00
3462.24,197,purchase,San Antonio,0,2025-07-05 12:00:00
1475.24,382,purchase,San Antonio,0,2025-07-05 13:00:00
3895.79,581,refund,Austin,0,2025-07-05 14:00:00
1463.71,698,purchase,San Antonio,0,2025-07-05 15:00:00
344.77,679,refund,Houston,0,2025-07-05 16:00:00
289.13,717,purchase,Philadelphia,0,2025-07-05 17:00:00
232.41,492,purchase,Austin,0,2025-07-05 18:00:00
2126.12,164,purchase,Philadelphia,0,2025-07-05 19:00:00
3599.67,606,purchase,San Antonio,0,2025-07-05 20:00:00
6969.94,249,purchase,Dallas,0,2025-07-05 21:00:00
2548.11,68,purchase,Philadelphia,0,2025-07-05 22:00:00
3508.13,855,purchase,Austin,0,2025-07-05 23:00:00
613.99,21,purchase,New York,0,2025-07-06 00:00:00
345.01,831,purchase,San Diego,0,2025-07-06 01:00:00
2565.94,512,purchase,Los Angeles,0,2025-07-06 02:00:00
1665.17,597,purchase,Chicago,0,2025-07-06 03:00:00
1221.02,390,purchase,Phoenix,0,2025-07-06 04:00:00
1615.45,536,purchase,Philadelphia,0,2025-07-06 05:00:00
1515.02,111,purchase,San Antonio,0,2025-07-06 06:00:00
3959.28,949,purchase,Houston,0,2025-07-06 07:00:00
4003.75,863,purchase,Chicago,0,2025-07-06 08:00:00
1889.79,595,purchase,Dallas,0,2025-07-06 09:00:00
2554.99,870,purchase,Houston,0,2025-07-06 10:00:00
1833.65,460,purchase,Dallas,0,2025-07-06 11:00:00
691.48,78,refund,Dallas,0,2025-07-06 12:00:00
2336.86,434,purchase,Chicago,1,2025-07-06 13:00:00
271.92,380,purchase,Chicago,0,2025-07-06 14:00:00
3146.01,652,refund,San Diego,0,2025-07-06 15:00:00
332.11,440,refund,New York,0,2025-07-06 16:00:00
1459.43,888,purchase,Philadelphia,0,2025-07-06 17:00:00
470.99,783,purchase,Philadelphia,0,2025-07-06 18:00:00
1907.2,339,refund,Dallas,0,2025-07-06 19:00:00
1060.05,988,purchase,Los Angeles,0,2025-07-06 20:00:00
222.57,424,purchase,San Diego,0,2025-07-06 21:00:00
1670.2,169,purchase,San Antonio,0,2025-07-06 22:00:00
615.28,709,purchase,Los Angeles,0,2025-07-06 23:00:00
2646.91,965,refund,New York,0,2025-07-07 00:00:00
1098.09,262,purchase,Houston,0,2025-07-07 01:00:00
1628.51,727,purchase,Los Angeles,0,2025-07-07 02:00:00
420.92,579,purchase,Chicago,0,2025-07-07 03:00:00
608.3,229,purchase,Los Angeles,0,2025-07-07 04:00:00
693.23,161,purchase,Dallas,0,2025-07-07 05:00:00
2582.99,427,refund,Houston,0,2025-07-07 06:00:00
5868.63,122,purchase,New York,0,2025-07-07 07:00:00
490.21,149,purchase,San Diego,0,2025-07-07 08:00:00
3219.07,852,purchase,Houston,0,2025-07-07 09:00:00
125.25,705,purchase,Austin,0,2025-07-07 10:00:00
332.22,743,purchase,San Diego,0,2025-07-07 11:00:00
420.41,111,purchase,San Diego,0,2025-07-07 12:00:00
283.58,657,purchase,Dallas,0,2025-07-07 13:00:00
225.07,221,purchase,Austin,0,2025-07-07 14:00:00
1657.39,904,purchase,San Antonio,0,2025-07-07 15:00:00
885.31,64,purchase,Houston,0,2025-07-07 16:00:00
1602.64,638,purchase,Los Angeles,0,2025-07-07 17:00:00
2187.41,730,purchase,Philadelphia,0,2025-07-07 18:00:00
1430.27,796,purchase,Houston,0,2025-07-07 19:00:00
2117.02,354,purchase,Philadelphia,0,2025-07-07 20:00:00
1022.97,474,purchase,San Diego,0,2025-07-07 21:00:00
334.62,909,purchase,Chicago,0,2025-07-07 22:00:00
3158.38,748,purchase,New York,0,2025-07-07 23:00:00
608.43,485,purchase,Phoenix,0,2025-07-08 00:00:00
430.27,13,purchase,Chicago,0,2025-07-08 01:00:00
917.89,934,refund,Philadelphia,0,2025-07-08 02:00:00
440.18,153,purchase,Chicago,0,2025-07-08 03:00:00
722.39,239,purchase,New York,0,2025-07-08 04:00:00
1546.97,190,purchase,Dallas,0,2025-07-08 05:00:00
1553.62,663,purchase,Phoenix,0,2025-07-08 06:00:00
446.83,86,purchase,Los Angeles,0,2025-07-08 07:00:00
673.37,21,refund,Los Angeles,0,2025-07-08 08:00:00
3210.98,694,purchase,Dallas,0,2025-07-08 09:00:00
1801.55,319,purchase,New York,0,2025-07-08 10:00:00
8734.75,158,purchase,Austin,0,2025-07-08 11:00:00
3569.31,971,purchase,Chicago,0,2025-07-08 12:00:00
3443.67,964,purchase,Austin,0,2025-07-08 13:00:00
273.73,481,purchase,San Antonio,0,2025-07-08 14:00:00
2353.97,879,refund,New York,0,2025-07-08 15:00:00
1039.91,76,purchase,Los Angeles,0,2025-07-08 16:00:00
632.08,329,purchase,Philadelphia,0,2025-07-08 17:00:00
1297.27,416,purchase,Dallas,0,2025-07-08 18:00:00
2822.03,203,purchase,Dallas,0,2025-07-08 19:00:00
1809.55,229,purchase,San Diego,0,2025-07-08 20:00:00
455.56,152,purchase,Chicago,0,2025-07-08 21:00:00
2304.13,775,purchase,Los Angeles,0,2025-07-08 22:00:00
579.64,72,refund,New York,0,2025-07-08 23:00:00
1361.96,225,purchase,Dallas,0,2025-07-09 00:00:00
809.69,473,purchase,Phoenix,0,2025-07-09 01:00:00
881.07,897,purchase,Chicago,0,2025-07-09 02:00:00
2359.59,643,purchase,Austin,0,2025-07-09 03:00:00
387.54,360,refund,Austin,0,2025-07-09 04:00:00
7670.94,540,refund,Phoenix,0,2025-07-09 05:00:00
177.49,811,refund,Chicago,0,2025-07-09 06:00:00
603.25,609,purchase,Dallas,0,2025-07-09 07:00:00
1587.97,46,refund,New York,0,2025-07-09 08:00:00
1967.1,1,refund,New York,0,2025-07-09 09:00:00
991.8,678,purchase,Chicago,0,2025-07-09 10:00:00
1035.47,245,purchase,Philadelphia,0,2025-07-09 11:00:00
1653.34,219,purchase,Los Angeles,0,2025-07-09 12:00:00
870.38,614,purchase,New York,0,2025-07-09 13:00:00
4416.85,291,purchase,San Diego,0,2025-07-09 14:00:00
2538.55,458,purchase,Austin,0,2025-07-09 15:00:00
2624.97,204,purchase,Dallas,0,2025-07-09 16:00:00
417.32,202,purchase,Austin,0,2025-07-09 17:00:00
1012.94,566,purchase,New York,0,2025-07-09 18:00:00
812.03,482,purchase,Chicago,0,2025-07-09 19:00:00
401.18,792,purchase,Phoenix,0,2025-07-09 20:00:00
1572.09,511,refund,San Antonio,0,2025-07-09 21:00:00
640.57,924,refund,Austin,0,2025-07-09 22:00:00
2112.03,278,refund,Houston,0,2025-07-09 23:00:00
376.08,16,purchase,Philadelphia,0,2025-07-10 00:00:00
6118.31,525,purchase,New York,0,2025-07-10 01:00:00
447.5,356,purchase,Houston,0,2025-07-10 02:00:00
1365.54,356,purchase,San Diego,0,2025-07-10 03:00:00
2420.81,830,refund,Phoenix,0,2025-07-10 04:00:00
619.78,939,purchase,San Diego,0,2025-07-10 05:00:00
2572.08,599,purchase,New York,0,2025-07-10 06:00:00
320.8,78,purchase,Austin,0,2025-07-10 07:00:00
4684.98,928,refund,Dallas,0,2025-07-10 08:00:00
1112.26,67,purchase,Houston,0,2025-07-10 09:00:00
604.01,859,purchase,Dallas,0,2025-07-10 10:00:00
813.07,723,purchase,San Diego,0,2025-07-10 11:00:00
2462.47,214,purchase,San Diego,0,2025-07-10 12:00:00
611.27,697,purchase,Los Angeles,0,2025-07-10 13:00:00
518.35,449,refund,Chicago,0,2025-07-10 14:00:00
878.72,965,purchase,Austin,0,2025-07-10 15:00:00
338.0,433,purchase,Dallas,0,2025-07-10 16:00:00
6771.95,545,refund,Chicago,0,2025-07-10 17:00:00
622.41,115,purchase,San Diego,0,2025-07-10 18:00:00
2519.0,787,refund,Phoenix,0,2025-07-10 19:00:00
1352.18,420,refund,San Antonio,0,2025-07-10 20:00:00
409.72,499,purchase,Houston,0,2025-07-10 21:00:00
1090.12,710,purchase,San Diego,0,2025-07-10 22:00:00
2401.87,380,purchase,Houston,0,2025-07-10 23:00:00
908.45,143,refund,Phoenix,0,2025-07-11 00:00:00
3615.96,740,refund,New York,0,2025-07-11 01:00:00
3045.79,632,purchase,Austin,0,2025-07-11 02:00:00
2748.79,865,purchase,San Diego,0,2025-07-11 03:00:00
692.52,24,purchase,San Antonio,0,2025-07-11 04:00:00
372.47,539,refund,Phoenix,1,2025-07-11 05:00:00
593.72,945,purchase,Philadelphia,0,2025-07-11 06:00:00
1334.41,75,purchase,New York,0,2025-07-11 07:00:00
1892.75,753,purchase,San Diego,0,2025-07-11 08:00:00
125.01,535,purchase,Dallas,0,2025-07-11 09:00:00
1087.77,673,refund,Phoenix,0,2025-07-11 10:00:00
1284.45,41,purchase,Austin,0,2025-07-11 11:00:00
830.86,750,purchase,San Antonio,0,2025-07-11 12:00:00
3988.91,751,purchase,Austin,0,2025-07-11 13:00:00
1672.01,568,purchase,Houston,0,2025-07-11 14:00:00
4065.09,413,purchase,Philadelphia,0,2025-07-11 15:00:00
883.63,415,purchase,Los Angeles,0,2025-07-11 16:00:00
2800.29,449,purchase,Houston,0,2025-07-11 17:00:00
5625.51,610,refund,Phoenix,0,2025-07-11 18:00:00
4071.2,658,purchase,Dallas,0,2025-07-11 19:00:00
367.92,978,refund,Dallas,0,2025-07-11 20:00:00
850.92,774,purchase,San Diego,0,2025-07-11 21:00:00
776.53,436,purchase,Houston,0,2025-07-11 22:00:00
1788.72,552,purchase,Philadelphia,0,2025-07-11 23:00:00
2178.42,705,purchase,San Antonio,0,2025-07-12 00:00:00
473.95,239,purchase,New York,0,2025-07-12 01:00:00
1173.61,42,purchase,New York,0,2025-07-12 02:00:00
145.48,734,purchase,Houston,0,2025-07-12 03:00:00
4637.57,708,purchase,Chicago,0,2025-07-12 04:00:00
656.96,800,purchase,Austin,0,2025-07-12 05:00:00
1159.64,10,purchase,Houston,0,2025-07-12 06:00:00
804.6,747,purchase,Dallas,0,2025-07-12 07:00:00
3449.65,837,purchase,Los Angeles,0,2025-07-12 08:00:00
64.23,265,purchase,Houston,0,2025-07-12 09:00:00
1078.57,581,refund,San Antonio,0,2025-07-12 10:00:00
986.52,445,purchase,Los Angeles,0,2025-07-12 11:00:00
696.71,139,refund,San Diego,0,2025-07-12 12:00:00
6162.43,867,purchase,Austin,0,2025-07-12 13:00:00
451.54,731,refund,Houston,0,2025-07-12 14:00:00
2372.73,196,purchase,Dallas,0,2025-07-12 15:00:00
1565.96,74,purchase,New York,0,2025-07-12 16:00:00
3871.97,615,purchase,San Antonio,0,2025-07-12 17:00:00
562.74,225,purchase,New York,0,2025-07-12 18:00:00
526.91,635,refund,Austin,0,2025-07-12 19:00:00
3281.55,102,purchase,Dallas,0,2025-07-12 20:00:00
1677.94,264,purchase,Austin,0,2025-07-12 21:00:00
233.94,945,purchase,Austin,0,2025-07-12 22:00:00
639.51,920,purchase,New York,0,2025-07-12 23:00:00
1613.86,999,purchase,Chicago,0,2025-07-13 00:00:00
2534.53,161,purchase,San Antonio,0,2025-07-13 01:00:00
556.0,233,purchase,New York,0,2025-07-13 02:00:00
59.49,491,purchase,Phoenix,0,2025-07-13 03:00:00
1850.52,787,purchase,Philadelphia,0,2025-07-13 04:00:00
323.66,770,purchase,Chicago,0,2025-07-13 05:00:00
145.86,311,purchase,Philadelphia,0,2025-07-13 06:00:00
64.57,651,purchase,Houston,0,2025-07-13 07:00:00
2474.96,227,purchase,Philadelphia,0,2025-07-13 08:00:00
1247.15,273,refund,Philadelphia,0,2025-07-13 09:00:00
875.1,938,purchase,Houston,0,2025-07-13 10:00:00
4398.52,317,refund,New York,0,2025-07-13 11:00:00
2074.19,899,purchase,Chicago,0,2025-07-13 12:00:00
5520.92,86,refund,Austin,1,2025-07-13 13:00:00
272.4,291,purchase,San Antonio,0,2025-07-13 14:00:00
1059.39,469,purchase,Los Angeles,0,2025-07-13 15:00:00
217.74,729,purchase,Houston,0,2025-07-13 16:00:00
871.85,871,purchase,Philadelphia,0,2025-07-13 17:00:00
855.24,578,refund,Phoenix,1,2025-07-13 18:00:00
2052.09,769,purchase,Philadelphia,0,2025-07-13 19:00:00
1147.76,647,purchase,Phoenix,0,2025-07-13 20:00:00
2045.52,404,purchase,Dallas,0,2025-07-13 21:00:00
2215.96,427,refund,Los Angeles,0,2025-07-13 22:00:00
9460.96,375,purchase,Houston,0,2025-07-13 23:00:00
800.07,902,purchase,New York,0,2025-07-14 00:00:00
427.94,567,purchase,San Antonio,0,2025-07-14 01:00:00
1402.6,868,purchase,New York,0,2025-07-14 02:00:00
491.63,755,refund,Philadelphia,0,2025-07-14 03:00:00
4826.91,252,purchase,Austin,0,2025-07-14 04:00:00
826.15,533,purchase,Austin,0,2025-07-14 05:00:00
622.92,307,purchase,Dallas,0,2025-07-14 06:00:00
684.5,430,refund,Los Angeles,0,2025-07-14 07:00:00
2249.4,675,purchase,New York,0,2025-07-14 08:00:00
936.6,868,refund,Austin,0,2025-07-14 09:00:00
577.28,264,purchase,Chicago,0,2025-07-14 10:00:00
5798.48,68,purchase,Philadelphia,0,2025-07-14 11:00:00
465.83,107,purchase,San Antonio,0,2025-07-14 12:00:00
1136.34,400,purchase,San Diego,0,2025-07-14 13:00:00
2105.5,579,refund,Houston,0,2025-07-14 14:00:00
214.58,199,purchase,San Diego,0,2025-07-14 15:00:00
1772.7,192,purchase,San Antonio,0,2025-07-14 16:00:00
381.8,514,refund,San Diego,0,2025-07-14 17:00:00
2496.84,769,purchase,Phoenix,0,2025-07-14 18:00:00
418.78,442,purchase,Austin,0,2025-07-14 19:00:00
2192.44,1,purchase,San Antonio,0,2025-07-14 20:00:00
3313.74,358,purchase,Houston,0,2025-07-14 21:00:00
2595.25,115,refund,New York,0,2025-07-14 22:00:00
1409.96,903,purchase,Chicago,0,2025-07-14 23:00:00
870.18,600,purchase,Austin,0,2025-07-15 00:00:00
616.21,197,purchase,Dallas,1,2025-07-15 01:00:00
4774.45,981,purchase,Houston,0,2025-07-15 02:00:00
544.85,604,purchase,Phoenix,0,2025-07-15 03:00:00
388.75,274,purchase,Chicago,0,2025-07-15 04:00:00
2133.18,856,purchase,Philadelphia,0,2025-07-15 05:00:00
494.66,160,purchase,Houston,0,2025-07-15 06:00:00
424.09,173,purchase,Phoenix,0,2025-07-15 07:00:00
258.89,545,purchase,San Antonio,0,2025-07-15 08:00:00
676.61,458,purchase,San Antonio,0,2025-07-15 09:00:00
1009.58,585,purchase,Dallas,0,2025-07-15 10:00:00
1398.41,433,purchase,Los Angeles,0,2025-07-15 11:00:00
2839.28,929,refund,Houston,0,2025-07-15 12:00:00
1857.33,481,purchase,San Diego,0,2025-07-15 13:00:00
906.08,455,purchase,Houston,0,2025-07-15 14:00:00
899.47,196,refund,Chicago,0,2025-07-15 15:00:00
1826.5,796,purchase,Austin,0,2025-07-15 16:00:00
3915.0,599,purchase,Philadelphia,0,2025-07-15 17:00:00
1244.28,309,refund,Chicago,0,2025-07-15 18:00:00
685.99,736,purchase,Los Angeles,0,2025-07-15 19:00:00
406.32,556,purchase,Dallas,0,2025-07-15 20:00:00
258.47,848,purchase,Chicago,0,2025-07-15 21:00:00
2135.1,494,refund,New York,0,2025-07-15 22:00:00
1954.67,439,refund,Dallas,0,2025-07-15 23:00:00
1953.47,650,refund,Phoenix,0,2025-07-16 00:00:00
964.24,782,purchase,San Antonio,0,2025-07-16 01:00:00
4478.01,359,purchase,Los Angeles,0,2025-07-16 02:00:00
675.79,36,purchase,New York,0,2025-07-16 03:00:00
2850.56,34,purchase,Philadelphia,0,2025-07-16 04:00:00
1054.96,88,refund,Phoenix,0,2025-07-16 05:00:00
596.84,658,purchase,Austin,0,2025-07-16 06:00:00
1983.33,16,purchase,Philadelphia,0,2025-07-16 07:00:00
1651.83,745,purchase,Los Angeles,0,2025-07-16 08:00:00
1567.09,421,purchase,San Antonio,0,2025-07-16 09:00:00
1189.49,553,purchase,New York,0,2025-07-16 10:00:00
1055.86,767,purchase,San Diego,0,2025-07-16 11:00:00
11948.63,793,purchase,San Antonio,0,2025-07-16 12:00:00
3584.08,126,purchase,San Antonio,0,2025-07-16 13:00:00
2259.34,8,refund,Philadelphia,0,2025-07-16 14:00:00
1226.35,472,purchase,Austin,0,2025-07-16 15:00:00
3002.37,468,purchase,Phoenix,0,2025-07-16 16:00:00
1840.87,880,refund,Dallas,0,2025-07-16 17:00:00
1125.75,862,purchase,Chicago,0,2025-07-16 18:00:00
809.52,852,purchase,Dallas,0,2025-07-16 19:00:00
1011.39,510,purchase,Phoenix,0,2025-07-16 20:00:00
46.04,402,purchase,San Diego,0,2025-07-16 21:00:00
1353.71,836,purchase,Chicago,0,2025-07-16 22:00:00
672.85,176,purchase,San Antonio,0,2025-07-16 23:00:00
5391.99,740,purchase,Austin,0,2025-07-17 00:00:00
1118.05,966,purchase,Houston,0,2025-07-17 01:00:00
333.97,835,purchase,Phoenix,0,2025-07-17 02:00:00
1043.27,914,purchase,Houston,0,2025-07-17 03:00:00
385.24,367,purchase,Dallas,0,2025-07-17 04:00:00
1760.6,488,purchase,San Antonio,0,2025-07-17 05:00:00
1466.96,18,purchase,Philadelphia,0,2025-07-17 06:00:00
2857.89,56,purchase,Philadelphia,0,2025-07-17 07:00:00
497.26,919,purchase,Austin,0,2025-07-17 08:00:00
1134.57,35,purchase,San Antonio,0,2025-07-17 09:00:00
280.05,902,refund,Phoenix,0,2025-07-17 10:00:00
2211.65,630,purchase,Austin,0,2025-07-17 11:00:00
1842.49,794,purchase,Chicago,0,2025-07-17 12:00:00
1800.47,766,purchase,Chicago,0,2025-07-17 13:00:00
1098.41,725,purchase,San Antonio,0,2025-07-17 14:00:00
1660.33,573,purchase,Austin,0,2025-07-17 15:00:00
5455.28,600,refund,New York,0,2025-07-17 16:00:00
824.61,783,purchase,Houston,0,2025-07-17 17:00:00
1259.72,347,refund,Austin,0,2025-07-17 18:00:00
370.14,32,purchase,San Diego,0,2025-07-17 19:00:00
460.24,908,purchase,Houston,0,2025-07-17 20:00:00
1209.32,133,refund,New York,0,2025-07-17 21:00:00
3307.45,576,purchase,Phoenix,0,2025-07-17 22:00:00
848.71,199,refund,New York,0,2025-07-17 23:00:00
866.17,256,refund,Dallas,0,2025-07-18 00:00:00
730.05,342,purchase,San Diego,0,2025-07-18 01:00:00
642.42,667,purchase,San Antonio,0,2025-07-18 02:00:00
1472.87,975,purchase,Phoenix,0,2025-07-18 03:00:00
245.36,231,purchase,Houston,0,2025-07-18 04:00:00
3947.9,301,purchase,San Antonio,0,2025-07-18 05:00:00
563.73,547,purchase,Chicago,0,2025-07-18 06:00:00
2257.25,26,purchase,San Diego,0,2025-07-18 07:00:00
307.97,535,purchase,Phoenix,0,2025-07-18 08:00:00
2140.6,653,purchase,Phoenix,0,2025-07-18 09:00:00
2147.25,474,purchase,New York,0,2025-07-18 10:00:00
1610.34,387,purchase,Austin,0,2025-07-18 11:00:00
405.68,285,purchase,San Diego,0,2025-07-18 12:00:00
1407.47,450,purchase,San Antonio,0,2025-07-18 13:00:00
335.94,320,purchase,New York,0,2025-07-18 14:00:00
851.7,156,purchase,Houston,0,2025-07-18 15:00:00
3069.94,471,refund,Houston,1,2025-07-18 16:00:00
2432.57,420,purchase,Dallas,0,2025-07-18 17:00:00
1113.41,113,purchase,Austin,0,2025-07-18 18:00:00
413.72,902,purchase,Los Angeles,0,2025-07-18 19:00:00
2091.4,651,purchase,Houston,0,2025-07-18 20:00:00
1118.09,422,purchase,Austin,0,2025-07-18 21:00:00
107.74,886,purchase,Chicago,0,2025-07-18 22:00:00
2398.57,930,purchase,Austin,0,2025-07-18 23:00:00
1070.38,721,purchase,Phoenix,0,2025-07-19 00:00:00
3649.89,835,refund,San Antonio,0,2025-07-19 01:00:00
366.77,876,purchase,Phoenix,0,2025-07-19 02:00:00
45.75,942,purchase,Phoenix,0,2025-07-19 03:00:00
1449.66,994,purchase,Houston,0,2025-07-19 04:00:00
1467.86,598,purchase,Dallas,0,2025-07-19 05:00:00
202.21,285,purchase,Philadelphia,0,2025-07-19 06:00:00
412.2,572,purchase,Austin,0,2025-07-19 07:00:00
17243.97,54,purchase,Philadelphia,0,2025-07-19 08:00:00
807.86,605,purchase,Philadelphia,0,2025-07-19 09:00:00
2277.79,325,purchase,Philadelphia,0,2025-07-19 10:00:00
572.12,970,purchase,New York,0,2025-07-19 11:00:00
135.6,458,purchase,Philadelphia,0,2025-07-19 12:00:00
924.95,885,purchase,Houston,0,2025-07-19 13:00:00
840.83,265,purchase,Los Angeles,0,2025-07-19 14:00:00
735.18,382,purchase,Philadelphia,0,2025-07-19 15:00:00
977.85,213,purchase,New York,0,2025-07-19 16:00:00
1428.34,333,purchase,New York,0,2025-07-19 17:00:00
943.77,10,purchase,Phoenix,0,2025-07-19 18:00:00
309.82,358,refund,Philadelphia,0,2025-07-19 19:00:00
1783.24,203,purchase,Los Angeles,0,2025-07-19 20:00:00
156.12,708,refund,Austin,0,2025-07-19 21:00:00
141.12,58,purchase,San Diego,0,2025-07-19 22:00:00
2296.59,494,purchase,Houston,0,2025-07-19 23:00:00
1820.78,510,purchase,Houston,0,2025-07-20 00:00:00
1035.46,768,purchase,Austin,0,2025-07-20 01:00:00
271.66,223,refund,Phoenix,0,2025-07-20 02:00:00
540.28,369,purchase,Austin,0,2025-07-20 03:00:00
843.24,692,purchase,Houston,0,2025-07-20 04:00:00
222.32,418,purchase,Phoenix,0,2025-07-20 05:00:00
523.73,874,purchase,Austin,0,2025-07-20 06:00:00
2105.55,547,refund,Chicago,0,2025-07-20 07:00:00
4570.17,871,purchase,San Diego,0,2025-07-20 08:00:00
720.95,103,purchase,Philadelphia,0,2025-07-20 09:00:00
2336.68,161,purchase,San Diego,0,2025-07-20 10:00:00
161.73,200,refund,Phoenix,0,2025-07-20 11:00:00
2120.59,160,purchase,San Antonio,0,2025-07-20 12:00:00
490.81,695,refund,Austin,0,2025-07-20 13:00:00
1491.21,865,purchase,San Antonio,0,2025-07-20 14:00:00
855.98,136,purchase,Philadelphia,0,2025-07-20 15:00:00
4106.86,942,purchase,Austin,0,2025-07-20 16:00:00
457.4,398,purchase,Houston,0,2025-07-20 17:00:00
2054.13,738,purchase,Philadelphia,0,2025-07-20 18:00:00
829.23,392,purchase,Dallas,0,2025-07-20 19:00:00
936.07,755,purchase,Houston,0,2025-07-20 20:00:00
912.46,106,purchase,Philadelphia,0,2025-07-20 21:00:00
470.75,583,refund,Philadelphia,0,2025-07-20 22:00:00
1081.28,589,purchase,Chicago,0,2025-07-20 23:00:00
1030.04,54,purchase,Houston,0,2025-07-21 00:00:00
1395.82,277,purchase,Chicago,0,2025-07-21 01:00:00
1193.33,111,purchase,Chicago,0,2025-07-21 02:00:00
2435.71,224,refund,Austin,0,2025-07-21 03:00:00
2761.44,75,purchase,Houston,0,2025-07-21 04:00:00
383.51,506,purchase,Houston,0,2025-07-21 05:00:00
2614.35,14,purchase,Philadelphia,0,2025-07-21 06:00:00
334.84,971,purchase,Houston,0,2025-07-21 07:00:00
1974.08,770,purchase,Philadelphia,0,2025-07-21 08:00:00
2038.03,482,purchase,Los Angeles,0,2025-07-21 09:00:00
162.18,189,purchase,Houston,0,2025-07-21 10:00:00
1203.49,364,purchase,Los Angeles,0,2025-07-21 11:00:00
686.43,239,refund,San Diego,0,2025-07-21 12:00:00
513.49,401,purchase,Dallas,0,2025-07-21 13:00:00
4233.79,846,refund,San Antonio,0,2025-07-21 14:00:00
570.39,985,refund,Philadelphia,0,2025-07-21 15:00:00
489.62,304,purchase,San Diego,0,2025-07-21 16:00:00
1182.87,91,purchase,Houston,0,2025-07-21 17:00:00
2176.75,392,purchase,Austin,0,2025-07-21 18:00:00
951.8,184,purchase,Los Angeles,0,2025-07-21 19:00:00
3520.54,17,purchase,Houston,0,2025-07-21 20:00:00
1864.92,965,purchase,Phoenix,0,2025-07-21 21:00:00
124.19,12,purchase,Dallas,0,2025-07-21 22:00:00
645.83,166,purchase,Phoenix,0,2025-07-21 23:00:00
625.25,146,purchase,Dallas,0,2025-07-22 00:00:00
1771.11,282,purchase,Dallas,0,2025-07-22 01:00:00
79.45,991,purchase,San Diego,0,2025-07-22 02:00:00
14030.79,549,purchase,Phoenix,0,2025-07-22 03:00:00
1865.02,582,refund,Los Angeles,0,2025-07-22 04:00:00
1272.68,169,purchase,Phoenix,0,2025-07-22 05:00:00
3574.45,847,purchase,New York,0,2025-07-22 06:00:00
11426.08,170,purchase,San Diego,0,2025-07-22 07:00:00
2619.52,765,purchase,Los Angeles,0,2025-07-22 08:00:00
2832.21,346,purchase,San Antonio,0,2025-07-22 09:00:00
1249.74,499,purchase,Los Angeles,0,2025-07-22 10:00:00
951.91,460,refund,Phoenix,0,2025-07-22 11:00:00
681.44,297,purchase,Austin,0,2025-07-22 12:00:00
480.05,943,purchase,San Antonio,0,2025-07-22 13:00:00
551.69,142,purchase,Philadelphia,0,2025-07-22 14:00:00
284.13,897,purchase,Phoenix,0,2025-07-22 15:00:00
1016.51,785,purchase,Philadelphia,0,2025-07-22 16:00:00
203.43,737,purchase,Los Angeles,0,2025-07-22 17:00:00
1327.32,695,refund,Austin,0,2025-07-22 18:00:00
1057.51,733,purchase,New York,0,2025-07-22 19:00:00
1270.21,53,purchase,New York,0,2025-07-22 20:00:00
650.58,118,purchase,San Diego,0,2025-07-22 21:00:00
23786.19,365,purchase,Chicago,1,2025-07-22 22:00:00
4273.19,671,purchase,Chicago,0,2025-07-22 23:00:00
315.91,958,purchase,Dallas,0,2025-07-23 00:00:00
1384.19,136,refund,Philadelphia,0,2025-07-23 01:00:00
597.05,414,purchase,Houston,0,2025-07-23 02:00:00
397.63,77,purchase,Houston,0,2025-07-23 03:00:00
287.13,848,refund,San Antonio,0,2025-07-23 04:00:00
1689.55,962,purchase,Philadelphia,0,2025-07-23 05:00:00
554.81,557,purchase,Los Angeles,0,2025-07-23 06:00:00
2886.58,18,purchase,Dallas,0,2025-07-23 07:00:00
2962.48,867,purchase,Los Angeles,0,2025-07-23 08:00:00
4332.56,941,purchase,San Diego,0,2025-07-23 09:00:00
467.6,403,purchase,Houston,0,2025-07-23 10:00:00
1764.05,205,purchase,Austin,0,2025-07-23 11:00:00
2064.11,499,purchase,New York,0,2025-07-23 12:00:00
682.54,324,purchase,New York,0,2025-07-23 13:00:00
506.86,595,refund,Dallas,0,2025-07-23 14:00:00
5483.62,562,purchase,Houston,0,2025-07-23 15:00:00
1376.77,281,purchase,New York,0,2025-07-23 16:00:00
2071.37,166,purchase,Chicago,0,2025-07-23 17:00:00
481.99,243,purchase,Chicago,0,2025-07-23 18:00:00
323.99,889,refund,San Antonio,0,2025-07-23 19:00:00
620.52,479,purchase,Philadelphia,0,2025-07-23 20:00:00
968.72,164,purchase,San Diego,0,2025-07-23 21:00:00
378.33,324,purchase,San Antonio,0,2025-07-23 22:00:00
1085.89,568,purchase,New York,0,2025-07-23 23:00:00
202.65,551,purchase,Chicago,0,2025-07-24 00:00:00
357.79,831,refund,Dallas,0,2025-07-24 01:00:00
2145.04,640,purchase,Houston,0,2025-07-24 02:00:00
2005.78,903,refund,Chicago,0,2025-07-24 03:00:00
741.09,634,purchase,Phoenix,0,2025-07-24 04:00:00
396.33,759,refund,San Diego,0,2025-07-24 05:00:00
392.52,698,purchase,New York,0,2025-07-24 06:00:00
755.01,208,refund,Los Angeles,0,2025-07-24 07:00:00
2089.16,315,purchase,San Antonio,0,2025-07-24 08:00:00
2774.56,304,refund,New York,0,2025-07-24 09:00:00
667.45,901,purchase,Phoenix,0,2025-07-24 10:00:00
346.02,239,purchase,Austin,0,2025-07-24 11:00:00
1433.46,727,purchase,San Diego,0,2025-07-24 12:00:00
481.29,804,refund,Philadelphia,0,2025-07-24 13:00:00
653.11,224,purchase,Chicago,0,2025-07-24 14:00:00
4126.88,88,purchase,San Antonio,0,2025-07-24 15:00:00
2507.69,537,purchase,Chicago,0,2025-07-24 16:00:00
1284.31,429,purchase,Phoenix,0,2025-07-24 17:00:00
307.38,220,purchase,San Antonio,0,2025-07-24 18:00:00
1354.78,275,purchase,Los Angeles,0,2025-07-24 19:00:00
3173.71,647,purchase,Austin,0,2025-07-24 20:00:00
753.23,954,purchase,Houston,0,2025-07-24 21:00:00
4234.9,745,refund,Los Angeles,0,2025-07-24 22:00:00
3994.79,977,refund,San Antonio,0,2025-07-24 23:00:00
5789.1,66,purchase,Chicago,0,2025-07-25 00:00:00
1488.08,592,purchase,Dallas,0,2025-07-25 01:00:00
1973.16,423,purchase,Philadelphia,0,2025-07-25 02:00:00
4510.61,255,purchase,New York,1,2025-07-25 03:00:00
1715.39,125,purchase,Austin,0,2025-07-25 04:00:00
664.32,146,purchase,San Diego,0,2025-07-25 05:00:00
700.26,615,purchase,San Antonio,0,2025-07-25 06:00:00
1392.08,385,purchase,New York,0,2025-07-25 07:00:00
301.7,447,purchase,Chicago,0,2025-07-25 08:00:00
950.27,387,purchase,Chicago,0,2025-07-25 09:00:00
3283.11,383,purchase,Chicago,1,2025-07-25 10:00:00
122.58,277,purchase,San Antonio,0,2025-07-25 11:00:00
5087.2,382,purchase,Philadelphia,0,2025-07-25 12:00:00
3369.01,124,purchase,Los Angeles,0,2025-07-25 13:00:00
692.45,926,purchase,Phoenix,0,2025-07-25 14:00:00
1888.22,267,purchase,Philadelphia,0,2025-07-25 15:00:00
1100.09,790,purchase,Los Angeles,0,2025-07-25 16:00:00
3751.8,111,purchase,New York,0,2025-07-25 17:00:00
2929.78,381,purchase,Houston,0,2025-07-25 18:00:00
270.41,825,purchase,Houston,0,2025-07-25 19:00:00
1972.91,601,purchase,Houston,0,2025-07-25 20:00:00
892.81,899,purchase,New York,0,2025-07-25 21:00:00
1191.34,158,purchase,Chicago,0,2025-07-25 22:00:00
529.44,728,purchase,San Antonio,0,2025-07-25 23:00:00
6298.94,896,purchase,Houston,0,2025-07-26 00:00:00
3102.8,813,refund,Los Angeles,0,2025-07-26 01:00:00
523.34,548,purchase,San Diego,0,2025-07-26 02:00:00
288.7,599,purchase,New York,0,2025-07-26 03:00:00
745.7,118,purchase,Dallas,0,2025-07-26 04:00:00
1693.42,328,purchase,Phoenix,0,2025-07-26 05:00:00
1394.38,960,purchase,Los Angeles,1,2025-07-26 06:00:00
3839.64,694,purchase,Houston,0,2025-07-26 07:00:00
2416.12,68,refund,Chicago,0,2025-07-26 08:00:00
2891.61,434,purchase,San Antonio,0,2025-07-26 09:00:00
1520.59,359,purchase,Philadelphia,0,2025-07-26 10:00:00
273.34,671,purchase,Dallas,0,2025-07-26 11:00:00
901.72,797,purchase,Houston,0,2025-07-26 12:00:00
3165.57,443,refund,Chicago,0,2025-07-26 13:00:00
1041.56,164,purchase,San Antonio,0,2025-07-26 14:00:00
1813.64,973,purchase,Philadelphia,0,2025-07-26 15:00:00
797.32,361,refund,Phoenix,0,2025-07-26 16:00:00
391.58,585,purchase,Austin,0,2025-07-26 17:00:00
969.38,119,purchase,San Antonio,0,2025-07-26 18:00:00
1493.75,853,refund,Phoenix,0,2025-07-26 19:00:00
569.25,195,purchase,Dallas,0,2025-07-26 20:00:00
866.35,601,purchase,Houston,0,2025-07-26 21:00:00
428.61,857,purchase,New York,0,2025-07-26 22:00:00
3358.48,588,refund,Austin,0,2025-07-26 23:00:00
816.92,733,refund,Phoenix,0,2025-07-27 00:00:00
4687.97,651,purchase,New York,0,2025-07-27 01:00:00
5058.11,884,refund,New York,0,2025-07-27 02:00:00
1011.26,907,purchase,New York,0,2025-07-27 03:00:00
400.03,241,purchase,New York,0,2025-07-27 04:00:00
136.2,509,purchase,San Diego,0,2025-07-27 05:00:00
251.63,666,purchase,Los Angeles,0,2025-07-27 06:00:00
277.6,565,purchase,Dallas,0,2025-07-27 07:00:00
4352.34,142,purchase,San Antonio,0,2025-07-27 08:00:00
1231.3,832,purchase,Chicago,0,2025-07-27 09:00:00
1619.07,976,refund,Dallas,0,2025-07-27 10:00:00
119.05,906,purchase,Houston,0,2025-07-27 11:00:00
330.97,31,refund,San Antonio,0,2025-07-27 12:00:00
2662.66,223,refund,Chicago,0,2025-07-27 13:00:00
1460.85,804,purchase,Phoenix,0,2025-07-27 14:00:00
946.52,266,purchase,Houston,0,2025-07-27 15:00:00
1929.16,282,purchase,Philadelphia,0,2025-07-27 16:00:00
5629.62,788,purchase,Dallas,0,2025-07-27 17:00:00
879.15,381,purchase,Phoenix,0,2025-07-27 18:00:00
1175.41,556,purchase,New York,0,2025-07-27 19:00:00
1329.55,62,purchase,Phoenix,1,2025-07-27 20:00:00
11993.37,713,purchase,Phoenix,1,2025-07-27 21:00:00
134.38,847,purchase,Dallas,0,2025-07-27 22:00:00
2171.61,521,purchase,San Diego,0,2025-07-27 23:00:00
977.69,71,purchase,Phoenix,0,2025-07-28 00:00:00
1932.89,602,refund,Phoenix,0,2025-07-28 01:00:00
568.29,536,purchase,Los Angeles,0,2025-07-28 02:00:00
1044.23,140,refund,Dallas,0,2025-07-28 03:00:00
2233.69,316,purchase,Houston,0,2025-07-28 04:00:00
24659.32,340,purchase,San Antonio,0,2025-07-28 05:00:00
2460.29,888,purchase,Austin,0,2025-07-28 06:00:00
469.62,590,purchase,Philadelphia,0,2025-07-28 07:00:00
717.84,726,purchase,Phoenix,0,2025-07-28 08:00:00
696.86,528,refund,Phoenix,0,2025-07-28 09:00:00
182.06,541,purchase,San Antonio,0,2025-07-28 10:00:00
788.32,416,purchase,Los Angeles,0,2025-07-28 11:00:00
2282.05,467,purchase,Dallas,0,2025-07-28 12:00:00
306.67,375,purchase,Los Angeles,0,2025-07-28 13:00:00
3129.04,291,purchase,Dallas,0,2025-07-28 14:00:00
1786.07,43,purchase,Houston,0,2025-07-28 15:00:00
526.24,864,purchase,Austin,0,2025-07-28 16:00:00
951.91,887,purchase,Austin,0,2025-07-28 17:00:00
5422.55,53,refund,Philadelphia,0,2025-07-28 18:00:00
2283.69,788,purchase,New York,0,2025-07-28 19:00:00
1106.31,883,purchase,Phoenix,0,2025-07-28 20:00:00
864.64,232,purchase,Philadelphia,0,2025-07-28 21:00:00
1183.95,212,purchase,Dallas,0,2025-07-28 22:00:00
657.36,8,purchase,Dallas,0,2025-07-28 23:00:00
133.65,634,purchase,Dallas,0,2025-07-29 00:00:00
8452.17,483,purchase,Chicago,0,2025-07-29 01:00:00
1280.91,42,purchase,Houston,0,2025-07-29 02:00:00
1632.96,333,purchase,San Diego,0,2025-07-29 03:00:00
1034.93,233,purchase,San Diego,0,2025-07-29 04:00:00
525.78,70,purchase,Los Angeles,0,2025-07-29 05:00:00
910.57,879,purchase,San Diego,0,2025-07-29 06:00:00
221.54,16,purchase,San Antonio,0,2025-07-29 07:00:00
10690.24,69,purchase,Dallas,0,2025-07-29 08:00:00
319.09,53,refund,Phoenix,0,2025-07-29 09:00:00
390.74,685,purchase,Los Angeles,0,2025-07-29 10:00:00
706.09,947,purchase,Phoenix,0,2025-07-29 11:00:00
3976.18,994,purchase,Los Angeles,0,2025-07-29 12:00:00
1112.66,774,purchase,Phoenix,0,2025-07-29 13:00:00
318.58,379,purchase,Dallas,0,2025-07-29 14:00:00
3844.27,801,refund,San Antonio,0,2025-07-29 15:00:00
2277.88,463,purchase,San Antonio,0,2025-07-29 16:00:00
1878.89,527,purchase,New York,0,2025-07-29 17:00:00
2243.37,782,purchase,Dallas,0,2025-07-29 18:00:00
12020.42,679,purchase,Philadelphia,0,2025-07-29 19:00:00
9750.71,63,purchase,San Antonio,0,2025-07-29 20:00:00
551.85,261,purchase,Los Angeles,0,2025-07-29 21:00:00
5562.96,500,purchase,New York,0,2025-07-29 22:00:00
1608.68,121,purchase,Houston,0,2025-07-29 23:00:00
1806.41,858,purchase,Dallas,0,2025-07-30 00:00:00
201.89,240,purchase,Dallas,0,2025-07-30 01:00:00
924.83,465,purchase,Chicago,0,2025-07-30 02:00:00
486.47,107,purchase,New York,0,2025-07-30 03:00:00
2510.05,180,purchase,Los Angeles,0,2025-07-30 04:00:00
3200.56,16,purchase,Dallas,0,2025-07-30 05:00:00
137.76,355,refund,Dallas,0,2025-07-30 06:00:00
1072.73,934,refund,New York,0,2025-07-30 07:00:00
3367.28,309,purchase,Dallas,0,2025-07-30 08:00:00
909.89,727,purchase,New York,0,2025-07-30 09:00:00
2273.47,589,refund,Austin,0,2025-07-30 10:00:00
1558.01,737,purchase,Houston,0,2025-07-30 11:00:00
1543.27,605,purchase,Phoenix,0,2025-07-30 12:00:00
836.05,181,purchase,San Diego,0,2025-07-30 13:00:00
324.87,174,purchase,Phoenix,0,2025-07-30 14:00:00
357.26,354,purchase,Phoenix,0,2025-07-30 15:00:00
2229.1,354,purchase,Houston,0,2025-07-30 16:00:00
1118.18,219,purchase,Dallas,0,2025-07-30 17:00:00
954.79,655,purchase,San Diego,0,2025-07-30 18:00:00
717.74,315,purchase,Dallas,0,2025-07-30 19:00:00
808.2,434,purchase,San Antonio,0,2025-07-30 20:00:00
3124.13,905,purchase,San Antonio,0,2025-07-30 21:00:00
784.27,282,purchase,Phoenix,0,2025-07-30 22:00:00
286.84,259,purchase,Austin,0,2025-07-30 23:00:00
2306.88,868,purchase,New York,0,2025-07-31 00:00:00
893.48,559,purchase,Philadelphia,0,2025-07-31 01:00:00
1131.61,5,purchase,Austin,0,2025-07-31 02:00:00
5472.98,574,purchase,Philadelphia,0,2025-07-31 03:00:00
1074.32,980,purchase,Austin,0,2025-07-31 04:00:00
1464.37,596,purchase,Houston,0,2025-07-31 05:00:00
337.34,645,purchase,Los Angeles,0,2025-07-31 06:00:00
880.36,394,purchase,New York,0,2025-07-31 07:00:00
2017.32,336,purchase,Chicago,0,2025-07-31 08:00:00
231.51,63,purchase,Dallas,0,2025-07-31 09:00:00
1340.56,793,purchase,New York,0,2025-07-31 10:00:00
1212.93,44,purchase,Phoenix,0,2025-07-31 11:00:00
1142.86,153,purchase,Austin,0,2025-07-31 12:00:00
3093.81,926,purchase,Philadelphia,0,2025-07-31 13:00:00
1532.17,782,purchase,Dallas,0,2025-07-31 14:00:00
4808.17,854,purchase,New York,0,2025-07-31 15:00:00
406.02,683,purchase,Phoenix,0,2025-07-31 16:00:00
1256.3,156,purchase,New York,0,2025-07-31 17:00:00
1193.29,478,purchase,Los Angeles,0,2025-07-31 18:00:00
376.44,275,purchase,Los Angeles,0,2025-07-31 19:00:00
2853.48,358,purchase,Phoenix,0,2025-07-31 20:00:00
11211.25,426,refund,Austin,0,2025-07-31 21:00:00
1078.14,532,purchase,Houston,0,2025-07-31 22:00:00
1817.14,483,purchase,Philadelphia,0,2025-07-31 23:00:00
1193.35,214,purchase,Phoenix,0,2025-08-01 00:00:00
537.22,79,refund,Los Angeles,0,2025-08-01 01:00:00
177.55,139,refund,Dallas,0,2025-08-01 02:00:00
541.44,950,purchase,Austin,0,2025-08-01 03:00:00
272.61,98,purchase,San Diego,0,2025-08-01 04:00:00
6027.59,889,purchase,Dallas,0,2025-08-01 05:00:00
977.39,664,purchase,Philadelphia,0,2025-08-01 06:00:00
775.94,198,purchase,Phoenix,0,2025-08-01 07:00:00
2668.19,785,purchase,Phoenix,0,2025-08-01 08:00:00
357.18,156,purchase,Los Angeles,0,2025-08-01 09:00:00
509.35,50,purchase,Houston,0,2025-08-01 10:00:00
1173.88,479,purchase,Los Angeles,0,2025-08-01 11:00:00
3067.96,228,purchase,Los Angeles,0,2025-08-01 12:00:00
1811.09,951,purchase,San Diego,0,2025-08-01 13:00:00
1405.75,457,purchase,Houston,0,2025-08-01 14:00:00
1185.73,522,purchase,Houston,0,2025-08-01 15:00:00
1636.37,149,purchase,San Antonio,0,2025-08-01 16:00:00
1341.65,58,purchase,Houston,0,2025-08-01 17:00:00
391.52,162,purchase,Dallas,0,2025-08-01 18:00:00
1148.35,863,purchase,Dallas,0,2025-08-01 19:00:00
374.77,477,refund,Chicago,0,2025-08-01 20:00:00
1189.26,107,refund,Philadelphia,0,2025-08-01 21:00:00
678.14,427,purchase,San Antonio,0,2025-08-01 22:00:00
13896.35,395,purchase,Chicago,0,2025-08-01 23:00:00
1053.74,801,purchase,Houston,0,2025-08-02 00:00:00
269.28,186,refund,New York,0,2025-08-02 01:00:00
958.93,558,purchase,Dallas,0,2025-08-02 02:00:00
1843.38,957,purchase,San Antonio,0,2025-08-02 03:00:00
5845.13,446,purchase,Austin,0,2025-08-02 04:00:00
608.23,641,purchase,San Antonio,0,2025-08-02 05:00:00
225.33,917,purchase,Dallas,0,2025-08-02 06:00:00
2482.04,830,purchase,Philadelphia,0,2025-08-02 07:00:00
275.72,448,purchase,San Diego,0,2025-08-02 08:00:00
708.99,87,purchase,Phoenix,0,2025-08-02 09:00:00
847.58,249,refund,San Diego,0,2025-08-02 10:00:00
1022.87,841,refund,Austin,1,2025-08-02 11:00:00
2184.55,440,purchase,New York,0,2025-08-02 12:00:00
553.56,257,purchase,Chicago,0,2025-08-02 13:00:00
834.03,277,purchase,Houston,0,2025-08-02 14:00:00
1081.09,790,refund,Dallas,0,2025-08-02 15:00:00
1273.59,438,purchase,San Diego,0,2025-08-02 16:00:00
1209.34,516,purchase,San Diego,0,2025-08-02 17:00:00
1695.96,577,purchase,Los Angeles,0,2025-08-02 18:00:00
2549.98,947,purchase,San Antonio,0,2025-08-02 19:00:00
1623.98,202,purchase,Chicago,0,2025-08-02 20:00:00
1726.04,575,purchase,Philadelphia,0,2025-08-02 21:00:00
225.38,655,purchase,Houston,0,2025-08-02 22:00:00
1153.12,756,purchase,Philadelphia,0,2025-08-02 23:00:00
1771.37,804,purchase,Houston,0,2025-08-03 00:00:00
2273.19,797,purchase,Chicago,0,2025-08-03 01:00:00
548.75,180,refund,Los Angeles,0,2025-08-03 02:00:00
567.34,686,refund,Houston,1,2025-08-03 03:00:00
617.64,325,purchase,Austin,0,2025-08-03 04:00:00
1875.09,925,refund,Los Angeles,0,2025-08-03 05:00:00
3083.69,623,purchase,San Antonio,0,2025-08-03 06:00:00
729.63,687,purchase,New York,0,2025-08-03 07:00:00
2718.84,475,purchase,New York,0,2025-08-03 08:00:00
1240.76,665,purchase,Phoenix,0,2025-08-03 09:00:00
968.47,976,purchase,San Antonio,0,2025-08-03 10:00:00
887.68,400,purchase,New York,0,2025-08-03 11:00:00
2313.72,868,purchase,Houston,0,2025-08-03 12:00:00
1518.65,217,purchase,Phoenix,0,2025-08-03 13:00:00
10676.77,809,purchase,Los Angeles,0,2025-08-03 14:00:00
467.68,961,refund,San Antonio,0,2025-08-03 15:00:00
1841.07,453,purchase,Houston,0,2025-08-03 16:00:00
646.0,404,purchase,San Diego,0,2025-08-03 17:00:00
459.76,965,purchase,New York,0,2025-08-03 18:00:00
1084.78,932,purchase,Austin,0,2025-08-03 19:00:00
1258.09,989,purchase,New York,0,2025-08-03 20:00:00
20295.89,240,purchase,New York,0,2025-08-03 21:00:00
912.2,738,purchase,Houston,0,2025-08-03 22:00:00
354.19,186,purchase,New York,0,2025-08-03 23:00:00
1440.88,48,purchase,Phoenix,0,2025-08-04 00:00:00
137.74,978,purchase,Philadelphia,0,2025-08-04 01:00:00
1000.29,386,purchase,San Antonio,0,2025-08-04 02:00:00
1114.35,208,purchase,San Diego,0,2025-08-04 03:00:00
2427.46,157,purchase,San Diego,0,2025-08-04 04:00:00
2903.36,225,purchase,Los Angeles,0,2025-08-04 05:00:00
662.77,144,purchase,Houston,0,2025-08-04 06:00:00
943.3,419,refund,San Antonio,0,2025-08-04 07:00:00
509.73,111,purchase,Dallas,0,2025-08-04 08:00:00
354.94,830,purchase,Dallas,0,2025-08-04 09:00:00
1495.02,875,purchase,Chicago,0,2025-08-04 10:00:00
306.87,874,purchase,San Antonio,0,2025-08-04 11:00:00
724.42,465,purchase,Houston,0,2025-08-04 12:00:00
405.38,132,purchase,Dallas,0,2025-08-04 13:00:00
1900.14,625,purchase,San Antonio,0,2025-08-04 14:00:00
6643.74,836,purchase,Philadelphia,0,2025-08-04 15:00:00
298.39,947,purchase,Dallas,0,2025-08-04 16:00:00
171.91,601,purchase,San Antonio,0,2025-08-04 17:00:00
967.88,673,purchase,San Diego,0,2025-08-04 18:00:00
1113.98,334,purchase,Phoenix,0,2025-08-04 19:00:00
1364.66,920,purchase,Houston,0,2025-08-04 20:00:00
701.82,75,refund,New York,0,2025-08-04 21:00:00
897.27,793,purchase,San Diego,0,2025-08-04 22:00:00
1583.69,412,purchase,Philadelphia,0,2025-08-04 23:00:00
3103.95,519,purchase,Houston,0,2025-08-05 00:00:00
155.24,625,purchase,Chicago,0,2025-08-05 01:00:00
758.29,36,purchase,Phoenix,0,2025-08-05 02:00:00
1358.05,778,purchase,Houston,0,2025-08-05 03:00:00
437.91,625,refund,San Antonio,0,2025-08-05 04:00:00
6192.97,804,purchase,Philadelphia,0,2025-08-05 05:00:00
580.91,223,purchase,Chicago,0,2025-08-05 06:00:00
1052.27,723,purchase,Austin,0,2025-08-05 07:00:00
1912.22,530,purchase,New York,0,2025-08-05 08:00:00
607.11,241,purchase,San Antonio,0,2025-08-05 09:00:00
173.02,134,purchase,Phoenix,1,2025-08-05 10:00:00
714.33,732,purchase,New York,0,2025-08-05 11:00:00
3070.02,391,purchase,New York,0,2025-08-05 12:00:00
782.98,102,purchase,Philadelphia,0,2025-08-05 13:00:00
470.39,652,purchase,Houston,0,2025-08-05 14:00:00
2767.42,681,purchase,San Diego,0,2025-08-05 15:00:00
787.78,498,purchase,Los Angeles,0,2025-08-05 16:00:00
658.42,511,purchase,Houston,0,2025-08-05 17:00:00
1273.41,703,purchase,San Diego,0,2025-08-05 18:00:00
2370.25,994,refund,San Diego,0,2025-08-05 19:00:00
11869.34,537,purchase,Phoenix,0,2025-08-05 20:00:00
2507.99,977,purchase,Chicago,0,2025-08-05 21:00:00
3497.63,949,purchase,Houston,0,2025-08-05 22:00:00
661.19,545,purchase,Chicago,0,2025-08-05 23:00:00
393.13,343,purchase,Los Angeles,0,2025-08-06 00:00:00
1167.16,841,purchase,Houston,0,2025-08-06 01:00:00
1220.69,6,purchase,Dallas,0,2025-08-06 02:00:00
372.97,958,purchase,Philadelphia,0,2025-08-06 03:00:00
920.31,194,purchase,Houston,0,2025-08-06 04:00:00
1634.87,742,refund,New York,0,2025-08-06 05:00:00
1572.46,137,purchase,San Antonio,0,2025-08-06 06:00:00
1815.81,835,refund,Los Angeles,0,2025-08-06 07:00:00
1466.99,912,refund,Philadelphia,0,2025-08-06 08:00:00
660.5,473,purchase,Austin,0,2025-08-06 09:00:00
655.96,216,purchase,New York,0,2025-08-06 10:00:00
330.65,349,purchase,San Antonio,0,2025-08-06 11:00:00
6534.0,876,purchase,Houston,0,2025-08-06 12:00:00
1111.48,183,purchase,Chicago,0,2025-08-06 13:00:00
875.81,168,purchase,Austin,0,2025-08-06 14:00:00
433.2,794,purchase,San Antonio,0,2025-08-06 15:00:00
20653.87,38,purchase,Chicago,0,2025-08-06 16:00:00
374.9,675,purchase,San Diego,0,2025-08-06 17:00:00
714.19,471,purchase,Houston,0,2025-08-06 18:00:00
1662.1,452,purchase,Chicago,0,2025-08-06 19:00:00
1998.62,955,purchase,San Antonio,0,2025-08-06 20:00:00
2858.16,490,purchase,San Antonio,0,2025-08-06 21:00:00
6684.91,142,purchase,Dallas,0,2025-08-06 22:00:00
1819.21,760,purchase,Austin,0,2025-08-06 23:00:00
381.45,943,purchase,San Antonio,0,2025-08-07 00:00:00
848.15,103,purchase,Philadelphia,0,2025-08-07 01:00:00
1491.94,711,purchase,Chicago,0,2025-08-07 02:00:00
8675.22,712,purchase,Houston,0,2025-08-07 03:00:00
271.02,42,purchase,San Diego,0,2025-08-07 04:00:00
3650.34,947,purchase,Philadelphia,0,2025-08-07 05:00:00
1312.8,147,purchase,Dallas,0,2025-08-07 06:00:00
2534.7,66,purchase,San Diego,0,2025-08-07 07:00:00
990.3,943,purchase,San Diego,0,2025-08-07 08:00:00
472.28,193,purchase,Austin,0,2025-08-07 09:00:00
2323.6,298,purchase,Austin,0,2025-08-07 10:00:00
2109.97,38,purchase,San Antonio,0,2025-08-07 11:00:00
2898.81,502,purchase,Austin,0,2025-08-07 12:00:00
1082.14,653,refund,New York,0,2025-08-07 13:00:00
601.95,618,refund,Phoenix,0,2025-08-07 14:00:00
230.72,428,purchase,San Antonio,0,2025-08-07 15:00:00
2488.35,664,purchase,Austin,0,2025-08-07 16:00:00
1675.54,352,purchase,Dallas,0,2025-08-07 17:00:00
417.47,926,purchase,Houston,0,2025-08-07 18:00:00
639.97,326,purchase,San Diego,0,2025-08-07 19:00:00
687.62,38,purchase,New York,0,2025-08-07 20:00:00
248.89,97,purchase,Houston,0,2025-08-07 21:00:00
484.11,108,purchase,Houston,0,2025-08-07 22:00:00
352.89,631,refund,Los Angeles,0,2025-08-07 23:00:00
725.98,151,purchase,Chicago,1,2025-08-08 00:00:00
523.9,74,purchase,Chicago,0,2025-08-08 01:00:00
215.51,57,purchase,Dallas,0,2025-08-08 02:00:00
8288.22,878,purchase,San Antonio,0,2025-08-08 03:00:00
3837.36,335,purchase,Los Angeles,0,2025-08-08 04:00:00
503.2,252,purchase,Dallas,0,2025-08-08 05:00:00
1440.03,919,refund,San Diego,0,2025-08-08 06:00:00
1664.81,804,purchase,Philadelphia,0,2025-08-08 07:00:00
3608.64,825,purchase,Philadelphia,0,2025-08-08 08:00:00
483.67,767,purchase,Los Angeles,0,2025-08-08 09:00:00
3268.57,254,purchase,Chicago,0,2025-08-08 10:00:00
634.03,385,purchase,Philadelphia,0,2025-08-08 11:00:00
288.34,456,purchase,Chicago,0,2025-08-08 12:00:00
2262.3,259,purchase,San Antonio,0,2025-08-08 13:00:00
3986.86,782,purchase,Phoenix,0,2025-08-08 14:00:00
14587.34,465,purchase,Houston,1,2025-08-08 15:00:00
330.39,34,purchase,San Diego,0,2025-08-08 16:00:00
2205.96,495,purchase,Los Angeles,0,2025-08-08 17:00:00
727.93,326,refund,Chicago,0,2025-08-08 18:00:00
2400.32,837,purchase,Austin,0,2025-08-08 19:00:00
252.02,238,purchase,Houston,0,2025-08-08 20:00:00
310.2,691,purchase,Austin,0,2025-08-08 21:00:00
504.78,616,purchase,Philadelphia,0,2025-08-08 22:00:00
1186.74,541,purchase,Phoenix,0,2025-08-08 23:00:00
577.62,739,purchase,Phoenix,0,2025-08-09 00:00:00
2119.75,466,purchase,San Antonio,0,2025-08-09 01:00:00
3062.22,744,purchase,San Diego,0,2025-08-09 02:00:00
1997.35,304,purchase,Philadelphia,0,2025-08-09 03:00:00
5534.67,862,purchase,Chicago,0,2025-08-09 04:00:00
1662.08,847,purchase,Houston,0,2025-08-09 05:00:00
324.77,117,purchase,New York,0,2025-08-09 06:00:00
4287.15,207,purchase,Phoenix,0,2025-08-09 07:00:00
598.75,912,refund,Austin,0,2025-08-09 08:00:00
2725.53,697,purchase,San Diego,0,2025-08-09 09:00:00
5290.85,481,purchase,Chicago,0,2025-08-09 10:00:00
1731.4,650,purchase,Austin,0,2025-08-09 11:00:00
245.63,403,purchase,Houston,0,2025-08-09 12:00:00
437.81,997,purchase,Houston,0,2025-08-09 13:00:00
4116.44,835,purchase,Philadelphia,0,2025-08-09 14:00:00
926.0,676,purchase,Dallas,0,2025-08-09 15:00:00
1187.46,900,purchase,Austin,0,2025-08-09 16:00:00
2342.15,587,purchase,Chicago,0,2025-08-09 17:00:00
2200.24,233,purchase,Houston,0,2025-08-09 18:00:00
1449.25,929,refund,Philadelphia,0,2025-08-09 19:00:00
890.1,284,purchase,Philadelphia,0,2025-08-09 20:00:00
802.18,480,purchase,San Antonio,0,2025-08-09 21:00:00
2586.08,889,purchase,New York,0,2025-08-09 22:00:00
1907.54,767,purchase,Dallas,0,2025-08-09 23:00:00
847.85,976,purchase,Los Angeles,0,2025-08-10 00:00:00
3236.06,9,purchase,Houston,0,2025-08-10 01:00:00
963.88,715,purchase,Chicago,0,2025-08-10 02:00:00
467.94,902,purchase,Chicago,0,2025-08-10 03:00:00
513.39,379,purchase,Phoenix,0,2025-08-10 04:00:00
412.1,817,purchase,San Antonio,0,2025-08-10 05:00:00
835.13,603,purchase,San Antonio,0,2025-08-10 06:00:00
3765.83,381,purchase,San Antonio,0,2025-08-10 07:00:00
490.24,844,purchase,Chicago,0,2025-08-10 08:00:00
1324.08,662,purchase,Dallas,0,2025-08-10 09:00:00
568.68,360,purchase,Philadelphia,0,2025-08-10 10:00:00
845.3,176,purchase,Austin,0,2025-08-10 11:00:00
242.25,485,purchase,San Diego,0,2025-08-10 12:00:00
879.6,405,purchase,New York,0,2025-08-10 13:00:00
903.52,33,refund,Houston,0,2025-08-10 14:00:00
1882.37,465,refund,San Antonio,0,2025-08-10 15:00:00
1370.98,696,refund,Dallas,0,2025-08-10 16:00:00
330.83,157,purchase,Chicago,0,2025-08-10 17:00:00
3242.82,565,purchase,Philadelphia,0,2025-08-10 18:00:00
1353.3,808,purchase,San Diego,0,2025-08-10 19:00:00
1337.28,202,purchase,Chicago,0,2025-08-10 20:00:00
1086.61,786,purchase,Philadelphia,0,2025-08-10 21:00:00
653.43,175,purchase,Dallas,0,2025-08-10 22:00:00
1363.49,244,purchase,Dallas,0,2025-08-10 23:00:00
1764.44,269,purchase,Philadelphia,0,2025-08-11 00:00:00
191.16,923,purchase,Phoenix,0,2025-08-11 01:00:00
639.85,446,purchase,New York,0,2025-08-11 02:00:00
849.84,74,purchase,Chicago,0,2025-08-11 03:00:00
1416.82,96,purchase,Chicago,0,2025-08-11 04:00:00
3616.68,873,purchase,Houston,0,2025-08-11 05:00:00
506.87,173,purchase,Phoenix,0,2025-08-11 06:00:00
666.5,899,refund,San Diego,0,2025-08-11 07:00:00
656.86,406,purchase,Dallas,0,2025-08-11 08:00:00
492.0,155,purchase,San Antonio,0,2025-08-11 09:00:00
774.96,183,purchase,Austin,0,2025-08-11 10:00:00
2370.37,323,purchase,Philadelphia,0,2025-08-11 11:00:00
382.28,289,refund,Chicago,0,2025-08-11 12:00:00
1682.13,258,purchase,Dallas,0,2025-08-11 13:00:00
199.96,587,purchase,Austin,0,2025-08-11 14:00:00
625.57,174,purchase,New York,0,2025-08-11 15:00:00
788.8,330,purchase,Dallas,0,2025-08-11 16:00:00
5853.88,231,refund,Chicago,0,2025-08-11 17:00:00
833.14,759,purchase,Dallas,0,2025-08-11 18:00:00
121.36,161,purchase,Austin,0,2025-08-11 19:00:00
148.58,186,purchase,New York,0,2025-08-11 20:00:00
1134.59,903,refund,San Diego,0,2025-08-11 21:00:00
2025.9,143,refund,Philadelphia,0,2025-08-11 22:00:00
1596.32,282,purchase,Dallas,0,2025-08-11 23:00:00
1296.69,907,purchase,Houston,0,2025-08-12 00:00:00
3506.1,640,purchase,Phoenix,0,2025-08-12 01:00:00
639.32,678,refund,Philadelphia,0,2025-08-12 02:00:00
2683.59,27,purchase,Dallas,0,2025-08-12 03:00:00
214.43,246,purchase,Philadelphia,0,2025-08-12 04:00:00
443.66,487,purchase,Dallas,0,2025-08-12 05:00:00
180.0,647,purchase,Los Angeles,0,2025-08-12 06:00:00
833.1,897,purchase,Houston,0,2025-08-12 07:00:00
1047.06,202,purchase,Chicago,0,2025-08-12 08:00:00
1229.18,21,refund,Houston,0,2025-08-12 09:00:00
1166.64,591,purchase,New York,0,2025-08-12 10:00:00
433.74,670,purchase,Los Angeles,0,2025-08-12 11:00:00
906.65,94,purchase,Houston,0,2025-08-12 12:00:00
245.32,8,purchase,Austin,0,2025-08-12 13:00:00
4286.51,472,refund,Houston,0,2025-08-12 14:00:00
809.47,339,purchase,Phoenix,0,2025-08-12 15:00:00
672.58,259,purchase,Dallas,0,2025-08-12 16:00:00
5371.92,55,purchase,New York,0,2025-08-12 17:00:00
316.64,911,purchase,San Diego,0,2025-08-12 18:00:00
355.82,548,refund,Chicago,0,2025-08-12 19:00:00
366.42,6,purchase,Dallas,0,2025-08-12 20:00:00
1024.67,377,refund,San Diego,1,2025-08-12 21:00:00
1688.56,554,purchase,San Diego,0,2025-08-12 22:00:00
2297.73,50,purchase,Dallas,0,2025-08-12 23:00:00
14357.03,112,purchase,Houston,0,2025-08-13 00:00:00
115.65,146,purchase,Phoenix,0,2025-08-13 01:00:00
2015.73,230,purchase,San Antonio,0,2025-08-13 02:00:00
628.21,723,purchase,Los Angeles,0,2025-08-13 03:00:00
610.08,497,purchase,San Antonio,0,2025-08-13 04:00:00
590.06,306,purchase,Chicago,0,2025-08-13 05:00:00
441.96,542,purchase,Philadelphia,0,2025-08-13 06:00:00
5910.73,461,purchase,Philadelphia,0,2025-08-13 07:00:00
2546.05,807,purchase,Philadelphia,0,2025-08-13 08:00:00
1122.37,628,purchase,Austin,0,2025-08-13 09:00:00
4234.48,908,purchase,Los Angeles,0,2025-08-13 10:00:00
241.65,226,purchase,Dallas,0,2025-08-13 11:00:00
289.83,59,purchase,San Diego,0,2025-08-13 12:00:00
124.22,76,purchase,San Antonio,0,2025-08-13 13:00:00
544.89,428,purchase,Dallas,0,2025-08-13 14:00:00
1289.1,728,purchase,Houston,0,2025-08-13 15:00:00
1215.44,132,purchase,Los Angeles,0,2025-08-13 16:00:00
1273.27,932,purchase,Houston,0,2025-08-13 17:00:00
267.45,498,purchase,Austin,0,2025-08-13 18:00:00
2448.31,816,purchase,Chicago,0,2025-08-13 19:00:00
1393.57,910,purchase,Los Angeles,0,2025-08-13 20:00:00
2282.56,593,purchase,Los Angeles,0,2025-08-13 21:00:00
165.21,305,purchase,San Diego,0,2025-08-13 22:00:00
1497.41,67,purchase,Phoenix,0,2025-08-13 23:00:00
334.37,230,purchase,Philadelphia,0,2025-08-14 00:00:00
737.07,983,purchase,San Diego,0,2025-08-14 01:00:00
1871.26,333,purchase,San Antonio,0,2025-08-14 02:00:00
1201.22,905,purchase,San Antonio,0,2025-08-14 03:00:00
468.0,277,purchase,San Antonio,0,2025-08-14 04:00:00
1103.53,873,purchase,San Antonio,0,2025-08-14 05:00:00
237.1,584,purchase,San Diego,0,2025-08-14 06:00:00
3464.31,721,purchase,New York,0,2025-08-14 07:00:00
893.12,784,refund,Chicago,0,2025-08-14 08:00:00
3356.15,144,purchase,New York,0,2025-08-14 09:00:00
647.73,251,purchase,San Diego,0,2025-08-14 10:00:00
649.64,796,purchase,Los Angeles,0,2025-08-14 11:00:00
510.72,691,purchase,San Antonio,0,2025-08-14 12:00:00
2633.78,952,refund,Philadelphia,0,2025-08-14 13:00:00
539.46,80,purchase,New York,0,2025-08-14 14:00:00
2089.32,57,purchase,Philadelphia,0,2025-08-14 15:00:00
748.11,366,purchase,Dallas,0,2025-08-14 16:00:00
152.02,308,purchase,Chicago,0,2025-08-14 17:00:00
619.98,174,purchase,San Antonio,1,2025-08-14 18:00:00
337.27,462,purchase,Houston,0,2025-08-14 19:00:00
1134.45,750,purchase,New York,0,2025-08-14 20:00:00
333.48,678,purchase,San Antonio,0,2025-08-14 21:00:00
2768.26,596,purchase,New York,0,2025-08-14 22:00:00
1001.17,493,purchase,Houston,0,2025-08-14 23:00:00
918.19,560,purchase,Dallas,0,2025-08-15 00:00:00
2113.06,639,purchase,Phoenix,0,2025-08-15 01:00:00
2875.28,681,purchase,San Antonio,0,2025-08-15 02:00:00
1074.81,866,purchase,San Antonio,0,2025-08-15 03:00:00
507.15,374,purchase,Chicago,0,2025-08-15 04:00:00
186.05,955,purchase,San Diego,0,2025-08-15 05:00:00
552.22,349,purchase,New York,0,2025-08-15 06:00:00
591.57,67,refund,Houston,0,2025-08-15 07:00:00
1220.55,330,purchase,Austin,0,2025-08-15 08:00:00
776.54,852,purchase,Houston,0,2025-08-15 09:00:00
2181.86,194,purchase,Los Angeles,0,2025-08-15 10:00:00
594.08,155,purchase,Philadelphia,0,2025-08-15 11:00:00
1035.83,160,purchase,New York,1,2025-08-15 12:00:00
3583.11,696,purchase,Chicago,0,2025-08-15 13:00:00
1543.53,266,purchase,Dallas,0,2025-08-15 14:00:00
1032.73,168,purchase,Austin,0,2025-08-15 15:00:00
600.68,145,purchase,Philadelphia,0,2025-08-15 16:00:00
582.17,186,purchase,Los Angeles,0,2025-08-15 17:00:00
468.43,886,purchase,Dallas,0,2025-08-15 18:00:00
638.42,865,purchase,Los Angeles,0,2025-08-15 19:00:00
2334.76,774,purchase,San Antonio,0,2025-08-15 20:00:00
878.41,423,purchase,New York,0,2025-08-15 21:00:00
284.36,786,purchase,Phoenix,0,2025-08-15 22:00:00
6426.4,457,purchase,San Antonio,0,2025-08-15 23:00:00
1510.15,840,purchase,Chicago,0,2025-08-16 00:00:00
268.56,345,refund,Houston,0,2025-08-16 01:00:00
704.97,735,purchase,Phoenix,0,2025-08-16 02:00:00
1225.23,554,refund,Chicago,0,2025-08-16 03:00:00
6030.54,516,purchase,Philadelphia,0,2025-08-16 04:00:00
362.09,788,purchase,Chicago,0,2025-08-16 05:00:00
2910.39,796,refund,San Diego,0,2025-08-16 06:00:00
4444.78,936,purchase,San Antonio,0,2025-08-16 07:00:00
584.84,705,refund,New York,0,2025-08-16 08:00:00
830.88,104,purchase,Los Angeles,0,2025-08-16 09:00:00
389.04,247,refund,Houston,0,2025-08-16 10:00:00
894.75,812,purchase,Phoenix,0,2025-08-16 11:00:00
1057.23,23,purchase,Austin,0,2025-08-16 12:00:00
2121.01,953,refund,Houston,0,2025-08-16 13:00:00
3262.29,815,purchase,Houston,0,2025-08-16 14:00:00
519.0,525,purchase,Dallas,0,2025-08-16 15:00:00
153.34,144,purchase,Houston,0,2025-08-16 16:00:00
1073.58,730,purchase,Houston,0,2025-08-16 17:00:00
1470.76,695,refund,Houston,0,2025-08-16 18:00:00
1407.29,863,purchase,Los Angeles,0,2025-08-16 19:00:00
791.02,754,purchase,San Diego,0,2025-08-16 20:00:00
1242.34,193,purchase,Houston,0,2025-08-16 21:00:00
4991.27,465,purchase,Phoenix,0,2025-08-16 22:00:00
1606.37,784,purchase,San Diego,0,2025-08-16 23:00:00
754.93,375,purchase,Houston,0,2025-08-17 00:00:00
665.01,677,purchase,Phoenix,0,2025-08-17 01:00:00
925.33,692,purchase,Phoenix,0,2025-08-17 02:00:00
5634.93,629,refund,Philadelphia,0,2025-08-17 03:00:00
912.97,266,purchase,San Antonio,0,2025-08-17 04:00:00
1075.14,378,purchase,Chicago,0,2025-08-17 05:00:00
677.01,550,purchase,Austin,0,2025-08-17 06:00:00
3291.12,556,purchase,Chicago,0,2025-08-17 07:00:00
7784.09,863,purchase,Dallas,0,2025-08-17 08:00:00
1720.92,74,purchase,New York,0,2025-08-17 09:00:00
1191.27,438,purchase,Austin,0,2025-08-17 10:00:00
1137.72,881,purchase,San Diego,0,2025-08-17 11:00:00
101.06,226,purchase,Austin,0,2025-08-17 12:00:00
2310.34,819,purchase,Chicago,0,2025-08-17 13:00:00
1254.09,308,purchase,Phoenix,0,2025-08-17 14:00:00
1683.01,966,purchase,Chicago,0,2025-08-17 15:00:00
538.37,348,refund,Austin,0,2025-08-17 16:00:00
746.61,476,purchase,New York,0,2025-08-17 17:00:00
727.04,315,refund,Austin,0,2025-08-17 18:00:00
3046.12,525,purchase,Phoenix,0,2025-08-17 19:00:00
750.88,425,purchase,San Diego,0,2025-08-17 20:00:00
8801.35,524,purchase,Phoenix,0,2025-08-17 21:00:00
1687.26,562,refund,Houston,0,2025-08-17 22:00:00
306.22,1000,purchase,Dallas,0,2025-08-17 23:00:00
964.35,825,refund,New York,0,2025-08-18 00:00:00
571.53,946,purchase,Phoenix,0,2025-08-18 01:00:00
122.19,249,purchase,New York,0,2025-08-18 02:00:00
5428.79,631,purchase,Philadelphia,0,2025-08-18 03:00:00
2215.3,569,refund,Austin,0,2025-08-18 04:00:00
1869.09,182,purchase,Dallas,0,2025-08-18 05:00:00
1293.88,962,purchase,Los Angeles,0,2025-08-18 06:00:00
275.33,776,purchase,Houston,0,2025-08-18 07:00:00
676.13,106,purchase,San Diego,0,2025-08-18 08:00:00
2544.73,191,purchase,Chicago,0,2025-08-18 09:00:00
383.29,137,purchase,San Antonio,0,2025-08-18 10:00:00
87.2,700,purchase,San Antonio,0,2025-08-18 11:00:00
873.84,120,purchase,Los Angeles,0,2025-08-18 12:00:00
951.69,754,refund,Austin,0,2025-08-18 13:00:00
1255.84,831,purchase,Houston,0,2025-08-18 14:00:00
2272.23,72,purchase,New York,0,2025-08-18 15:00:00
2074.77,755,refund,San Diego,0,2025-08-18 16:00:00
1420.51,131,purchase,Austin,0,2025-08-18 17:00:00
3624.72,457,purchase,Austin,0,2025-08-18 18:00:00
240.09,781,purchase,Dallas,0,2025-08-18 19:00:00
1816.35,905,purchase,New York,0,2025-08-18 20:00:00
2051.93,479,purchase,San Antonio,0,2025-08-18 21:00:00
317.49,985,purchase,New York,0,2025-08-18 22:00:00
243.99,52,purchase,New York,0,2025-08-18 23:00:00
520.12,574,purchase,Dallas,0,2025-08-19 00:00:00
565.92,119,refund,Austin,0,2025-08-19 01:00:00
2329.52,877,purchase,Austin,0,2025-08-19 02:00:00
593.16,264,purchase,Philadelphia,0,2025-08-19 03:00:00
465.75,239,purchase,New York,0,2025-08-19 04:00:00
594.88,351,purchase,San Antonio,0,2025-08-19 05:00:00
3356.43,893,purchase,Chicago,0,2025-08-19 06:00:00
1111.03,255,purchase,Austin,0,2025-08-19 07:00:00
916.67,685,purchase,Houston,0,2025-08-19 08:00:00
982.4,309,purchase,Houston,0,2025-08-19 09:00:00
3992.05,749,purchase,San Diego,0,2025-08-19 10:00:00
518.44,831,purchase,New York,0,2025-08-19 11:00:00
4086.76,607,purchase,San Diego,0,2025-08-19 12:00:00
1353.56,849,purchase,Dallas,0,2025-08-19 13:00:00
934.1,495,purchase,San Antonio,0,2025-08-19 14:00:00
13371.76,57,purchase,New York,0,2025-08-19 15:00:00
381.6,950,purchase,San Antonio,0,2025-08-19 16:00:00
769.94,403,purchase,Philadelphia,0,2025-08-19 17:00:00
319.76,67,purchase,Phoenix,0,2025-08-19 18:00:00
2842.56,46,purchase,Phoenix,0,2025-08-19 19:00:00
5938.36,606,refund,New York,0,2025-08-19 20:00:00
5825.05,650,refund,Philadelphia,0,2025-08-19 21:00:00
3729.2,369,purchase,Houston,0,2025-08-19 22:00:00
899.99,605,purchase,New York,0,2025-08-19 23:00:00
761.1,232,purchase,San Diego,0,2025-08-20 00:00:00
206.2,402,purchase,San Diego,0,2025-08-20 01:00:00
8399.05,908,purchase,Houston,0,2025-08-20 02:00:00
1752.81,561,purchase,San Antonio,0,2025-08-20 03:00:00
670.51,23,refund,Chicago,0,2025-08-20 04:00:00
4138.37,574,purchase,San Diego,0,2025-08-20 05:00:00
414.57,267,purchase,San Antonio,0,2025-08-20 06:00:00
1646.85,841,purchase,Phoenix,0,2025-08-20 07:00:00
922.76,118,purchase,Phoenix,0,2025-08-20 08:00:00
2076.99,952,purchase,Dallas,0,2025-08-20 09:00:00
1029.09,600,purchase,Philadelphia,0,2025-08-20 10:00:00
257.0,601,purchase,Philadelphia,0,2025-08-20 11:00:00
1182.72,55,purchase,Los Angeles,0,2025-08-20 12:00:00
3130.24,153,purchase,Phoenix,0,2025-08-20 13:00:00
1065.06,239,purchase,Houston,0,2025-08-20 14:00:00
2380.62,265,purchase,Austin,0,2025-08-20 15:00:00
385.47,268,purchase,Chicago,0,2025-08-20 16:00:00
1068.21,907,refund,Dallas,0,2025-08-20 17:00:00
587.27,113,purchase,San Antonio,0,2025-08-20 18:00:00
2314.57,166,purchase,Houston,0,2025-08-20 19:00:00
1131.72,668,purchase,Dallas,0,2025-08-20 20:00:00
2186.54,8,refund,Dallas,1,2025-08-20 21:00:00
3254.23,714,purchase,San Antonio,0,2025-08-20 22:00:00
2189.92,217,purchase,Phoenix,0,2025-08-20 23:00:00
1441.04,431,purchase,Dallas,0,2025-08-21 00:00:00
404.15,292,refund,San Antonio,0,2025-08-21 01:00:00
1093.58,893,purchase,Dallas,0,2025-08-21 02:00:00
643.49,50,purchase,Chicago,0,2025-08-21 03:00:00
777.39,107,purchase,Dallas,0,2025-08-21 04:00:00
754.06,9,purchase,New York,0,2025-08-21 05:00:00
411.61,745,purchase,Phoenix,0,2025-08-21 06:00:00
154.88,700,purchase,Los Angeles,0,2025-08-21 07:00:00
562.2,456,purchase,New York,0,2025-08-21 08:00:00
1330.59,323,refund,Chicago,1,2025-08-21 09:00:00
284.81,309,purchase,San Antonio,0,2025-08-21 10:00:00
1113.97,850,purchase,Chicago,0,2025-08-21 11:00:00
7333.94,622,purchase,Austin,0,2025-08-21 12:00:00
3050.49,995,purchase,Austin,0,2025-08-21 13:00:00
5673.39,145,purchase,Dallas,0,2025-08-21 14:00:00
1621.53,740,purchase,Chicago,0,2025-08-21 15:00:00
3524.56,821,purchase,Philadelphia,0,2025-08-21 16:00:00
531.68,412,purchase,Los Angeles,0,2025-08-21 17:00:00
575.74,114,purchase,San Diego,0,2025-08-21 18:00:00
70.87,575,purchase,Austin,0,2025-08-21 19:00:00
3590.85,399,refund,Phoenix,0,2025-08-21 20:00:00
5117.0,275,refund,Los Angeles,0,2025-08-21 21:00:00
630.7,124,refund,San Antonio,0,2025-08-21 22:00:00
850.69,86,purchase,Chicago,0,2025-08-21 23:00:00
516.02,582,purchase,Phoenix,0,2025-08-22 00:00:00
1607.85,47,refund,Dallas,0,2025-08-22 01:00:00
3377.64,711,purchase,New York,0,2025-08-22 02:00:00
191.95,876,purchase,Los Angeles,0,2025-08-22 03:00:00
1651.5,944,purchase,Phoenix,0,2025-08-22 04:00:00
831.58,201,purchase,Houston,0,2025-08-22 05:00:00
1228.31,276,purchase,New York,1,2025-08-22 06:00:00
1735.4,549,purchase,San Antonio,0,2025-08-22 07:00:00
908.5,715,purchase,Dallas,0,2025-08-22 08:00:00
988.72,130,purchase,New York,0,2025-08-22 09:00:00
885.48,448,purchase,San Diego,0,2025-08-22 10:00:00
2893.77,982,purchase,Dallas,0,2025-08-22 11:00:00
1666.97,804,purchase,Los Angeles,0,2025-08-22 12:00:00
1367.29,389,purchase,New York,0,2025-08-22 13:00:00
307.68,576,purchase,Philadelphia,0,2025-08-22 14:00:00
751.01,263,purchase,San Antonio,0,2025-08-22 15:00:00
2693.7,966,purchase,Los Angeles,0,2025-08-22 16:00:00
1138.76,632,purchase,Phoenix,0,2025-08-22 17:00:00
2120.76,278,purchase,Phoenix,0,2025-08-22 18:00:00
6415.75,714,purchase,San Antonio,0,2025-08-22 19:00:00
3098.29,46,purchase,New York,0,2025-08-22 20:00:00
1203.7,168,purchase,Austin,0,2025-08-22 21:00:00
657.87,445,purchase,San Diego,0,2025-08-22 22:00:00
85.32,622,purchase,Phoenix,0,2025-08-22 23:00:00
926.69,46,purchase,Chicago,0,2025-08-23 00:00:00
791.55,724,purchase,Dallas,0,2025-08-23 01:00:00
1620.3,540,refund,Chicago,0,2025-08-23 02:00:00
940.2,87,refund,San Antonio,0,2025-08-23 03:00:00
796.01,803,purchase,Austin,0,2025-08-23 04:00:00
185.05,385,purchase,San Antonio,0,2025-08-23 05:00:00
428.39,669,refund,Austin,0,2025-08-23 06:00:00
1766.32,265,refund,San Diego,0,2025-08-23 07:00:00
6099.17,777,purchase,Austin,0,2025-08-23 08:00:00
994.73,22,purchase,San Diego,0,2025-08-23 09:00:00
1522.05,768,purchase,Houston,0,2025-08-23 10:00:00
2842.61,703,purchase,New York,0,2025-08-23 11:00:00
487.41,450,purchase,Houston,0,2025-08-23 12:00:00
1582.58,976,purchase,Philadelphia,0,2025-08-23 13:00:00
522.96,232,purchase,Austin,0,2025-08-23 14:00:00
2604.05,186,refund,Philadelphia,0,2025-08-23 15:00:00
1275.89,326,purchase,Philadelphia,0,2025-08-23 16:00:00
1478.01,183,purchase,San Antonio,0,2025-08-23 17:00:00
501.4,397,purchase,New York,0,2025-08-23 18:00:00
2223.93,481,purchase,Austin,0,2025-08-23 19:00:00
8819.43,403,refund,New York,0,2025-08-23 20:00:00
400.25,463,purchase,San Antonio,0,2025-08-23 21:00:00
780.74,417,purchase,Houston,0,2025-08-23 22:00:00
1382.44,202,purchase,Philadelphia,0,2025-08-23 23:00:00
2407.65,65,purchase,Philadelphia,0,2025-08-24 00:00:00
626.69,956,purchase,Dallas,0,2025-08-24 01:00:00
64.52,908,purchase,Los Angeles,0,2025-08-24 02:00:00
4269.23,555,purchase,Houston,0,2025-08-24 03:00:00
2346.09,733,purchase,Houston,0,2025-08-24 04:00:00
191.91,17,purchase,San Antonio,0,2025-08-24 05:00:00
597.31,836,refund,New York,0,2025-08-24 06:00:00
5261.56,797,purchase,Phoenix,0,2025-08-24 07:00:00
4664.78,183,refund,Houston,1,2025-08-24 08:00:00
2803.55,391,purchase,Los Angeles,0,2025-08-24 09:00:00
919.55,44,refund,Phoenix,0,2025-08-24 10:00:00
1191.52,973,purchase,Dallas,0,2025-08-24 11:00:00
962.06,901,purchase,San Diego,0,2025-08-24 12:00:00
3388.83,700,purchase,Dallas,0,2025-08-24 13:00:00
456.76,902,purchase,San Antonio,0,2025-08-24 14:00:00
489.9,482,purchase,Austin,0,2025-08-24 15:00:00
3011.74,263,purchase,San Antonio,0,2025-08-24 16:00:00
1049.05,174,refund,Los Angeles,0,2025-08-24 17:00:00
4352.33,441,purchase,Chicago,0,2025-08-24 18:00:00
560.31,566,refund,Austin,0,2025-08-24 19:00:00
1038.18,220,purchase,San Diego,0,2025-08-24 20:00:00
435.98,558,purchase,Los Angeles,0,2025-08-24 21:00:00
1104.74,394,purchase,San Antonio,0,2025-08-24 22:00:00
250.0,772,purchase,Philadelphia,0,2025-08-24 23:00:00
673.42,195,purchase,Austin,0,2025-08-25 00:00:00
260.8,409,purchase,Houston,0,2025-08-25 01:00:00
2194.97,471,purchase,Houston,0,2025-08-25 02:00:00
2245.29,347,purchase,Chicago,0,2025-08-25 03:00:00
194.36,462,purchase,Philadelphia,0,2025-08-25 04:00:00
4162.56,61,purchase,Chicago,0,2025-08-25 05:00:00
13325.24,166,purchase,Dallas,0,2025-08-25 06:00:00
1148.26,672,purchase,Houston,0,2025-08-25 07:00:00
577.6,151,purchase,Houston,0,2025-08-25 08:00:00
18477.9,111,purchase,Los Angeles,0,2025-08-25 09:00:00
293.25,488,refund,Los Angeles,0,2025-08-25 10:00:00
1118.91,549,purchase,San Antonio,0,2025-08-25 11:00:00
1312.41,3,purchase,Phoenix,0,2025-08-25 12:00:00
4209.7,483,purchase,Chicago,0,2025-08-25 13:00:00
1571.43,13,refund,Philadelphia,0,2025-08-25 14:00:00
666.05,162,purchase,Philadelphia,0,2025-08-25 15:00:00
423.61,344,purchase,New York,0,2025-08-25 16:00:00
779.13,449,refund,Chicago,0,2025-08-25 17:00:00
400.64,332,purchase,Phoenix,0,2025-08-25 18:00:00
1150.35,264,purchase,San Antonio,0,2025-08-25 19:00:00
623.78,83,purchase,Houston,0,2025-08-25 20:00:00
246.16,777,purchase,San Diego,0,2025-08-25 21:00:00
3847.37,924,purchase,Chicago,0,2025-08-25 22:00:00
666.69,334,purchase,Philadelphia,0,2025-08-25 23:00:00
308.54,380,purchase,Philadelphia,0,2025-08-26 00:00:00
926.8,219,refund,Dallas,0,2025-08-26 01:00:00
1174.23,658,purchase,Houston,0,2025-08-26 02:00:00
191.24,810,purchase,San Antonio,0,2025-08-26 03:00:00
1527.9,809,purchase,Austin,0,2025-08-26 04:00:00
384.85,454,purchase,New York,0,2025-08-26 05:00:00
6069.48,673,purchase,New York,0,2025-08-26 06:00:00
1851.89,741,purchase,Los Angeles,0,2025-08-26 07:00:00
735.17,746,purchase,Houston,0,2025-08-26 08:00:00
520.52,89,purchase,Philadelphia,0,2025-08-26 09:00:00
987.36,333,refund,Houston,0,2025-08-26 10:00:00
2023.92,310,purchase,Philadelphia,0,2025-08-26 11:00:00
1069.03,727,refund,Los Angeles,0,2025-08-26 12:00:00
882.57,420,purchase,Dallas,0,2025-08-26 13:00:00
1162.55,609,purchase,Chicago,0,2025-08-26 14:00:00
599.53,725,purchase,San Antonio,0,2025-08-26 15:00:00
778.05,354,purchase,New York,0,2025-08-26 16:00:00
136.21,824,purchase,San Diego,0,2025-08-26 17:00:00
2903.66,100,purchase,Houston,0,2025-08-26 18:00:00
1478.52,145,refund,Phoenix,0,2025-08-26 19:00:00
506.0,10,purchase,San Antonio,0,2025-08-26 20:00:00
7322.7,983,purchase,Chicago,0,2025-08-26 21:00:00
1196.33,44,purchase,Dallas,0,2025-08-26 22:00:00
389.11,763,purchase,Dallas,0,2025-08-26 23:00:00
2583.08,386,refund,San Diego,0,2025-08-27 00:00:00
1632.79,739,purchase,New York,0,2025-08-27 01:00:00
1627.14,910,purchase,Los Angeles,0,2025-08-27 02:00:00
716.4,761,purchase,Los Angeles,0,2025-08-27 03:00:00
1720.72,495,purchase,Chicago,0,2025-08-27 04:00:00
844.08,493,purchase,Los Angeles,0,2025-08-27 05:00:00
1912.07,169,purchase,New York,0,2025-08-27 06:00:00
163.21,642,purchase,Phoenix,0,2025-08-27 07:00:00
710.61,531,purchase,Philadelphia,0,2025-08-27 08:00:00
6137.39,336,purchase,San Antonio,0,2025-08-27 09:00:00
509.25,747,purchase,Austin,0,2025-08-27 10:00:00
599.54,857,purchase,San Antonio,0,2025-08-27 11:00:00
700.67,513,purchase,Los Angeles,0,2025-08-27 12:00:00
325.45,130,refund,San Antonio,0,2025-08-27 13:00:00
120.51,539,purchase,Los Angeles,0,2025-08-27 14:00:00
870.8,514,refund,Los Angeles,0,2025-08-27 15:00:00
1256.22,250,refund,Philadelphia,0,2025-08-27 16:00:00
1040.54,734,purchase,Philadelphia,0,2025-08-27 17:00:00
948.73,947,purchase,San Diego,0,2025-08-27 18:00:00
1144.86,138,purchase,Phoenix,0,2025-08-27 19:00:00
3049.83,275,purchase,Phoenix,0,2025-08-27 20:00:00
906.47,464,purchase,Austin,0,2025-08-27 21:00:00
617.65,141,purchase,New York,0,2025-08-27 22:00:00
827.89,944,purchase,Houston,0,2025-08-27 23:00:00
1957.35,256,purchase,New York,0,2025-08-28 00:00:00
4500.87,882,refund,Austin,0,2025-08-28 01:00:00
585.14,824,purchase,Phoenix,0,2025-08-28 02:00:00
1210.68,456,refund,San Diego,0,2025-08-28 03:00:00
1538.18,952,purchase,New York,0,2025-08-28 04:00:00
406.43,434,purchase,Chicago,0,2025-08-28 05:00:00
1119.25,607,purchase,New York,0,2025-08-28 06:00:00
253.24,173,refund,Philadelphia,0,2025-08-28 07:00:00
186.97,473,purchase,Austin,0,2025-08-28 08:00:00
1582.48,955,purchase,New York,0,2025-08-28 09:00:00
747.04,423,refund,Austin,0,2025-08-28 10:00:00
1342.49,917,purchase,Chicago,0,2025-08-28 11:00:00
1077.18,439,purchase,Phoenix,0,2025-08-28 12:00:00
413.06,57,refund,Phoenix,0,2025-08-28 13:00:00
1048.11,498,refund,Los Angeles,0,2025-08-28 14:00:00
319.55,614,purchase,Chicago,0,2025-08-28 15:00:00
4407.1,169,purchase,Dallas,0,2025-08-28 16:00:00
282.6,989,refund,New York,0,2025-08-28 17:00:00
901.64,582,refund,New York,0,2025-08-28 18:00:00
386.73,850,purchase,Los Angeles,0,2025-08-28 19:00:00
1939.96,561,purchase,San Diego,0,2025-08-28 20:00:00
787.27,428,purchase,Philadelphia,0,2025-08-28 21:00:00
652.84,419,purchase,Houston,0,2025-08-28 22:00:00
2573.96,347,purchase,San Antonio,0,2025-08-28 23:00:00
1129.39,517,purchase,Philadelphia,0,2025-08-29 00:00:00
1838.39,455,purchase,Dallas,0,2025-08-29 01:00:00
411.03,714,purchase,Philadelphia,0,2025-08-29 02:00:00
269.13,202,purchase,Los Angeles,0,2025-08-29 03:00:00
1220.73,179,purchase,Chicago,0,2025-08-29 04:00:00
797.24,57,purchase,Dallas,0,2025-08-29 05:00:00
2051.72,698,refund,San Antonio,0,2025-08-29 06:00:00
1012.41,604,refund,Philadelphia,0,2025-08-29 07:00:00
1346.25,804,purchase,Phoenix,0,2025-08-29 08:00:00
216.29,906,refund,Chicago,0,2025-08-29 09:00:00
7247.68,946,purchase,Houston,0,2025-08-29 10:00:00
930.53,995,purchase,New York,0,2025-08-29 11:00:00
2203.03,501,refund,Phoenix,0,2025-08-29 12:00:00
475.28,739,purchase,San Antonio,0,2025-08-29 13:00:00
1492.2,933,purchase,Los Angeles,0,2025-08-29 14:00:00
298.02,112,purchase,San Diego,0,2025-08-29 15:00:00
1723.42,148,purchase,Austin,0,2025-08-29 16:00:00
768.18,781,purchase,Philadelphia,0,2025-08-29 17:00:00
1129.12,715,refund,Austin,0,2025-08-29 18:00:00
2203.88,378,purchase,Chicago,0,2025-08-29 19:00:00
319.72,877,refund,Los Angeles,0,2025-08-29 20:00:00
553.08,915,refund,San Diego,0,2025-08-29 21:00:00
1732.51,348,purchase,Houston,0,2025-08-29 22:00:00
8939.38,358,purchase,San Antonio,0,2025-08-29 23:00:00
955.2,56,purchase,San Antonio,0,2025-08-30 00:00:00
1980.56,813,purchase,Austin,0,2025-08-30 01:00:00
985.38,316,purchase,Dallas,0,2025-08-30 02:00:00
7648.35,964,refund,Austin,0,2025-08-30 03:00:00
191.1,185,purchase,San Diego,0,2025-08-30 04:00:00
1205.47,54,purchase,San Diego,0,2025-08-30 05:00:00
215.82,37,purchase,San Antonio,0,2025-08-30 06:00:00
89.43,723,purchase,Austin,0,2025-08-30 07:00:00
1476.55,805,purchase,Phoenix,0,2025-08-30 08:00:00
1260.8,270,refund,Dallas,0,2025-08-30 09:00:00
824.82,863,refund,San Antonio,0,2025-08-30 10:00:00
986.15,732,purchase,Chicago,0,2025-08-30 11:00:00
24301.65,508,purchase,Philadelphia,0,2025-08-30 12:00:00
847.11,228,purchase,Chicago,0,2025-08-30 13:00:00
1826.44,428,purchase,Philadelphia,0,2025-08-30 14:00:00
572.86,870,purchase,San Diego,0,2025-08-30 15:00:00
1473.26,723,purchase,Dallas,0,2025-08-30 16:00:00
864.17,810,purchase,Los Angeles,0,2025-08-30 17:00:00
727.4,1,purchase,Philadelphia,0,2025-08-30 18:00:00
6760.81,23,purchase,Chicago,0,2025-08-30 19:00:00
3558.82,503,purchase,San Antonio,0,2025-08-30 20:00:00
1257.33,448,purchase,Houston,0,2025-08-30 21:00:00
109.49,796,purchase,Phoenix,0,2025-08-30 22:00:00
764.32,496,purchase,Austin,0,2025-08-30 23:00:00
16367.08,900,purchase,Philadelphia,0,2025-08-31 00:00:00
870.74,425,refund,San Diego,0,2025-08-31 01:00:00
3305.09,700,purchase,Los Angeles,0,2025-08-31 02:00:00
4637.55,18,purchase,Houston,0,2025-08-31 03:00:00
1365.07,959,refund,Houston,0,2025-08-31 04:00:00
472.57,445,purchase,Philadelphia,0,2025-08-31 05:00:00
96.03,561,purchase,Houston,0,2025-08-31 06:00:00
2173.65,559,purchase,Phoenix,0,2025-08-31 07:00:00
485.53,627,purchase,Phoenix,0,2025-08-31 08:00:00
1307.86,39,purchase,San Diego,0,2025-08-31 09:00:00
314.25,729,purchase,Houston,0,2025-08-31 10:00:00
841.14,210,purchase,Philadelphia,0,2025-08-31 11:00:00
1134.24,774,purchase,San Antonio,0,2025-08-31 12:00:00
1434.53,211,refund,San Diego,0,2025-08-31 13:00:00
359.67,565,purchase,Dallas,0,2025-08-31 14:00:00
3629.72,972,purchase,Austin,0,2025-08-31 15:00:00
603.72,281,purchase,San Diego,0,2025-08-31 16:00:00
205.52,867,purchase,Houston,0,2025-08-31 17:00:00
983.36,833,purchase,Houston,0,2025-08-31 18:00:00
1134.99,133,purchase,Austin,0,2025-08-31 19:00:00
1287.67,449,purchase,Phoenix,0,2025-08-31 20:00:00
4281.82,264,purchase,Chicago,0,2025-08-31 21:00:00
865.71,807,purchase,Los Angeles,0,2025-08-31 22:00:00
973.0,111,purchase,Los Angeles,0,2025-08-31 23:00:00
363.88,555,purchase,Dallas,0,2025-09-01 00:00:00
2491.28,850,refund,San Diego,0,2025-09-01 01:00:00
1318.58,238,purchase,Philadelphia,0,2025-09-01 02:00:00
720.52,891,purchase,Dallas,0,2025-09-01 03:00:00
163.26,457,purchase,Phoenix,0,2025-09-01 04:00:00
4649.02,901,purchase,Austin,0,2025-09-01 05:00:00
321.28,759,purchase,New York,0,2025-09-01 06:00:00
607.12,516,purchase,San Diego,0,2025-09-01 07:00:00
1569.24,876,refund,Chicago,1,2025-09-01 08:00:00
331.44,861,purchase,Dallas,0,2025-09-01 09:00:00
246.29,897,refund,New York,0,2025-09-01 10:00:00
131.11,862,purchase,Chicago,0,2025-09-01 11:00:00
2255.21,824,purchase,New York,0,2025-09-01 12:00:00
635.76,173,purchase,New York,0,2025-09-01 13:00:00
20481.35,193,purchase,Philadelphia,1,2025-09-01 14:00:00
405.71,515,purchase,Houston,0,2025-09-01 15:00:00
436.4,790,purchase,Austin,0,2025-09-01 16:00:00
623.04,968,purchase,Houston,0,2025-09-01 17:00:00
1398.47,568,refund,Phoenix,0,2025-09-01 18:00:00
685.26,786,purchase,Chicago,0,2025-09-01 19:00:00
2022.99,409,purchase,Los Angeles,0,2025-09-01 20:00:00
412.16,688,purchase,Austin,0,2025-09-01 21:00:00
275.45,628,purchase,San Diego,0,2025-09-01 22:00:00
181.6,84,purchase,San Antonio,0,2025-09-01 23:00:00
118.68,671,refund,Austin,0,2025-09-02 00:00:00
653.23,798,purchase,Houston,0,2025-09-02 01:00:00
811.61,80,purchase,Los Angeles,0,2025-09-02 02:00:00
583.22,578,purchase,Dallas,0,2025-09-02 03:00:00
3802.47,209,purchase,San Diego,0,2025-09-02 04:00:00
3744.45,522,purchase,Houston,0,2025-09-02 05:00:00
784.62,199,purchase,Phoenix,0,2025-09-02 06:00:00
182.38,571,purchase,Austin,1,2025-09-02 07:00:00
622.22,234,purchase,Philadelphia,0,2025-09-02 08:00:00
601.95,819,purchase,Houston,0,2025-09-02 09:00:00
568.42,244,purchase,Los Angeles,0,2025-09-02 10:00:00
545.82,891,purchase,Phoenix,0,2025-09-02 11:00:00
570.51,393,purchase,New York,0,2025-09-02 12:00:00
745.06,566,refund,San Antonio,0,2025-09-02 13:00:00
580.83,446,purchase,Dallas,0,2025-09-02 14:00:00
1350.62,849,refund,Chicago,0,2025-09-02 15:00:00
1572.42,393,purchase,Philadelphia,0,2025-09-02 16:00:00
441.14,9,purchase,Dallas,0,2025-09-02 17:00:00
3909.11,613,purchase,Houston,0,2025-09-02 18:00:00
411.55,920,purchase,Philadelphia,0,2025-09-02 19:00:00
217.5,807,purchase,Chicago,0,2025-09-02 20:00:00
1604.84,715,purchase,Dallas,0,2025-09-02 21:00:00
484.25,904,purchase,San Antonio,0,2025-09-02 22:00:00
1512.16,153,refund,San Antonio,0,2025-09-02 23:00:00
99.12,110,purchase,Houston,0,2025-09-03 00:00:00
4413.64,834,purchase,Philadelphia,0,2025-09-03 01:00:00
2148.0,266,purchase,San Diego,0,2025-09-03 02:00:00
244.58,373,purchase,Philadelphia,0,2025-09-03 03:00:00
249.94,152,refund,Philadelphia,0,2025-09-03 04:00:00
5838.71,976,purchase,Houston,0,2025-09-03 05:00:00
524.59,595,refund,San Diego,0,2025-09-03 06:00:00
476.19,955,refund,Austin,0,2025-09-03 07:00:00
113.74,415,purchase,San Diego,0,2025-09-03 08:00:00
772.18,907,purchase,Dallas,0,2025-09-03 09:00:00
873.3,646,purchase,Philadelphia,0,2025-09-03 10:00:00
2242.83,326,purchase,Los Angeles,0,2025-09-03 11:00:00
270.68,672,purchase,Houston,0,2025-09-03 12:00:00
239.78,551,purchase,Houston,0,2025-09-03 13:00:00
1721.52,176,purchase,San Diego,0,2025-09-03 14:00:00
3001.09,525,purchase,Phoenix,0,2025-09-03 15:00:00
227.89,315,purchase,Houston,0,2025-09-03 16:00:00
3234.13,67,purchase,San Diego,0,2025-09-03 17:00:00
1138.59,952,purchase,Chicago,0,2025-09-03 18:00:00
3267.58,760,refund,Los Angeles,0,2025-09-03 19:00:00
1022.27,553,purchase,Houston,0,2025-09-03 20:00:00
88.03,184,purchase,New York,0,2025-09-03 21:00:00
942.03,35,purchase,New York,0,2025-09-03 22:00:00
3165.75,934,purchase,Phoenix,0,2025-09-03 23:00:00
448.65,505,refund,New York,0,2025-09-04 00:00:00
744.0,849,purchase,Houston,0,2025-09-04 01:00:00
919.53,963,refund,San Diego,0,2025-09-04 02:00:00
60.37,802,purchase,San Diego,0,2025-09-04 03:00:00
5833.35,76,refund,Los Angeles,0,2025-09-04 04:00:00
445.24,472,purchase,Chicago,0,2025-09-04 05:00:00
1818.44,582,refund,Chicago,0,2025-09-04 06:00:00
1005.56,746,refund,New York,0,2025-09-04 07:00:00
3856.9,523,purchase,Chicago,0,2025-09-04 08:00:00
1645.92,880,refund,San Diego,0,2025-09-04 09:00:00
867.03,283,purchase,Philadelphia,0,2025-09-04 10:00:00
448.76,816,purchase,Phoenix,0,2025-09-04 11:00:00
2435.36,536,purchase,Austin,0,2025-09-04 12:00:00
168.44,274,refund,Dallas,0,2025-09-04 13:00:00
2092.03,539,purchase,San Antonio,0,2025-09-04 14:00:00
365.39,54,purchase,Philadelphia,0,2025-09-04 15:00:00
3836.38,55,purchase,Phoenix,0,2025-09-04 16:00:00
1288.58,888,refund,Phoenix,0,2025-09-04 17:00:00
2088.34,745,purchase,Austin,0,2025-09-04 18:00:00
1190.33,277,purchase,Dallas,0,2025-09-04 19:00:00
190.11,443,purchase,Austin,0,2025-09-04 20:00:00
463.72,883,purchase,Philadelphia,0,2025-09-04 21:00:00
2148.21,418,purchase,Houston,0,2025-09-04 22:00:00
1295.5,632,purchase,Houston,0,2025-09-04 23:00:00
3572.39,225,purchase,Houston,0,2025-09-05 00:00:00
1641.35,570,refund,Philadelphia,0,2025-09-05 01:00:00
417.09,255,purchase,New York,0,2025-09-05 02:00:00
494.69,176,purchase,Dallas,0,2025-09-05 03:00:00
1215.51,566,purchase,Los Angeles,0,2025-09-05 04:00:00
108.41,146,purchase,Los Angeles,0,2025-09-05 05:00:00
5845.58,771,purchase,Phoenix,0,2025-09-05 06:00:00
1705.73,664,purchase,Houston,0,2025-09-05 07:00:00
3740.72,385,refund,Chicago,0,2025-09-05 08:00:00
225.74,262,purchase,Phoenix,0,2025-09-05 09:00:00
3806.88,531,purchase,San Antonio,0,2025-09-05 10:00:00
10213.84,854,purchase,Austin,0,2025-09-05 11:00:00
292.69,371,purchase,Los Angeles,0,2025-09-05 12:00:00
2371.79,683,purchase,Philadelphia,0,2025-09-05 13:00:00
1097.85,891,refund,Houston,0,2025-09-05 14:00:00
234.06,904,purchase,Los Angeles,0,2025-09-05 15:00:00
1795.22,197,purchase,New York,0,2025-09-05 16:00:00
2524.01,948,purchase,San Diego,0,2025-09-05 17:00:00
601.17,585,purchase,Phoenix,0,2025-09-05 18:00:00
3518.95,815,purchase,Austin,0,2025-09-05 19:00:00
207.11,597,purchase,Los Angeles,0,2025-09-05 20:00:00
245.98,284,purchase,San Diego,0,2025-09-05 21:00:00
1257.14,302,purchase,Chicago,0,2025-09-05 22:00:00
1124.83,132,purchase,San Antonio,0,2025-09-05 23:00:00
535.62,120,purchase,Los Angeles,0,2025-09-06 00:00:00
2464.13,728,refund,San Antonio,0,2025-09-06 01:00:00
1864.77,136,refund,Houston,0,2025-09-06 02:00:00
2586.7,628,purchase,Austin,0,2025-09-06 03:00:00
969.58,573,purchase,New York,0,2025-09-06 04:00:00
2003.36,529,purchase,Phoenix,0,2025-09-06 05:00:00
702.29,34,refund,Houston,0,2025-09-06 06:00:00
8551.13,532,purchase,San Diego,0,2025-09-06 07:00:00
486.61,208,purchase,New York,0,2025-09-06 08:00:00
9002.86,970,purchase,Los Angeles,0,2025-09-06 09:00:00
1135.57,674,purchase,Phoenix,0,2025-09-06 10:00:00
277.13,299,purchase,Austin,0,2025-09-06 11:00:00
4307.36,522,purchase,Austin,0,2025-09-06 12:00:00
1243.77,94,purchase,Los Angeles,0,2025-09-06 13:00:00
2568.62,414,purchase,New York,0,2025-09-06 14:00:00
3728.85,371,purchase,Philadelphia,0,2025-09-06 15:00:00
1537.57,409,refund,Austin,0,2025-09-06 16:00:00
606.53,383,purchase,Houston,0,2025-09-06 17:00:00
2909.43,441,purchase,Phoenix,0,2025-09-06 18:00:00
1097.46,878,purchase,Chicago,0,2025-09-06 19:00:00
2177.34,447,refund,Austin,0,2025-09-06 20:00:00
127.26,619,purchase,Philadelphia,0,2025-09-06 21:00:00
1714.68,617,refund,Houston,0,2025-09-06 22:00:00
579.06,71,purchase,Philadelphia,0,2025-09-06 23:00:00
5729.08,943,purchase,Phoenix,0,2025-09-07 00:00:00
2044.87,84,purchase,Los Angeles,0,2025-09-07 01:00:00
1393.9,209,purchase,Houston,0,2025-09-07 02:00:00
1783.46,259,purchase,Los Angeles,0,2025-09-07 03:00:00
404.06,239,purchase,Phoenix,0,2025-09-07 04:00:00
5559.46,302,purchase,Chicago,0,2025-09-07 05:00:00
8033.46,232,purchase,Philadelphia,0,2025-09-07 06:00:00
1624.43,932,purchase,Phoenix,0,2025-09-07 07:00:00
5379.78,282,purchase,Los Angeles,0,2025-09-07 08:00:00
620.7,394,purchase,Austin,0,2025-09-07 09:00:00
494.17,418,purchase,San Diego,0,2025-09-07 10:00:00
1142.44,206,purchase,Philadelphia,0,2025-09-07 11:00:00
1694.16,264,purchase,Dallas,0,2025-09-07 12:00:00
739.53,311,purchase,Chicago,0,2025-09-07 13:00:00
1877.63,859,purchase,Houston,0,2025-09-07 14:00:00
1489.79,906,refund,San Diego,0,2025-09-07 15:00:00
404.11,697,purchase,San Antonio,0,2025-09-07 16:00:00
1842.34,626,purchase,San Diego,0,2025-09-07 17:00:00
2600.68,79,purchase,Dallas,0,2025-09-07 18:00:00
1301.76,869,purchase,San Diego,0,2025-09-07 19:00:00
3472.56,342,purchase,San Diego,0,2025-09-07 20:00:00
324.6,813,purchase,Philadelphia,0,2025-09-07 21:00:00
1751.01,562,purchase,Los Angeles,0,2025-09-07 22:00:00
340.26,832,purchase,San Antonio,0,2025-09-07 23:00:00
359.93,95,purchase,Houston,0,2025-09-08 00:00:00
583.51,770,purchase,Chicago,0,2025-09-08 01:00:00
427.49,941,purchase,Houston,0,2025-09-08 02:00:00
633.97,351,purchase,Houston,0,2025-09-08 03:00:00
885.23,62,purchase,Chicago,0,2025-09-08 04:00:00
2532.99,142,purchase,Dallas,0,2025-09-08 05:00:00
795.4,842,purchase,Chicago,0,2025-09-08 06:00:00
224.61,734,purchase,Los Angeles,0,2025-09-08 07:00:00
3429.15,868,purchase,New York,0,2025-09-08 08:00:00
474.81,111,purchase,New York,0,2025-09-08 09:00:00
1034.09,616,purchase,Phoenix,0,2025-09-08 10:00:00
1713.92,527,purchase,Phoenix,0,2025-09-08 11:00:00
1338.91,782,purchase,Dallas,0,2025-09-08 12:00:00
3275.35,671,purchase,Houston,0,2025-09-08 13:00:00
1770.47,157,purchase,Phoenix,0,2025-09-08 14:00:00
463.45,539,purchase,Philadelphia,0,2025-09-08 15:00:00
9687.21,597,purchase,Austin,0,2025-09-08 16:00:00
1331.86,9,purchase,San Antonio,0,2025-09-08 17:00:00
946.39,276,purchase,Dallas,0,2025-09-08 18:00:00
2875.34,227,purchase,Philadelphia,0,2025-09-08 19:00:00
1407.33,186,purchase,New York,0,2025-09-08 20:00:00
1634.72,591,refund,San Diego,0,2025-09-08 21:00:00
13255.71,216,purchase,Los Angeles,0,2025-09-08 22:00:00
832.87,433,purchase,Dallas,0,2025-09-08 23:00:00
798.1,569,purchase,San Antonio,0,2025-09-09 00:00:00
1232.23,656,purchase,San Antonio,0,2025-09-09 01:00:00
3201.95,356,purchase,Austin,0,2025-09-09 02:00:00
243.1,843,purchase,Austin,0,2025-09-09 03:00:00
153.61,392,refund,Phoenix,0,2025-09-09 04:00:00
609.65,579,purchase,San Diego,0,2025-09-09 05:00:00
214.02,275,purchase,Austin,0,2025-09-09 06:00:00
717.07,494,purchase,New York,0,2025-09-09 07:00:00
1812.57,617,purchase,Chicago,0,2025-09-09 08:00:00
450.0,451,purchase,Dallas,0,2025-09-09 09:00:00
263.27,420,purchase,New York,0,2025-09-09 10:00:00
1175.37,985,refund,San Diego,0,2025-09-09 11:00:00
2598.12,700,purchase,Philadelphia,0,2025-09-09 12:00:00
201.35,164,purchase,Austin,0,2025-09-09 13:00:00
2490.48,779,purchase,Phoenix,0,2025-09-09 14:00:00
2483.21,563,purchase,Philadelphia,0,2025-09-09 15:00:00
2847.18,638,purchase,Phoenix,0,2025-09-09 16:00:00
3708.86,592,purchase,Dallas,0,2025-09-09 17:00:00
9917.08,183,purchase,Los Angeles,0,2025-09-09 18:00:00
768.09,310,purchase,Austin,0,2025-09-09 19:00:00
1223.62,17,purchase,Philadelphia,0,2025-09-09 20:00:00
723.11,446,purchase,Houston,0,2025-09-09 21:00:00
1098.8,170,refund,Chicago,0,2025-09-09 22:00:00
5079.02,280,purchase,Phoenix,0,2025-09-09 23:00:00
285.71,913,purchase,Los Angeles,0,2025-09-10 00:00:00
463.57,816,purchase,Chicago,0,2025-09-10 01:00:00
4346.74,340,purchase,San Antonio,0,2025-09-10 02:00:00
3041.29,726,purchase,New York,0,2025-09-10 03:00:00
762.7,710,purchase,Los Angeles,0,2025-09-10 04:00:00
2577.05,519,purchase,Chicago,0,2025-09-10 05:00:00
1542.59,910,purchase,Austin,0,2025-09-10 06:00:00
4916.12,11,purchase,San Antonio,0,2025-09-10 07:00:00
1181.46,524,purchase,Houston,0,2025-09-10 08:00:00
3058.35,622,purchase,San Diego,0,2025-09-10 09:00:00
15398.29,133,purchase,San Diego,0,2025-09-10 10:00:00
1994.4,901,refund,New York,0,2025-09-10 11:00:00
1152.08,640,purchase,Phoenix,0,2025-09-10 12:00:00
2258.48,148,refund,New York,0,2025-09-10 13:00:00
761.07,566,purchase,San Antonio,0,2025-09-10 14:00:00
11943.8,823,refund,Houston,0,2025-09-10 15:00:00
1313.0,954,purchase,San Diego,0,2025-09-10 16:00:00
834.7,79,purchase,San Diego,0,2025-09-10 17:00:00
475.47,346,purchase,Dallas,0,2025-09-10 18:00:00
3285.32,609,purchase,Philadelphia,0,2025-09-10 19:00:00
2610.21,249,purchase,San Antonio,0,2025-09-10 20:00:00
666.9,639,purchase,San Antonio,0,2025-09-10 21:00:00
1951.69,542,purchase,Phoenix,0,2025-09-10 22:00:00
242.61,24,purchase,San Antonio,0,2025-09-10 23:00:00
1319.45,471,purchase,Dallas,0,2025-09-11 00:00:00
1724.61,201,purchase,Houston,0,2025-09-11 01:00:00
6047.07,131,purchase,Los Angeles,1,2025-09-11 02:00:00
507.34,634,purchase,San Diego,0,2025-09-11 03:00:00
305.41,356,purchase,San Antonio,0,2025-09-11 04:00:00
447.9,944,refund,Philadelphia,0,2025-09-11 05:00:00
288.14,839,purchase,San Antonio,0,2025-09-11 06:00:00
4174.11,150,purchase,Chicago,0,2025-09-11 07:00:00
5159.73,526,purchase,Philadelphia,0,2025-09-11 08:00:00
1510.53,304,purchase,Austin,0,2025-09-11 09:00:00
3719.32,541,purchase,San Antonio,0,2025-09-11 10:00:00
1253.83,50,purchase,San Antonio,0,2025-09-11 11:00:00
997.14,464,purchase,Phoenix,0,2025-09-11 12:00:00
786.0,240,purchase,Chicago,0,2025-09-11 13:00:00
804.01,482,purchase,Los Angeles,0,2025-09-11 14:00:00
233.27,906,purchase,San Antonio,0,2025-09-11 15:00:00
1428.32,455,purchase,Houston,0,2025-09-11 16:00:00
1053.28,985,refund,Los Angeles,0,2025-09-11 17:00:00
2310.83,283,purchase,San Diego,0,2025-09-11 18:00:00
1204.14,335,refund,Los Angeles,0,2025-09-11 19:00:00
931.97,352,purchase,Philadelphia,0,2025-09-11 20:00:00
458.89,668,purchase,Houston,0,2025-09-11 21:00:00
1178.68,649,purchase,Dallas,0,2025-09-11 22:00:00
2294.42,327,purchase,Phoenix,0,2025-09-11 23:00:00
349.56,336,purchase,Houston,0,2025-09-12 00:00:00
1196.88,666,purchase,San Diego,0,2025-09-12 01:00:00
1384.43,995,purchase,Chicago,0,2025-09-12 02:00:00
534.82,81,purchase,Dallas,0,2025-09-12 03:00:00
609.2,87,purchase,San Diego,0,2025-09-12 04:00:00
1381.07,776,purchase,San Diego,0,2025-09-12 05:00:00
353.04,258,purchase,Austin,0,2025-09-12 06:00:00
1556.08,991,purchase,Phoenix,0,2025-09-12 07:00:00
447.93,185,purchase,New York,0,2025-09-12 08:00:00
3174.34,692,refund,Austin,0,2025-09-12 09:00:00
11359.71,698,purchase,Dallas,0,2025-09-12 10:00:00
463.7,123,refund,Los Angeles,0,2025-09-12 11:00:00
1870.96,889,purchase,New York,0,2025-09-12 12:00:00
530.2,96,purchase,Philadelphia,0,2025-09-12 13:00:00
3105.58,605,purchase,New York,0,2025-09-12 14:00:00
309.43,515,purchase,Austin,0,2025-09-12 15:00:00
1773.28,904,purchase,Austin,0,2025-09-12 16:00:00
458.06,443,purchase,Austin,0,2025-09-12 17:00:00
891.6,514,purchase,San Antonio,0,2025-09-12 18:00:00
391.1,991,purchase,San Antonio,0,2025-09-12 19:00:00
2495.76,958,refund,New York,0,2025-09-12 20:00:00
474.86,371,refund,Austin,0,2025-09-12 21:00:00
1904.48,305,purchase,Phoenix,0,2025-09-12 22:00:00
777.36,357,purchase,Chicago,0,2025-09-12 23:00:00
978.02,148,purchase,Los Angeles,0,2025-09-13 00:00:00
1271.25,285,purchase,Phoenix,0,2025-09-13 01:00:00
511.92,657,purchase,Phoenix,0,2025-09-13 02:00:00
1353.39,842,purchase,Los Angeles,0,2025-09-13 03:00:00
5066.14,873,purchase,Philadelphia,0,2025-09-13 04:00:00
503.66,918,purchase,San Antonio,0,2025-09-13 05:00:00
3539.75,262,purchase,New York,0,2025-09-13 06:00:00
4905.43,574,purchase,Chicago,0,2025-09-13 07:00:00
484.85,491,purchase,Houston,0,2025-09-13 08:00:00
255.94,738,refund,Los Angeles,0,2025-09-13 09:00:00
1483.21,31,purchase,Austin,0,2025-09-13 10:00:00
634.34,702,purchase,Phoenix,0,2025-09-13 11:00:00
7105.35,887,purchase,Houston,0,2025-09-13 12:00:00
1135.48,268,purchase,Los Angeles,0,2025-09-13 13:00:00
491.67,12,purchase,New York,0,2025-09-13 14:00:00
348.22,191,purchase,San Diego,0,2025-09-13 15:00:00
3261.38,400,purchase,Los Angeles,0,2025-09-13 16:00:00
619.44,537,purchase,Houston,0,2025-09-13 17:00:00
1145.77,918,purchase,Austin,0,2025-09-13 18:00:00
2852.08,91,purchase,Phoenix,0,2025-09-13 19:00:00
675.69,600,purchase,Los Angeles,0,2025-09-13 20:00:00
1047.41,844,purchase,Austin,0,2025-09-13 21:00:00
1078.61,501,purchase,Dallas,0,2025-09-13 22:00:00
2171.83,786,purchase,Los Angeles,0,2025-09-13 23:00:00
1979.79,301,purchase,Philadelphia,0,2025-09-14 00:00:00
879.97,111,purchase,San Antonio,0,2025-09-14 01:00:00
1168.7,80,purchase,Philadelphia,0,2025-09-14 02:00:00
756.14,836,refund,Houston,0,2025-09-14 03:00:00
250.23,652,purchase,New York,0,2025-09-14 04:00:00
1418.85,433,purchase,Los Angeles,0,2025-09-14 05:00:00
7274.95,417,purchase,Austin,0,2025-09-14 06:00:00
453.18,214,purchase,Austin,0,2025-09-14 07:00:00
506.22,447,purchase,Philadelphia,0,2025-09-14 08:00:00
459.1,18,purchase,San Diego,0,2025-09-14 09:00:00
2263.33,54,purchase,Chicago,0,2025-09-14 10:00:00
1717.26,880,refund,San Antonio,0,2025-09-14 11:00:00
935.86,609,refund,Dallas,0,2025-09-14 12:00:00
437.9,795,purchase,Houston,0,2025-09-14 13:00:00
1202.76,746,purchase,San Antonio,0,2025-09-14 14:00:00
229.38,979,purchase,San Antonio,0,2025-09-14 15:00:00
1265.76,240,purchase,Austin,0,2025-09-14 16:00:00
2621.56,846,purchase,Dallas,0,2025-09-14 17:00:00
313.81,921,purchase,Chicago,0,2025-09-14 18:00:00
236.86,418,purchase,New York,0,2025-09-14 19:00:00
5321.11,856,purchase,San Diego,0,2025-09-14 20:00:00
594.81,486,purchase,Houston,0,2025-09-14 21:00:00
3415.05,444,purchase,Los Angeles,0,2025-09-14 22:00:00
940.12,566,purchase,Phoenix,0,2025-09-14 23:00:00
932.66,599,purchase,Houston,0,2025-09-15 00:00:00
1700.05,773,purchase,New York,0,2025-09-15 01:00:00
453.05,748,refund,San Antonio,0,2025-09-15 02:00:00
1252.0,123,purchase,Houston,0,2025-09-15 03:00:00
748.83,420,purchase,San Diego,0,2025-09-15 04:00:00
292.8,566,purchase,Dallas,0,2025-09-15 05:00:00
1536.84,216,purchase,San Diego,0,2025-09-15 06:00:00
842.77,420,purchase,New York,0,2025-09-15 07:00:00
937.27,709,refund,San Diego,0,2025-09-15 08:00:00
326.96,551,purchase,Phoenix,0,2025-09-15 09:00:00
5385.15,966,purchase,New York,0,2025-09-15 10:00:00
2635.2,877,purchase,Dallas,0,2025-09-15 11:00:00
2876.0,228,purchase,Dallas,0,2025-09-15 12:00:00
807.99,237,purchase,San Antonio,0,2025-09-15 13:00:00
194.57,644,purchase,San Antonio,0,2025-09-15 14:00:00
7730.41,330,refund,New York,0,2025-09-15 15:00:00
1031.64,833,purchase,Dallas,0,2025-09-15 16:00:00
518.63,469,purchase,New York,0,2025-09-15 17:00:00
1663.7,680,purchase,San Antonio,0,2025-09-15 18:00:00
3523.19,487,purchase,Dallas,0,2025-09-15 19:00:00
1071.64,549,purchase,Dallas,0,2025-09-15 20:00:00
3938.58,579,purchase,Phoenix,0,2025-09-15 21:00:00
3238.94,623,purchase,Philadelphia,0,2025-09-15 22:00:00
373.76,415,purchase,Los Angeles,0,2025-09-15 23:00:00
559.03,219,purchase,Los Angeles,0,2025-09-16 00:00:00
2857.03,721,purchase,Austin,0,2025-09-16 01:00:00
72.78,381,purchase,Dallas,0,2025-09-16 02:00:00
944.39,87,purchase,New York,0,2025-09-16 03:00:00
262.22,461,purchase,Austin,0,2025-09-16 04:00:00
680.92,815,purchase,Phoenix,0,2025-09-16 05:00:00
813.36,411,purchase,San Antonio,0,2025-09-16 06:00:00
766.44,691,refund,Austin,0,2025-09-16 07:00:00
631.27,916,purchase,Philadelphia,0,2025-09-16 08:00:00
366.08,525,refund,Philadelphia,0,2025-09-16 09:00:00
10849.9,447,purchase,Philadelphia,0,2025-09-16 10:00:00
7097.25,300,purchase,San Diego,0,2025-09-16 11:00:00
343.07,408,purchase,San Antonio,0,2025-09-16 12:00:00
5335.39,637,purchase,Phoenix,0,2025-09-16 13:00:00
735.49,375,purchase,Austin,0,2025-09-16 14:00:00
1247.86,233,purchase,Los Angeles,0,2025-09-16 15:00:00
1029.39,763,purchase,Austin,0,2025-09-16 16:00:00
566.94,899,refund,Philadelphia,0,2025-09-16 17:00:00
2933.21,638,refund,Austin,0,2025-09-16 18:00:00
1243.75,747,purchase,Phoenix,0,2025-09-16 19:00:00
680.92,650,purchase,Houston,0,2025-09-16 20:00:00
297.5,961,purchase,Austin,0,2025-09-16 21:00:00
448.72,49,purchase,Phoenix,0,2025-09-16 22:00:00
212.43,892,purchase,Dallas,0,2025-09-16 23:00:00
1110.12,186,purchase,Los Angeles,0,2025-09-17 00:00:00
331.4,205,purchase,Philadelphia,0,2025-09-17 01:00:00
840.87,78,purchase,Dallas,0,2025-09-17 02:00:00
4316.08,481,purchase,Austin,0,2025-09-17 03:00:00
3638.4,386,refund,Phoenix,0,2025-09-17 04:00:00
1061.8,194,purchase,Philadelphia,0,2025-09-17 05:00:00
1005.17,103,purchase,Austin,0,2025-09-17 06:00:00
7185.89,617,purchase,Houston,0,2025-09-17 07:00:00
1845.96,376,purchase,Phoenix,0,2025-09-17 08:00:00
790.13,287,purchase,San Diego,0,2025-09-17 09:00:00
263.48,836,purchase,New York,0,2025-09-17 10:00:00
1625.99,482,purchase,New York,0,2025-09-17 11:00:00
2513.23,723,refund,Austin,0,2025-09-17 12:00:00
583.09,250,purchase,Houston,0,2025-09-17 13:00:00
1467.33,805,purchase,Austin,0,2025-09-17 14:00:00
762.37,201,purchase,Chicago,0,2025-09-17 15:00:00
912.3,536,refund,Phoenix,0,2025-09-17 16:00:00
91.12,461,purchase,Austin,0,2025-09-17 17:00:00
878.5,300,purchase,San Diego,0,2025-09-17 18:00:00
2891.03,478,refund,New York,0,2025-09-17 19:00:00
583.24,83,refund,Phoenix,0,2025-09-17 20:00:00
1155.77,809,purchase,Phoenix,0,2025-09-17 21:00:00
514.94,458,purchase,Los Angeles,0,2025-09-17 22:00:00
1572.53,691,purchase,Phoenix,0,2025-09-17 23:00:00
883.13,298,purchase,San Diego,0,2025-09-18 00:00:00
428.7,364,purchase,Austin,0,2025-09-18 01:00:00
4157.01,718,purchase,San Antonio,0,2025-09-18 02:00:00
2776.46,40,purchase,Los Angeles,0,2025-09-18 03:00:00
598.9,816,purchase,Philadelphia,0,2025-09-18 04:00:00
1804.05,625,refund,Austin,0,2025-09-18 05:00:00
1876.97,340,purchase,New York,0,2025-09-18 06:00:00
2084.54,516,purchase,Austin,0,2025-09-18 07:00:00
201.49,998,refund,Austin,0,2025-09-18 08:00:00
3000.72,108,purchase,Chicago,0,2025-09-18 09:00:00
620.36,316,purchase,Philadelphia,0,2025-09-18 10:00:00
766.76,114,purchase,Dallas,0,2025-09-18 11:00:00
15334.83,167,purchase,New York,0,2025-09-18 12:00:00
1483.08,261,purchase,Philadelphia,0,2025-09-18 13:00:00
745.22,618,purchase,Los Angeles,0,2025-09-18 14:00:00
120.87,224,purchase,Dallas,0,2025-09-18 15:00:00
4401.78,262,purchase,Los Angeles,0,2025-09-18 16:00:00
285.66,251,purchase,Chicago,0,2025-09-18 17:00:00
402.04,526,purchase,Los Angeles,0,2025-09-18 18:00:00
787.33,710,purchase,Houston,0,2025-09-18 19:00:00
4520.65,126,purchase,Houston,0,2025-09-18 20:00:00
2376.16,206,refund,Austin,0,2025-09-18 21:00:00
936.51,140,purchase,New York,0,2025-09-18 22:00:00
1492.63,62,purchase,San Diego,0,2025-09-18 23:00:00
601.61,283,purchase,Phoenix,0,2025-09-19 00:00:00
1260.99,54,purchase,San Diego,0,2025-09-19 01:00:00
1180.08,346,purchase,Philadelphia,0,2025-09-19 02:00:00
2889.3,524,purchase,Los Angeles,0,2025-09-19 03:00:00
2884.71,136,purchase,San Antonio,0,2025-09-19 04:00:00
1797.19,330,purchase,Austin,0,2025-09-19 05:00:00
763.3,144,purchase,Dallas,0,2025-09-19 06:00:00
2302.66,436,purchase,San Antonio,0,2025-09-19 07:00:00
1000.28,282,purchase,Phoenix,0,2025-09-19 08:00:00
371.7,136,purchase,Houston,0,2025-09-19 09:00:00
732.68,489,refund,San Diego,0,2025-09-19 10:00:00
1193.36,813,purchase,Philadelphia,0,2025-09-19 11:00:00
2724.98,733,refund,Phoenix,0,2025-09-19 12:00:00
912.76,852,purchase,San Antonio,0,2025-09-19 13:00:00
327.28,721,purchase,Chicago,0,2025-09-19 14:00:00
1160.66,915,purchase,Dallas,0,2025-09-19 15:00:00
1228.39,401,purchase,Houston,0,2025-09-19 16:00:00
1320.59,871,purchase,Houston,0,2025-09-19 17:00:00
2751.42,892,purchase,San Diego,0,2025-09-19 18:00:00
3037.9,449,purchase,Philadelphia,0,2025-09-19 19:00:00
605.34,635,purchase,New York,0,2025-09-19 20:00:00
592.21,628,purchase,Los Angeles,0,2025-09-19 21:00:00
387.53,669,purchase,Dallas,0,2025-09-19 22:00:00
2205.73,270,purchase,Philadelphia,0,2025-09-19 23:00:00
4669.56,17,purchase,San Antonio,0,2025-09-20 00:00:00
800.25,269,purchase,Dallas,0,2025-09-20 01:00:00
861.41,861,refund,Chicago,0,2025-09-20 02:00:00
4754.19,482,purchase,Phoenix,0,2025-09-20 03:00:00
1818.12,219,purchase,Phoenix,0,2025-09-20 04:00:00
1696.35,319,purchase,Austin,0,2025-09-20 05:00:00
333.31,238,purchase,San Antonio,0,2025-09-20 06:00:00
2161.87,545,purchase,Los Angeles,0,2025-09-20 07:00:00
433.05,285,purchase,Houston,0,2025-09-20 08:00:00
352.83,37,purchase,Houston,0,2025-09-20 09:00:00
775.28,103,purchase,San Diego,0,2025-09-20 10:00:00
610.46,723,purchase,Austin,0,2025-09-20 11:00:00
878.66,430,purchase,Chicago,0,2025-09-20 12:00:00
259.57,792,purchase,Los Angeles,0,2025-09-20 13:00:00
2860.68,654,purchase,Dallas,0,2025-09-20 14:00:00
3386.95,239,refund,Houston,0,2025-09-20 15:00:00
156.44,741,purchase,Dallas,0,2025-09-20 16:00:00
2917.43,645,purchase,Philadelphia,0,2025-09-20 17:00:00
487.59,125,purchase,New York,0,2025-09-20 18:00:00
2583.69,565,purchase,Chicago,0,2025-09-20 19:00:00
1024.08,600,purchase,San Antonio,0,2025-09-20 20:00:00
1128.65,610,purchase,Dallas,0,2025-09-20 21:00:00
911.33,882,purchase,San Diego,0,2025-09-20 22:00:00
3685.38,607,purchase,Phoenix,0,2025-09-20 23:00:00
317.48,926,purchase,San Diego,0,2025-09-21 00:00:00
2013.92,188,purchase,Los Angeles,0,2025-09-21 01:00:00
3298.85,888,purchase,Chicago,0,2025-09-21 02:00:00
2244.73,256,purchase,San Diego,0,2025-09-21 03:00:00
11211.54,585,purchase,Dallas,0,2025-09-21 04:00:00
646.16,987,purchase,Austin,0,2025-09-21 05:00:00
2856.36,924,purchase,San Diego,0,2025-09-21 06:00:00
986.25,874,refund,Houston,0,2025-09-21 07:00:00
3764.63,794,purchase,Philadelphia,0,2025-09-21 08:00:00
1088.23,530,purchase,Phoenix,0,2025-09-21 09:00:00
744.06,676,purchase,Houston,0,2025-09-21 10:00:00
4048.38,392,purchase,Dallas,0,2025-09-21 11:00:00
670.78,658,refund,Austin,0,2025-09-21 12:00:00
267.01,468,purchase,Chicago,0,2025-09-21 13:00:00
654.03,826,purchase,New York,0,2025-09-21 14:00:00
2036.59,253,purchase,San Antonio,0,2025-09-21 15:00:00
4411.8,672,purchase,Austin,0,2025-09-21 16:00:00
1225.53,861,purchase,San Diego,0,2025-09-21 17:00:00
4097.77,561,purchase,Chicago,0,2025-09-21 18:00:00
281.98,176,purchase,Chicago,0,2025-09-21 19:00:00
703.97,466,purchase,Philadelphia,0,2025-09-21 20:00:00
821.74,839,purchase,Los Angeles,0,2025-09-21 21:00:00
977.93,577,purchase,Philadelphia,0,2025-09-21 22:00:00
1192.84,988,refund,Phoenix,0,2025-09-21 23:00:00
2188.37,289,purchase,San Antonio,0,2025-09-22 00:00:00
702.88,50,refund,Dallas,0,2025-09-22 01:00:00
1260.2,4,purchase,Dallas,0,2025-09-22 02:00:00
1048.25,631,purchase,New York,0,2025-09-22 03:00:00
434.46,852,purchase,San Antonio,0,2025-09-22 04:00:00
978.81,885,purchase,Chicago,0,2025-09-22 05:00:00
949.88,500,purchase,Houston,0,2025-09-22 06:00:00
929.75,676,purchase,Los Angeles,0,2025-09-22 07:00:00
1132.02,223,purchase,New York,0,2025-09-22 08:00:00
1182.84,870,purchase,Austin,0,2025-09-22 09:00:00
711.73,668,purchase,Chicago,0,2025-09-22 10:00:00
3915.56,899,refund,Austin,0,2025-09-22 11:00:00
340.54,262,purchase,Dallas,0,2025-09-22 12:00:00
533.27,685,purchase,New York,0,2025-09-22 13:00:00
17676.01,535,purchase,Chicago,0,2025-09-22 14:00:00
388.39,903,purchase,Phoenix,0,2025-09-22 15:00:00
283.23,376,purchase,Chicago,0,2025-09-22 16:00:00
2285.81,61,purchase,Houston,0,2025-09-22 17:00:00
137.4,356,purchase,Houston,0,2025-09-22 18:00:00
866.73,833,purchase,New York,0,2025-09-22 19:00:00
9375.22,646,purchase,Philadelphia,0,2025-09-22 20:00:00
233.94,24,purchase,San Antonio,0,2025-09-22 21:00:00
151.11,293,purchase,San Antonio,0,2025-09-22 22:00:00
244.89,557,purchase,Philadelphia,0,2025-09-22 23:00:00
2692.86,691,purchase,San Antonio,0,2025-09-23 00:00:00
3377.11,356,purchase,Chicago,1,2025-09-23 01:00:00
656.82,984,purchase,Phoenix,0,2025-09-23 02:00:00
2171.58,870,purchase,San Antonio,0,2025-09-23 03:00:00
4403.94,941,refund,Austin,0,2025-09-23 04:00:00
6550.83,575,purchase,Phoenix,0,2025-09-23 05:00:00
857.19,29,refund,Austin,0,2025-09-23 06:00:00
109.79,357,refund,Los Angeles,0,2025-09-23 07:00:00
482.57,365,purchase,Philadelphia,0,2025-09-23 08:00:00
715.65,608,purchase,San Antonio,0,2025-09-23 09:00:00
846.46,409,purchase,Los Angeles,0,2025-09-23 10:00:00
908.81,266,purchase,Austin,0,2025-09-23 11:00:00
3357.31,291,refund,San Diego,0,2025-09-23 12:00:00
3922.28,567,purchase,Phoenix,0,2025-09-23 13:00:00
923.64,153,refund,San Diego,0,2025-09-23 14:00:00
3289.48,219,purchase,Chicago,0,2025-09-23 15:00:00
1568.16,173,purchase,Los Angeles,0,2025-09-23 16:00:00
1169.7,608,purchase,San Antonio,0,2025-09-23 17:00:00
2714.99,635,purchase,Phoenix,0,2025-09-23 18:00:00
1178.8,12,purchase,Phoenix,0,2025-09-23 19:00:00
8585.34,516,purchase,San Diego,0,2025-09-23 20:00:00
260.24,362,refund,Dallas,1,2025-09-23 21:00:00
655.13,858,purchase,San Diego,0,2025-09-23 22:00:00
966.31,579,refund,Austin,1,2025-09-23 23:00:00
1701.82,657,refund,Los Angeles,0,2025-09-24 00:00:00
3896.99,969,purchase,Austin,0,2025-09-24 01:00:00
1070.2,477,purchase,San Antonio,0,2025-09-24 02:00:00
264.48,577,purchase,Phoenix,0,2025-09-24 03:00:00
2546.6,82,purchase,San Antonio,0,2025-09-24 04:00:00
2333.11,617,purchase,Chicago,0,2025-09-24 05:00:00
157.3,693,purchase,Houston,0,2025-09-24 06:00:00
1092.47,340,refund,San Antonio,0,2025-09-24 07:00:00
223.6,441,purchase,Los Angeles,0,2025-09-24 08:00:00
564.17,617,purchase,Los Angeles,0,2025-09-24 09:00:00
444.61,226,purchase,New York,0,2025-09-24 10:00:00
2463.32,371,purchase,New York,0,2025-09-24 11:00:00
1232.54,28,purchase,New York,0,2025-09-24 12:00:00
303.2,995,purchase,Philadelphia,0,2025-09-24 13:00:00
2644.05,16,purchase,Phoenix,0,2025-09-24 14:00:00
261.44,277,purchase,Austin,0,2025-09-24 15:00:00
1525.56,333,refund,San Diego,0,2025-09-24 16:00:00
485.89,483,purchase,Phoenix,0,2025-09-24 17:00:00
760.76,810,purchase,New York,0,2025-09-24 18:00:00
1815.78,566,purchase,San Diego,0,2025-09-24 19:00:00
1847.24,288,purchase,Philadelphia,0,2025-09-24 20:00:00
4175.42,114,refund,San Diego,1,2025-09-24 21:00:00
1010.04,38,purchase,Los Angeles,0,2025-09-24 22:00:00
1489.88,454,purchase,Austin,0,2025-09-24 23:00:00
707.87,882,refund,San Diego,0,2025-09-25 00:00:00
1315.52,742,purchase,Philadelphia,0,2025-09-25 01:00:00
1701.88,166,purchase,New York,0,2025-09-25 02:00:00
993.95,694,purchase,New York,0,2025-09-25 03:00:00
180.59,956,purchase,Austin,0,2025-09-25 04:00:00
1527.63,205,purchase,Phoenix,0,2025-09-25 05:00:00
1579.02,878,purchase,San Antonio,0,2025-09-25 06:00:00
555.48,245,purchase,Houston,0,2025-09-25 07:00:00
303.57,871,purchase,Austin,0,2025-09-25 08:00:00
4797.64,333,refund,Phoenix,0,2025-09-25 09:00:00
1792.64,943,purchase,Austin,0,2025-09-25 10:00:00
872.11,396,purchase,Chicago,0,2025-09-25 11:00:00
351.77,821,refund,Los Angeles,0,2025-09-25 12:00:00
482.12,507,purchase,Los Angeles,0,2025-09-25 13:00:00
4034.31,929,purchase,Phoenix,0,2025-09-25 14:00:00
1258.48,924,purchase,Houston,0,2025-09-25 15:00:00
632.33,121,refund,Los Angeles,0,2025-09-25 16:00:00
1825.65,259,refund,Phoenix,0,2025-09-25 17:00:00
485.71,722,purchase,Austin,0,2025-09-25 18:00:00
4918.91,410,refund,Dallas,0,2025-09-25 19:00:00
4242.04,310,purchase,San Diego,0,2025-09-25 20:00:00
687.75,808,refund,Dallas,0,2025-09-25 21:00:00
584.83,706,purchase,Dallas,0,2025-09-25 22:00:00
79.99,68,purchase,San Diego,0,2025-09-25 23:00:00
249.24,114,purchase,Dallas,0,2025-09-26 00:00:00
287.3,220,purchase,Houston,0,2025-09-26 01:00:00
1255.38,220,purchase,San Diego,0,2025-09-26 02:00:00
791.37,473,purchase,Los Angeles,0,2025-09-26 03:00:00
285.62,730,purchase,Dallas,0,2025-09-26 04:00:00
827.85,749,purchase,Dallas,0,2025-09-26 05:00:00
1817.72,943,purchase,Chicago,0,2025-09-26 06:00:00
1859.08,386,purchase,Philadelphia,0,2025-09-26 07:00:00
164.08,298,purchase,San Antonio,0,2025-09-26 08:00:00
964.62,930,refund,Chicago,0,2025-09-26 09:00:00
274.97,606,purchase,Phoenix,0,2025-09-26 10:00:00
2701.95,253,purchase,New York,0,2025-09-26 11:00:00
2402.21,405,refund,Chicago,0,2025-09-26 12:00:00
446.74,492,purchase,San Diego,0,2025-09-26 13:00:00
509.77,357,purchase,Chicago,0,2025-09-26 14:00:00
691.41,428,purchase,San Diego,0,2025-09-26 15:00:00
115.26,215,purchase,Dallas,0,2025-09-26 16:00:00
1534.51,993,purchase,Philadelphia,0,2025-09-26 17:00:00
834.77,380,purchase,San Antonio,0,2025-09-26 18:00:00
2893.36,770,purchase,Philadelphia,0,2025-09-26 19:00:00
365.62,859,purchase,San Diego,0,2025-09-26 20:00:00
590.45,752,purchase,San Antonio,0,2025-09-26 21:00:00
243.1,827,purchase,Austin,0,2025-09-26 22:00:00
401.7,214,purchase,New York,0,2025-09-26 23:00:00
336.3,98,purchase,Chicago,0,2025-09-27 00:00:00
2968.98,528,refund,Chicago,0,2025-09-27 01:00:00
545.52,916,purchase,Chicago,0,2025-09-27 02:00:00
1241.62,666,refund,Houston,0,2025-09-27 03:00:00
749.37,528,purchase,New York,0,2025-09-27 04:00:00
308.13,710,purchase,Los Angeles,0,2025-09-27 05:00:00
926.76,620,purchase,Phoenix,0,2025-09-27 06:00:00
1996.4,535,purchase,Philadelphia,0,2025-09-27 07:00:00
327.75,554,refund,Dallas,0,2025-09-27 08:00:00
2462.94,549,purchase,Los Angeles,0,2025-09-27 09:00:00
468.85,328,purchase,Dallas,0,2025-09-27 10:00:00
676.56,902,purchase,San Antonio,0,2025-09-27 11:00:00
1864.38,165,purchase,Dallas,0,2025-09-27 12:00:00
564.85,116,purchase,Houston,0,2025-09-27 13:00:00
1138.62,150,refund,San Antonio,0,2025-09-27 14:00:00
800.56,518,purchase,New York,1,2025-09-27 15:00:00
1248.09,32,refund,San Diego,0,2025-09-27 16:00:00
101.42,657,purchase,San Antonio,0,2025-09-27 17:00:00
175.97,806,purchase,San Antonio,0,2025-09-27 18:00:00
2030.36,913,purchase,Los Angeles,0,2025-09-27 19:00:00
3093.88,293,purchase,Austin,0,2025-09-27 20:00:00
441.21,919,purchase,Dallas,0,2025-09-27 21:00:00
859.17,689,purchase,San Diego,0,2025-09-27 22:00:00
1472.5,957,purchase,New York,0,2025-09-27 23:00:00
2193.42,177,purchase,New York,0,2025-09-28 00:00:00
144.36,61,purchase,Phoenix,0,2025-09-28 01:00:00
452.13,589,purchase,Los Angeles,0,2025-09-28 02:00:00
786.36,416,purchase,New York,0,2025-09-28 03:00:00
2215.29,383,purchase,Austin,0,2025-09-28 04:00:00
13338.77,598,purchase,San Diego,0,2025-09-28 05:00:00
873.05,703,purchase,Houston,0,2025-09-28 06:00:00
268.55,7,purchase,Los Angeles,0,2025-09-28 07:00:00
1639.7,918,purchase,Phoenix,0,2025-09-28 08:00:00
4109.25,85,purchase,Philadelphia,0,2025-09-28 09:00:00
1221.72,774,purchase,San Diego,0,2025-09-28 10:00:00
442.9,957,purchase,San Antonio,0,2025-09-28 11:00:00
2858.33,398,purchase,San Antonio,0,2025-09-28 12:00:00
2129.29,912,purchase,New York,0,2025-09-28 13:00:00
393.04,771,purchase,Chicago,0,2025-09-28 14:00:00
1605.88,393,purchase,Chicago,0,2025-09-28 15:00:00
2972.82,47,purchase,San Antonio,0,2025-09-28 16:00:00
3575.61,341,purchase,Los Angeles,0,2025-09-28 17:00:00
1026.13,498,purchase,Austin,0,2025-09-28 18:00:00
766.57,606,purchase,San Antonio,0,2025-09-28 19:00:00
3741.62,478,purchase,Dallas,0,2025-09-28 20:00:00
326.96,426,purchase,New York,0,2025-09-28 21:00:00
1700.33,426,purchase,Los Angeles,0,2025-09-28 22:00:00
278.65,736,purchase,Philadelphia,0,2025-09-28 23:00:00
3182.35,791,purchase,Los Angeles,0,2025-09-29 00:00:00
847.21,515,purchase,Los Angeles,0,2025-09-29 01:00:00
3899.42,129,refund,Phoenix,0,2025-09-29 02:00:00
1792.58,835,purchase,San Antonio,0,2025-09-29 03:00:00
322.72,249,refund,Houston,0,2025-09-29 04:00:00
4557.95,741,purchase,Philadelphia,0,2025-09-29 05:00:00
5173.19,839,purchase,Chicago,0,2025-09-29 06:00:00
2649.92,131,purchase,Houston,0,2025-09-29 07:00:00
512.04,740,purchase,Houston,0,2025-09-29 08:00:00
807.53,689,purchase,Houston,0,2025-09-29 09:00:00
1268.29,323,purchase,New York,0,2025-09-29 10:00:00
542.56,823,purchase,Houston,0,2025-09-29 11:00:00
5957.14,900,purchase,Houston,0,2025-09-29 12:00:00
1266.9,543,purchase,Philadelphia,0,2025-09-29 13:00:00
73.45,66,purchase,Dallas,0,2025-09-29 14:00:00
1539.72,718,purchase,Austin,0,2025-09-29 15:00:00
774.21,101,purchase,Philadelphia,0,2025-09-29 16:00:00
1017.47,832,purchase,Philadelphia,0,2025-09-29 17:00:00
758.53,31,purchase,San Antonio,0,2025-09-29 18:00:00
2457.86,885,purchase,San Antonio,0,2025-09-29 19:00:00
3359.97,191,purchase,New York,0,2025-09-29 20:00:00
1455.42,578,purchase,San Diego,0,2025-09-29 21:00:00
781.09,415,purchase,New York,0,2025-09-29 22:00:00
1052.23,815,purchase,Dallas,0,2025-09-29 23:00:00
1118.34,747,purchase,Houston,0,2025-09-30 00:00:00
491.55,790,purchase,Dallas,0,2025-09-30 01:00:00
1956.53,714,purchase,San Diego,0,2025-09-30 02:00:00
1737.22,500,refund,Dallas,0,2025-09-30 03:00:00
5117.6,862,purchase,Philadelphia,0,2025-09-30 04:00:00
3848.16,737,purchase,Dallas,0,2025-09-30 05:00:00
552.43,595,purchase,Houston,0,2025-09-30 06:00:00
2490.65,46,purchase,Chicago,0,2025-09-30 07:00:00
423.71,89,purchase,Chicago,0,2025-09-30 08:00:00
2199.38,698,purchase,San Diego,0,2025-09-30 09:00:00
654.18,375,purchase,Los Angeles,0,2025-09-30 10:00:00
394.16,701,purchase,Philadelphia,0,2025-09-30 11:00:00
1451.05,246,purchase,Dallas,0,2025-09-30 12:00:00
75.6,558,purchase,Dallas,0,2025-09-30 13:00:00
190.38,257,purchase,San Diego,0,2025-09-30 14:00:00
918.29,352,purchase,San Diego,0,2025-09-30 15:00:00
1190.87,921,purchase,New York,0,2025-09-30 16:00:00
758.0,573,purchase,San Antonio,0,2025-09-30 17:00:00
226.01,105,purchase,New York,0,2025-09-30 18:00:00
484.01,337,purchase,Dallas,0,2025-09-30 19:00:00
1621.67,526,purchase,Chicago,0,2025-09-30 20:00:00
1962.12,301,purchase,New York,0,2025-09-30 21:00:00
1078.99,77,purchase,San Diego,0,2025-09-30 22:00:00
3487.13,511,purchase,San Antonio,0,2025-09-30 23:00:00
1631.73,230,refund,Los Angeles,1,2025-10-01 00:00:00
519.33,679,purchase,San Antonio,0,2025-10-01 01:00:00
828.4,578,purchase,Phoenix,0,2025-10-01 02:00:00
269.65,32,purchase,San Antonio,0,2025-10-01 03:00:00
984.23,608,purchase,Austin,0,2025-10-01 04:00:00
3334.58,58,purchase,San Antonio,0,2025-10-01 05:00:00
2176.1,104,purchase,Los Angeles,0,2025-10-01 06:00:00
4456.01,312,purchase,Los Angeles,0,2025-10-01 07:00:00
810.07,646,purchase,San Antonio,0,2025-10-01 08:00:00
4213.71,729,refund,Chicago,0,2025-10-01 09:00:00
903.88,67,purchase,Houston,0,2025-10-01 10:00:00
4777.08,978,purchase,San Antonio,0,2025-10-01 11:00:00
1072.92,690,purchase,Los Angeles,0,2025-10-01 12:00:00
2224.38,374,purchase,Los Angeles,0,2025-10-01 13:00:00
4793.96,759,purchase,Dallas,0,2025-10-01 14:00:00
903.77,806,purchase,New York,0,2025-10-01 15:00:00
1364.29,235,purchase,Chicago,0,2025-10-01 16:00:00
3979.31,643,purchase,Austin,0,2025-10-01 17:00:00
960.06,112,purchase,Houston,0,2025-10-01 18:00:00
292.69,389,purchase,Phoenix,0,2025-10-01 19:00:00
9348.84,408,purchase,Chicago,0,2025-10-01 20:00:00
685.56,54,purchase,Dallas,0,2025-10-01 21:00:00
1285.31,802,purchase,Phoenix,0,2025-10-01 22:00:00
3484.25,239,purchase,San Antonio,0,2025-10-01 23:00:00
596.75,752,purchase,San Antonio,0,2025-10-02 00:00:00
400.27,295,purchase,Dallas,0,2025-10-02 01:00:00
1413.38,112,purchase,Los Angeles,0,2025-10-02 02:00:00
182.53,88,purchase,Chicago,0,2025-10-02 03:00:00
822.29,740,refund,Houston,0,2025-10-02 04:00:00
1401.14,476,purchase,San Diego,0,2025-10-02 05:00:00
837.19,304,purchase,New York,0,2025-10-02 06:00:00
234.29,305,purchase,Dallas,0,2025-10-02 07:00:00
5400.13,290,purchase,Phoenix,0,2025-10-02 08:00:00
1216.26,208,purchase,Houston,0,2025-10-02 09:00:00
4587.78,868,purchase,San Diego,0,2025-10-02 10:00:00
845.53,903,refund,Dallas,0,2025-10-02 11:00:00
454.86,786,purchase,Chicago,0,2025-10-02 12:00:00
1435.37,582,purchase,Houston,0,2025-10-02 13:00:00
883.78,370,purchase,New York,0,2025-10-02 14:00:00
337.73,220,purchase,Chicago,0,2025-10-02 15:00:00
4768.49,231,purchase,Austin,0,2025-10-02 16:00:00
588.59,802,refund,Phoenix,0,2025-10-02 17:00:00
174.12,819,refund,San Diego,0,2025-10-02 18:00:00
4138.82,873,refund,New York,0,2025-10-02 19:00:00
662.29,349,purchase,New York,0,2025-10-02 20:00:00
597.15,255,purchase,Chicago,0,2025-10-02 21:00:00
187.66,452,purchase,Dallas,0,2025-10-02 22:00:00
6253.78,142,purchase,Dallas,0,2025-10-02 23:00:00
302.03,69,purchase,New York,0,2025-10-03 00:00:00
1162.64,89,purchase,Houston,0,2025-10-03 01:00:00
2731.54,871,purchase,San Diego,0,2025-10-03 02:00:00
1671.9,136,purchase,Los Angeles,0,2025-10-03 03:00:00
1033.13,655,purchase,Houston,0,2025-10-03 04:00:00
200.0,851,refund,San Antonio,0,2025-10-03 05:00:00
487.98,699,purchase,San Antonio,0,2025-10-03 06:00:00
1323.19,523,purchase,Phoenix,0,2025-10-03 07:00:00
499.11,660,purchase,San Antonio,0,2025-10-03 08:00:00
1343.94,951,purchase,Philadelphia,0,2025-10-03 09:00:00
2168.4,804,purchase,Los Angeles,0,2025-10-03 10:00:00
2871.25,850,refund,Dallas,0,2025-10-03 11:00:00
321.76,910,refund,Phoenix,0,2025-10-03 12:00:00
9863.99,442,refund,Los Angeles,0,2025-10-03 13:00:00
2362.51,38,purchase,Philadelphia,0,2025-10-03 14:00:00
1094.75,857,purchase,Austin,0,2025-10-03 15:00:00
3260.18,208,purchase,Phoenix,0,2025-10-03 16:00:00
11677.37,210,purchase,Los Angeles,0,2025-10-03 17:00:00
260.16,513,purchase,Austin,0,2025-10-03 18:00:00
875.45,360,purchase,Austin,0,2025-10-03 19:00:00
101.65,577,purchase,San Antonio,0,2025-10-03 20:00:00
1329.62,1,purchase,Austin,0,2025-10-03 21:00:00
1580.34,755,purchase,Los Angeles,0,2025-10-03 22:00:00
1054.52,981,purchase,San Antonio,0,2025-10-03 23:00:00
569.9,381,refund,Philadelphia,0,2025-10-04 00:00:00
141.24,828,purchase,Houston,0,2025-10-04 01:00:00
1593.25,537,refund,Houston,0,2025-10-04 02:00:00
4700.55,859,purchase,Philadelphia,0,2025-10-04 03:00:00
607.27,394,purchase,Dallas,0,2025-10-04 04:00:00
1702.85,50,purchase,Austin,0,2025-10-04 05:00:00
228.57,396,purchase,Philadelphia,0,2025-10-04 06:00:00
1732.31,860,purchase,Philadelphia,0,2025-10-04 07:00:00
739.98,753,purchase,New York,0,2025-10-04 08:00:00
511.62,32,refund,Phoenix,0,2025-10-04 09:00:00
512.67,545,purchase,New York,0,2025-10-04 10:00:00
739.81,712,purchase,Dallas,0,2025-10-04 11:00:00
1607.5,234,purchase,Austin,0,2025-10-04 12:00:00
295.25,26,purchase,Houston,0,2025-10-04 13:00:00
737.22,554,purchase,Los Angeles,0,2025-10-04 14:00:00
1052.08,434,purchase,Dallas,0,2025-10-04 15:00:00
365.39,61,purchase,Philadelphia,0,2025-10-04 16:00:00
6612.16,553,purchase,Austin,0,2025-10-04 17:00:00
467.08,441,purchase,Chicago,0,2025-10-04 18:00:00
561.47,130,purchase,Los Angeles,0,2025-10-04 19:00:00
412.28,867,purchase,Philadelphia,0,2025-10-04 20:00:00
6624.17,354,purchase,Austin,0,2025-10-04 21:00:00
1906.27,198,purchase,Philadelphia,0,2025-10-04 22:00:00
429.84,799,purchase,Dallas,0,2025-10-04 23:00:00
3315.06,663,purchase,Phoenix,0,2025-10-05 00:00:00
1340.37,716,purchase,Dallas,0,2025-10-05 01:00:00
1418.36,694,purchase,Phoenix,1,2025-10-05 02:00:00
777.06,371,purchase,Los Angeles,0,2025-10-05 03:00:00
518.32,924,purchase,New York,0,2025-10-05 04:00:00
1537.27,719,purchase,Dallas,0,2025-10-05 05:00:00
635.82,147,purchase,Austin,0,2025-10-05 06:00:00
6746.34,716,purchase,San Antonio,0,2025-10-05 07:00:00
308.19,498,purchase,Chicago,0,2025-10-05 08:00:00
5095.72,48,purchase,Philadelphia,0,2025-10-05 09:00:00
981.11,770,purchase,Austin,0,2025-10-05 10:00:00
1478.95,651,purchase,Houston,0,2025-10-05 11:00:00
2522.88,172,purchase,Dallas,0,2025-10-05 12:00:00
583.91,613,purchase,Los Angeles,0,2025-10-05 13:00:00
2602.55,699,purchase,Houston,0,2025-10-05 14:00:00
73.15,896,purchase,New York,0,2025-10-05 15:00:00
533.79,315,purchase,San Antonio,0,2025-10-05 16:00:00
435.26,376,purchase,Houston,0,2025-10-05 17:00:00
313.09,806,purchase,Phoenix,0,2025-10-05 18:00:00
884.52,921,purchase,New York,0,2025-10-05 19:00:00
1612.84,875,purchase,Los Angeles,0,2025-10-05 20:00:00
2214.23,533,purchase,Houston,0,2025-10-05 21:00:00
1395.32,810,purchase,Los Angeles,0,2025-10-05 22:00:00
563.58,420,purchase,New York,0,2025-10-05 23:00:00
1586.07,905,purchase,Austin,0,2025-10-06 00:00:00
1241.76,396,purchase,New York,0,2025-10-06 01:00:00
2796.31,522,purchase,Philadelphia,0,2025-10-06 02:00:00
2384.96,187,purchase,Los Angeles,0,2025-10-06 03:00:00
1130.57,645,purchase,Chicago,0,2025-10-06 04:00:00
447.08,33,refund,Phoenix,0,2025-10-06 05:00:00
570.81,69,purchase,Chicago,0,2025-10-06 06:00:00
632.84,592,purchase,Philadelphia,0,2025-10-06 07:00:00
800.1,191,refund,San Antonio,0,2025-10-06 08:00:00
1433.75,101,purchase,Austin,0,2025-10-06 09:00:00
2242.11,485,purchase,Philadelphia,0,2025-10-06 10:00:00
1041.98,285,purchase,Los Angeles,0,2025-10-06 11:00:00
1114.46,914,purchase,Dallas,0,2025-10-06 12:00:00
1265.61,733,purchase,Los Angeles,0,2025-10-06 13:00:00
654.65,390,refund,Philadelphia,0,2025-10-06 14:00:00
434.68,565,purchase,Dallas,0,2025-10-06 15:00:00
189.53,978,purchase,Dallas,0,2025-10-06 16:00:00
547.22,160,purchase,Los Angeles,0,2025-10-06 17:00:00
1760.13,892,refund,Dallas,0,2025-10-06 18:00:00
542.99,554,refund,San Diego,0,2025-10-06 19:00:00
864.54,47,purchase,San Antonio,0,2025-10-06 20:00:00
1748.36,159,refund,San Diego,0,2025-10-06 21:00:00
1845.84,446,purchase,Austin,0,2025-10-06 22:00:00
372.59,696,refund,San Diego,0,2025-10-06 23:00:00
2972.2,758,purchase,New York,0,2025-10-07 00:00:00
3385.82,523,purchase,Dallas,0,2025-10-07 01:00:00
354.3,666,purchase,Philadelphia,0,2025-10-07 02:00:00
481.14,732,purchase,New York,0,2025-10-07 03:00:00
3608.66,155,purchase,New York,0,2025-10-07 04:00:00
946.86,339,purchase,San Antonio,0,2025-10-07 05:00:00
119.13,953,purchase,Austin,0,2025-10-07 06:00:00
270.51,365,refund,Los Angeles,0,2025-10-07 07:00:00
854.6,795,purchase,Philadelphia,0,2025-10-07 08:00:00
342.73,699,purchase,Phoenix,0,2025-10-07 09:00:00
725.29,574,purchase,Phoenix,0,2025-10-07 10:00:00
1132.74,148,refund,Austin,0,2025-10-07 11:00:00
4732.72,899,purchase,Philadelphia,0,2025-10-07 12:00:00
820.2,144,refund,San Diego,0,2025-10-07 13:00:00
3205.24,103,refund,Phoenix,0,2025-10-07 14:00:00
4576.82,812,purchase,San Diego,0,2025-10-07 15:00:00
4602.29,93,purchase,Phoenix,0,2025-10-07 16:00:00
1457.9,975,purchase,Austin,0,2025-10-07 17:00:00
153.96,286,refund,Philadelphia,0,2025-10-07 18:00:00
1738.58,424,purchase,San Diego,0,2025-10-07 19:00:00
3128.78,119,purchase,Los Angeles,0,2025-10-07 20:00:00
1011.24,961,purchase,San Antonio,0,2025-10-07 21:00:00
6276.6,29,purchase,Chicago,0,2025-10-07 22:00:00
2591.09,511,purchase,Dallas,0,2025-10-07 23:00:00
1935.8,30,purchase,Austin,0,2025-10-08 00:00:00
3249.9,872,purchase,San Antonio,0,2025-10-08 01:00:00
1530.53,366,purchase,Chicago,0,2025-10-08 02:00:00
90.67,800,refund,San Diego,0,2025-10-08 03:00:00
665.71,138,purchase,Austin,0,2025-10-08 04:00:00
3630.65,475,refund,Los Angeles,0,2025-10-08 05:00:00
489.02,563,purchase,Austin,0,2025-10-08 06:00:00
877.02,392,purchase,San Diego,0,2025-10-08 07:00:00
385.74,435,purchase,San Antonio,0,2025-10-08 08:00:00
6528.44,804,refund,Phoenix,0,2025-10-08 09:00:00
5892.83,234,refund,Houston,0,2025-10-08 10:00:00
453.11,55,purchase,Austin,0,2025-10-08 11:00:00
1270.67,931,purchase,Austin,0,2025-10-08 12:00:00
555.3,292,purchase,New York,0,2025-10-08 13:00:00
2028.28,752,purchase,Houston,0,2025-10-08 14:00:00
1825.63,312,refund,Philadelphia,0,2025-10-08 15:00:00
2469.34,548,purchase,Philadelphia,0,2025-10-08 16:00:00
1528.31,89,refund,Los Angeles,0,2025-10-08 17:00:00
20648.67,212,purchase,Dallas,0,2025-10-08 18:00:00
392.32,957,purchase,New York,0,2025-10-08 19:00:00
198.22,318,purchase,Houston,0,2025-10-08 20:00:00
740.19,877,purchase,Houston,0,2025-10-08 21:00:00
228.61,757,purchase,Los Angeles,0,2025-10-08 22:00:00
246.54,465,purchase,San Diego,0,2025-10-08 23:00:00
402.9,87,purchase,Los Angeles,0,2025-10-09 00:00:00
436.07,409,purchase,Los Angeles,1,2025-10-09 01:00:00
422.16,240,purchase,Los Angeles,0,2025-10-09 02:00:00
1841.28,832,purchase,New York,0,2025-10-09 03:00:00
661.04,700,purchase,Phoenix,0,2025-10-09 04:00:00
916.43,57,purchase,Houston,0,2025-10-09 05:00:00
2681.77,113,purchase,Los Angeles,0,2025-10-09 06:00:00
509.63,735,purchase,New York,0,2025-10-09 07:00:00
841.73,70,purchase,New York,0,2025-10-09 08:00:00
1580.92,739,purchase,Los Angeles,0,2025-10-09 09:00:00
157.34,768,refund,New York,0,2025-10-09 10:00:00
101.0,692,purchase,Dallas,0,2025-10-09 11:00:00
1550.17,184,purchase,Los Angeles,0,2025-10-09 12:00:00
1793.66,703,purchase,Chicago,1,2025-10-09 13:00:00
8640.54,964,purchase,Dallas,0,2025-10-09 14:00:00
1284.46,744,purchase,Phoenix,0,2025-10-09 15:00:00
2489.26,276,purchase,San Diego,0,2025-10-09 16:00:00
901.92,233,purchase,San Antonio,0,2025-10-09 17:00:00
1476.2,54,purchase,Philadelphia,0,2025-10-09 18:00:00
5809.54,257,purchase,Los Angeles,0,2025-10-09 19:00:00
131.11,90,purchase,Houston,0,2025-10-09 20:00:00
1658.41,738,purchase,Dallas,0,2025-10-09 21:00:00
9279.72,759,purchase,San Antonio,0,2025-10-09 22:00:00
1453.94,906,refund,Chicago,0,2025-10-09 23:00:00
5713.42,663,purchase,Philadelphia,0,2025-10-10 00:00:00
584.52,435,purchase,San Diego,0,2025-10-10 01:00:00
1062.05,625,refund,San Diego,0,2025-10-10 02:00:00
1134.02,408,purchase,San Diego,0,2025-10-10 03:00:00
119.39,269,purchase,San Diego,0,2025-10-10 04:00:00
340.98,669,refund,Austin,0,2025-10-10 05:00:00
366.18,954,refund,Philadelphia,1,2025-10-10 06:00:00
2495.06,366,purchase,Austin,0,2025-10-10 07:00:00
2623.21,859,purchase,Chicago,0,2025-10-10 08:00:00
1516.31,351,purchase,Dallas,0,2025-10-10 09:00:00
2500.14,299,purchase,Chicago,0,2025-10-10 10:00:00
930.62,906,purchase,Houston,0,2025-10-10 11:00:00
3647.99,159,purchase,Austin,0,2025-10-10 12:00:00
1106.31,487,refund,New York,0,2025-10-10 13:00:00
1161.96,842,purchase,Los Angeles,0,2025-10-10 14:00:00
840.85,984,purchase,Philadelphia,0,2025-10-10 15:00:00
2174.27,737,purchase,New York,0,2025-10-10 16:00:00
719.68,526,purchase,Dallas,0,2025-10-10 17:00:00
2911.52,355,purchase,San Diego,0,2025-10-10 18:00:00
353.49,621,purchase,Los Angeles,0,2025-10-10 19:00:00
365.43,930,purchase,Los Angeles,0,2025-10-10 20:00:00
2180.76,401,refund,San Diego,0,2025-10-10 21:00:00
1003.71,405,purchase,San Diego,0,2025-10-10 22:00:00
696.53,96,purchase,New York,0,2025-10-10 23:00:00
2670.6,707,purchase,Phoenix,0,2025-10-11 00:00:00
597.49,570,purchase,Los Angeles,0,2025-10-11 01:00:00
897.67,975,purchase,New York,0,2025-10-11 02:00:00
4443.63,392,purchase,Chicago,0,2025-10-11 03:00:00
5110.96,352,purchase,Chicago,0,2025-10-11 04:00:00
5283.79,806,purchase,Austin,0,2025-10-11 05:00:00
827.06,666,refund,Dallas,0,2025-10-11 06:00:00
3754.47,576,purchase,Austin,0,2025-10-11 07:00:00
424.56,670,purchase,New York,0,2025-10-11 08:00:00
442.79,777,purchase,Los Angeles,0,2025-10-11 09:00:00
104.54,633,purchase,Dallas,0,2025-10-11 10:00:00
5842.23,288,purchase,Phoenix,0,2025-10-11 11:00:00
462.21,523,purchase,Dallas,0,2025-10-11 12:00:00
966.29,726,purchase,Philadelphia,0,2025-10-11 13:00:00
441.28,162,purchase,Austin,0,2025-10-11 14:00:00
2197.7,617,purchase,Austin,0,2025-10-11 15:00:00
753.23,914,purchase,Chicago,0,2025-10-11 16:00:00
297.43,659,refund,San Diego,0,2025-10-11 17:00:00
1705.58,182,refund,Dallas,0,2025-10-11 18:00:00
261.46,850,purchase,Los Angeles,0,2025-10-11 19:00:00
474.66,549,purchase,Dallas,0,2025-10-11 20:00:00
133.37,82,purchase,Houston,0,2025-10-11 21:00:00
264.02,524,purchase,San Diego,0,2025-10-11 22:00:00
1310.98,4,refund,Phoenix,0,2025-10-11 23:00:00
153.77,495,purchase,Philadelphia,0,2025-10-12 00:00:00
249.35,555,purchase,Houston,0,2025-10-12 01:00:00
1094.04,923,purchase,Phoenix,0,2025-10-12 02:00:00
636.76,51,purchase,New York,0,2025-10-12 03:00:00
8038.81,261,purchase,Chicago,1,2025-10-12 04:00:00
6862.98,134,purchase,Houston,0,2025-10-12 05:00:00
460.39,973,purchase,New York,0,2025-10-12 06:00:00
1914.36,599,purchase,Chicago,0,2025-10-12 07:00:00
2319.91,362,purchase,Houston,0,2025-10-12 08:00:00
603.36,568,purchase,Dallas,0,2025-10-12 09:00:00
245.79,217,purchase,Chicago,0,2025-10-12 10:00:00
1083.23,878,purchase,Chicago,0,2025-10-12 11:00:00
922.56,68,purchase,Houston,0,2025-10-12 12:00:00
709.27,864,refund,Dallas,0,2025-10-12 13:00:00
1706.7,556,purchase,Dallas,0,2025-10-12 14:00:00
517.64,143,purchase,New York,0,2025-10-12 15:00:00
346.54,346,purchase,San Diego,0,2025-10-12 16:00:00
1223.03,554,purchase,Austin,0,2025-10-12 17:00:00
1613.19,651,refund,New York,0,2025-10-12 18:00:00
338.1,585,purchase,Los Angeles,0,2025-10-12 19:00:00
2774.12,779,purchase,Austin,0,2025-10-12 20:00:00
186.7,194,refund,Phoenix,0,2025-10-12 21:00:00
615.16,667,purchase,Philadelphia,0,2025-10-12 22:00:00
847.25,246,purchase,Los Angeles,0,2025-10-12 23:00:00
580.43,314,purchase,Austin,0,2025-10-13 00:00:00
623.24,730,purchase,Phoenix,0,2025-10-13 01:00:00
7122.93,968,purchase,Chicago,0,2025-10-13 02:00:00
468.3,384,purchase,San Antonio,0,2025-10-13 03:00:00
12597.1,765,purchase,New York,0,2025-10-13 04:00:00
1697.86,789,refund,Phoenix,1,2025-10-13 05:00:00
1202.38,277,purchase,Chicago,0,2025-10-13 06:00:00
1765.59,72,purchase,Los Angeles,0,2025-10-13 07:00:00
13765.6,129,purchase,Chicago,0,2025-10-13 08:00:00
406.02,358,purchase,Austin,0,2025-10-13 09:00:00
357.66,698,purchase,Houston,0,2025-10-13 10:00:00
515.5,525,purchase,Los Angeles,0,2025-10-13 11:00:00
1132.46,841,purchase,Los Angeles,0,2025-10-13 12:00:00
195.24,220,purchase,Chicago,0,2025-10-13 13:00:00
1121.41,6,purchase,Los Angeles,0,2025-10-13 14:00:00
5964.3,751,purchase,Philadelphia,0,2025-10-13 15:00:00
1275.9,983,purchase,Los Angeles,0,2025-10-13 16:00:00
818.37,624,purchase,New York,0,2025-10-13 17:00:00
591.01,228,purchase,San Diego,0,2025-10-13 18:00:00
2693.27,954,purchase,Austin,0,2025-10-13 19:00:00
480.18,17,purchase,Houston,0,2025-10-13 20:00:00
6949.3,585,purchase,Los Angeles,0,2025-10-13 21:00:00
7580.69,12,refund,Houston,0,2025-10-13 22:00:00
1417.64,598,purchase,Los Angeles,0,2025-10-13 23:00:00
1084.08,499,purchase,Phoenix,0,2025-10-14 00:00:00
3073.77,692,purchase,San Antonio,0,2025-10-14 01:00:00
3277.38,634,purchase,Philadelphia,0,2025-10-14 02:00:00
489.81,716,refund,Los Angeles,0,2025-10-14 03:00:00
647.71,502,purchase,Houston,0,2025-10-14 04:00:00
292.26,70,refund,San Diego,0,2025-10-14 05:00:00
1650.88,108,purchase,San Antonio,0,2025-10-14 06:00:00
2135.87,201,purchase,San Antonio,0,2025-10-14 07:00:00
284.31,52,purchase,Houston,0,2025-10-14 08:00:00
695.62,549,purchase,New York,0,2025-10-14 09:00:00
285.07,629,purchase,San Antonio,0,2025-10-14 10:00:00
446.39,259,refund,Philadelphia,0,2025-10-14 11:00:00
1902.68,482,purchase,San Diego,0,2025-10-14 12:00:00
526.64,264,purchase,Phoenix,0,2025-10-14 13:00:00
811.74,906,purchase,San Diego,0,2025-10-14 14:00:00
215.44,303,purchase,Austin,0,2025-10-14 15:00:00
1322.12,937,purchase,San Diego,0,2025-10-14 16:00:00
1049.14,576,purchase,Dallas,0,2025-10-14 17:00:00
529.03,554,purchase,New York,0,2025-10-14 18:00:00
907.77,555,purchase,Chicago,0,2025-10-14 19:00:00
1313.3,125,purchase,Philadelphia,0,2025-10-14 20:00:00
485.48,905,purchase,Houston,0,2025-10-14 21:00:00
250.57,270,purchase,San Diego,0,2025-10-14 22:00:00
6671.33,997,refund,Austin,0,2025-10-14 23:00:00
582.15,859,purchase,New York,0,2025-10-15 00:00:00
995.49,745,purchase,Phoenix,0,2025-10-15 01:00:00
3013.45,480,purchase,Houston,0,2025-10-15 02:00:00
37386.13,132,purchase,New York,0,2025-10-15 03:00:00
315.93,2,purchase,Austin,0,2025-10-15 04:00:00
1719.57,115,refund,Philadelphia,0,2025-10-15 05:00:00
540.47,481,purchase,Austin,0,2025-10-15 06:00:00
639.83,981,refund,Chicago,0,2025-10-15 07:00:00
533.68,1,purchase,Phoenix,0,2025-10-15 08:00:00
355.79,331,purchase,Philadelphia,0,2025-10-15 09:00:00
1052.27,577,purchase,Houston,0,2025-10-15 10:00:00
251.01,942,purchase,Austin,0,2025-10-15 11:00:00
2826.54,955,purchase,Austin,0,2025-10-15 12:00:00
1158.64,971,purchase,Philadelphia,0,2025-10-15 13:00:00
1673.1,637,purchase,San Antonio,0,2025-10-15 14:00:00
688.02,768,purchase,Los Angeles,0,2025-10-15 15:00:00
759.6,391,purchase,San Antonio,0,2025-10-15 16:00:00
1462.0,834,purchase,San Antonio,0,2025-10-15 17:00:00
342.39,143,purchase,Los Angeles,0,2025-10-15 18:00:00
766.63,328,refund,Chicago,0,2025-10-15 19:00:00
464.23,758,refund,Chicago,0,2025-10-15 20:00:00
450.08,628,purchase,New York,0,2025-10-15 21:00:00
132.98,377,purchase,New York,1,2025-10-15 22:00:00
4185.27,815,purchase,Austin,0,2025-10-15 23:00:00
551.95,90,purchase,Philadelphia,0,2025-10-16 00:00:00
3510.02,808,purchase,Dallas,0,2025-10-16 01:00:00
3193.24,42,purchase,Dallas,0,2025-10-16 02:00:00
303.08,947,purchase,New York,0,2025-10-16 03:00:00
369.29,35,purchase,San Antonio,0,2025-10-16 04:00:00
14192.98,494,purchase,Philadelphia,0,2025-10-16 05:00:00
6316.53,553,purchase,Houston,0,2025-10-16 06:00:00
1062.61,853,purchase,Chicago,0,2025-10-16 07:00:00
1418.53,124,purchase,Dallas,0,2025-10-16 08:00:00
583.56,57,purchase,Austin,0,2025-10-16 09:00:00
1689.78,806,purchase,Phoenix,0,2025-10-16 10:00:00
535.3,456,purchase,San Diego,0,2025-10-16 11:00:00
143.69,235,purchase,Houston,0,2025-10-16 12:00:00
292.49,608,purchase,Houston,0,2025-10-16 13:00:00
1120.01,392,purchase,Philadelphia,0,2025-10-16 14:00:00
353.87,492,purchase,Philadelphia,0,2025-10-16 15:00:00
1025.28,970,purchase,Chicago,0,2025-10-16 16:00:00
374.41,831,purchase,Los Angeles,0,2025-10-16 17:00:00
501.52,343,refund,Dallas,0,2025-10-16 18:00:00
2573.87,644,purchase,Los Angeles,0,2025-10-16 19:00:00
1404.56,176,purchase,Dallas,0,2025-10-16 20:00:00
1086.09,52,refund,San Diego,0,2025-10-16 21:00:00
2641.13,550,refund,Austin,0,2025-10-16 22:00:00
1773.32,478,purchase,San Antonio,0,2025-10-16 23:00:00
4659.03,489,purchase,Phoenix,0,2025-10-17 00:00:00
692.38,855,purchase,Chicago,0,2025-10-17 01:00:00
713.63,5,purchase,Los Angeles,0,2025-10-17 02:00:00
298.54,725,purchase,San Diego,0,2025-10-17 03:00:00
714.1,632,purchase,Los Angeles,0,2025-10-17 04:00:00
2877.77,838,purchase,San Diego,0,2025-10-17 05:00:00
4023.82,881,purchase,Phoenix,0,2025-10-17 06:00:00
2864.95,209,purchase,Dallas,0,2025-10-17 07:00:00
182.33,217,refund,Houston,0,2025-10-17 08:00:00
3239.41,536,purchase,San Diego,0,2025-10-17 09:00:00
174.42,342,purchase,San Antonio,0,2025-10-17 10:00:00
2692.21,717,purchase,San Diego,0,2025-10-17 11:00:00
759.16,401,purchase,Phoenix,0,2025-10-17 12:00:00
2213.95,462,purchase,Los Angeles,0,2025-10-17 13:00:00
289.33,738,purchase,San Antonio,0,2025-10-17 14:00:00
3537.47,730,purchase,Chicago,0,2025-10-17 15:00:00
253.41,211,purchase,Austin,0,2025-10-17 16:00:00
562.02,26,purchase,Austin,0,2025-10-17 17:00:00
404.2,252,purchase,Austin,0,2025-10-17 18:00:00
189.75,3,refund,Austin,0,2025-10-17 19:00:00
1205.35,2,purchase,Los Angeles,0,2025-10-17 20:00:00
6674.76,604,purchase,Chicago,0,2025-10-17 21:00:00
15786.42,2,purchase,Houston,0,2025-10-17 22:00:00
1208.52,150,purchase,Austin,0,2025-10-17 23:00:00
3349.88,583,purchase,San Antonio,0,2025-10-18 00:00:00
1383.12,4,purchase,Austin,0,2025-10-18 01:00:00
1806.02,497,purchase,New York,0,2025-10-18 02:00:00
778.88,550,purchase,Philadelphia,0,2025-10-18 03:00:00
1332.85,871,purchase,Philadelphia,0,2025-10-18 04:00:00
1877.09,468,refund,San Diego,0,2025-10-18 05:00:00
614.95,70,purchase,Los Angeles,0,2025-10-18 06:00:00
1014.86,201,purchase,Los Angeles,0,2025-10-18 07:00:00
1034.39,308,purchase,New York,0,2025-10-18 08:00:00
2505.9,252,purchase,Chicago,0,2025-10-18 09:00:00
377.65,287,purchase,San Antonio,0,2025-10-18 10:00:00
1041.54,922,refund,San Diego,0,2025-10-18 11:00:00
7420.53,292,purchase,San Antonio,0,2025-10-18 12:00:00
3512.42,154,purchase,Dallas,0,2025-10-18 13:00:00
4226.71,924,purchase,San Diego,0,2025-10-18 14:00:00
1123.76,133,refund,San Diego,0,2025-10-18 15:00:00
1511.71,883,purchase,Los Angeles,0,2025-10-18 16:00:00
2987.63,586,purchase,New York,0,2025-10-18 17:00:00
5220.01,274,purchase,Philadelphia,0,2025-10-18 18:00:00
155.77,783,purchase,San Antonio,0,2025-10-18 19:00:00
294.29,697,purchase,Philadelphia,0,2025-10-18 20:00:00
4062.05,509,purchase,San Antonio,0,2025-10-18 21:00:00
831.4,353,purchase,San Diego,0,2025-10-18 22:00:00
560.19,5,purchase,Los Angeles,0,2025-10-18 23:00:00
312.89,293,purchase,New York,0,2025-10-19 00:00:00
629.54,360,purchase,Austin,0,2025-10-19 01:00:00
269.79,598,purchase,San Diego,0,2025-10-19 02:00:00
8875.89,214,purchase,San Diego,0,2025-10-19 03:00:00
1072.3,406,purchase,San Diego,0,2025-10-19 04:00:00
1034.89,436,purchase,Austin,0,2025-10-19 05:00:00
1974.51,15,purchase,San Antonio,0,2025-10-19 06:00:00
2870.8,273,purchase,Los Angeles,0,2025-10-19 07:00:00
2823.94,563,purchase,Houston,0,2025-10-19 08:00:00
3208.7,765,purchase,Dallas,0,2025-10-19 09:00:00
583.56,45,purchase,San Diego,0,2025-10-19 10:00:00
814.14,703,purchase,Houston,0,2025-10-19 11:00:00
2366.18,634,purchase,San Diego,0,2025-10-19 12:00:00
647.17,412,purchase,Austin,0,2025-10-19 13:00:00
1091.05,187,purchase,Philadelphia,0,2025-10-19 14:00:00
1633.96,726,purchase,Dallas,0,2025-10-19 15:00:00
2404.71,661,purchase,New York,0,2025-10-19 16:00:00
185.36,170,purchase,Philadelphia,0,2025-10-19 17:00:00
2241.15,721,refund,Houston,0,2025-10-19 18:00:00
868.07,965,refund,Chicago,0,2025-10-19 19:00:00
2224.88,594,purchase,Phoenix,0,2025-10-19 20:00:00
2384.95,401,refund,Austin,0,2025-10-19 21:00:00
5474.82,708,purchase,San Diego,0,2025-10-19 22:00:00
4244.82,246,refund,Austin,0,2025-10-19 23:00:00
4215.7,903,purchase,Philadelphia,0,2025-10-20 00:00:00
4645.57,857,refund,New York,0,2025-10-20 01:00:00
1467.59,869,purchase,Philadelphia,0,2025-10-20 02:00:00
1132.5,552,purchase,San Antonio,0,2025-10-20 03:00:00
2624.95,680,purchase,Philadelphia,0,2025-10-20 04:00:00
2280.34,43,purchase,Chicago,0,2025-10-20 05:00:00
805.07,841,purchase,Dallas,0,2025-10-20 06:00:00
1643.89,723,refund,Austin,0,2025-10-20 07:00:00
1058.81,179,purchase,Austin,0,2025-10-20 08:00:00
466.88,457,purchase,Houston,1,2025-10-20 09:00:00
3985.67,535,purchase,Phoenix,0,2025-10-20 10:00:00
1158.87,607,purchase,Phoenix,0,2025-10-20 11:00:00
8507.54,672,refund,Chicago,0,2025-10-20 12:00:00
215.83,244,refund,Los Angeles,0,2025-10-20 13:00:00
628.43,927,purchase,San Diego,0,2025-10-20 14:00:00
1133.02,17,purchase,San Antonio,0,2025-10-20 15:00:00
3419.95,112,purchase,Phoenix,0,2025-10-20 16:00:00
1635.12,615,purchase,New York,0,2025-10-20 17:00:00
1495.88,826,purchase,Austin,0,2025-10-20 18:00:00
355.22,598,purchase,New York,0,2025-10-20 19:00:00
344.83,547,purchase,San Diego,0,2025-10-20 20:00:00
1513.99,30,purchase,Houston,0,2025-10-20 21:00:00
280.31,192,purchase,Houston,0,2025-10-20 22:00:00
644.27,437,purchase,Dallas,0,2025-10-20 23:00:00
1809.7,179,purchase,Los Angeles,0,2025-10-21 00:00:00
410.62,616,purchase,Phoenix,0,2025-10-21 01:00:00
5460.83,677,refund,Philadelphia,0,2025-10-21 02:00:00
3729.15,474,purchase,Philadelphia,0,2025-10-21 03:00:00
227.83,634,purchase,Austin,0,2025-10-21 04:00:00
431.66,134,purchase,Chicago,0,2025-10-21 05:00:00
111.52,802,refund,Austin,1,2025-10-21 06:00:00
501.4,312,purchase,Philadelphia,0,2025-10-21 07:00:00
2359.93,736,purchase,Austin,0,2025-10-21 08:00:00
724.95,25,purchase,Austin,0,2025-10-21 09:00:00
1738.53,371,purchase,Phoenix,0,2025-10-21 10:00:00
239.29,525,purchase,San Diego,0,2025-10-21 11:00:00
2435.67,319,purchase,Houston,0,2025-10-21 12:00:00
629.48,230,refund,Austin,0,2025-10-21 13:00:00
1110.06,102,purchase,Austin,0,2025-10-21 14:00:00
999.37,450,purchase,Chicago,0,2025-10-21 15:00:00
307.49,378,refund,Philadelphia,0,2025-10-21 16:00:00
346.17,888,purchase,Austin,0,2025-10-21 17:00:00
2886.48,901,purchase,Dallas,0,2025-10-21 18:00:00
1634.34,203,purchase,San Diego,0,2025-10-21 19:00:00
3133.95,267,refund,Austin,0,2025-10-21 20:00:00
1517.26,984,purchase,San Diego,0,2025-10-21 21:00:00
1265.21,462,purchase,Chicago,0,2025-10-21 22:00:00
195.19,365,purchase,New York,0,2025-10-21 23:00:00
836.84,734,refund,Chicago,0,2025-10-22 00:00:00
1067.01,104,refund,Chicago,0,2025-10-22 01:00:00
7731.88,111,purchase,Philadelphia,0,2025-10-22 02:00:00
2179.73,428,purchase,Chicago,0,2025-10-22 03:00:00
5095.24,995,purchase,Los Angeles,0,2025-10-22 04:00:00
1993.28,469,purchase,Dallas,0,2025-10-22 05:00:00
538.45,581,purchase,Philadelphia,0,2025-10-22 06:00:00
1232.9,870,purchase,Phoenix,0,2025-10-22 07:00:00
1388.84,770,purchase,Chicago,0,2025-10-22 08:00:00
428.74,680,purchase,San Antonio,0,2025-10-22 09:00:00
746.66,805,purchase,San Antonio,0,2025-10-22 10:00:00
892.68,886,purchase,Houston,0,2025-10-22 11:00:00
5462.27,561,purchase,Austin,0,2025-10-22 12:00:00
136.9,250,purchase,Los Angeles,0,2025-10-22 13:00:00
3662.2,482,purchase,Los Angeles,0,2025-10-22 14:00:00
429.75,331,purchase,San Diego,0,2025-10-22 15:00:00
278.08,932,purchase,Houston,0,2025-10-22 16:00:00
3568.65,587,refund,San Antonio,0,2025-10-22 17:00:00
2279.93,201,purchase,Chicago,0,2025-10-22 18:00:00
3844.96,454,refund,Dallas,0,2025-10-22 19:00:00
2442.32,504,purchase,Austin,0,2025-10-22 20:00:00
8602.82,546,purchase,Dallas,0,2025-10-22 21:00:00
1917.4,826,purchase,San Antonio,0,2025-10-22 22:00:00
937.79,111,purchase,San Antonio,0,2025-10-22 23:00:00
1545.23,933,purchase,New York,0,2025-10-23 00:00:00
3802.71,864,purchase,Austin,0,2025-10-23 01:00:00
503.02,828,refund,San Diego,0,2025-10-23 02:00:00
571.41,908,purchase,Los Angeles,0,2025-10-23 03:00:00
805.16,749,purchase,San Diego,0,2025-10-23 04:00:00
133.68,544,purchase,Los Angeles,0,2025-10-23 05:00:00
1259.01,209,purchase,New York,0,2025-10-23 06:00:00
166.31,644,purchase,San Diego,0,2025-10-23 07:00:00
1156.39,618,purchase,Houston,0,2025-10-23 08:00:00
2605.27,33,purchase,Austin,0,2025-10-23 09:00:00
680.7,555,purchase,Philadelphia,0,2025-10-23 10:00:00
5867.1,880,purchase,Austin,0,2025-10-23 11:00:00
254.55,107,purchase,Austin,0,2025-10-23 12:00:00
3609.27,265,purchase,New York,0,2025-10-23 13:00:00
2154.12,226,refund,Dallas,0,2025-10-23 14:00:00
197.15,487,purchase,San Antonio,0,2025-10-23 15:00:00
16494.7,179,purchase,Phoenix,0,2025-10-23 16:00:00
1028.91,222,purchase,Philadelphia,0,2025-10-23 17:00:00
456.01,370,purchase,Chicago,0,2025-10-23 18:00:00
268.52,637,purchase,Dallas,0,2025-10-23 19:00:00
880.05,788,purchase,Los Angeles,0,2025-10-23 20:00:00
965.45,167,purchase,Austin,0,2025-10-23 21:00:00
1215.18,663,purchase,New York,0,2025-10-23 22:00:00
814.2,553,purchase,New York,0,2025-10-23 23:00:00
2065.7,300,purchase,Austin,0,2025-10-24 00:00:00
744.24,381,purchase,Los Angeles,0,2025-10-24 01:00:00
158.39,35,purchase,Philadelphia,0,2025-10-24 02:00:00
944.48,407,purchase,Philadelphia,0,2025-10-24 03:00:00
102.77,502,purchase,Dallas,0,2025-10-24 04:00:00
1562.08,314,purchase,Austin,0,2025-10-24 05:00:00
411.87,816,refund,Houston,0,2025-10-24 06:00:00
1291.24,743,purchase,San Diego,1,2025-10-24 07:00:00
4080.91,727,refund,Houston,0,2025-10-24 08:00:00
424.64,826,purchase,Chicago,0,2025-10-24 09:00:00
3169.27,101,purchase,Houston,0,2025-10-24 10:00:00
710.96,569,purchase,New York,0,2025-10-24 11:00:00
6330.88,215,purchase,Dallas,1,2025-10-24 12:00:00
761.16,935,purchase,Phoenix,0,2025-10-24 13:00:00
473.19,668,purchase,San Antonio,0,2025-10-24 14:00:00
2180.35,576,purchase,Chicago,0,2025-10-24 15:00:00
709.25,62,purchase,Phoenix,0,2025-10-24 16:00:00
472.74,851,purchase,Austin,0,2025-10-24 17:00:00
680.05,369,purchase,Houston,0,2025-10-24 18:00:00
1048.79,368,refund,San Antonio,0,2025-10-24 19:00:00
4197.23,574,purchase,Phoenix,0,2025-10-24 20:00:00
158.52,94,purchase,Los Angeles,0,2025-10-24 21:00:00
1122.24,469,refund,Chicago,0,2025-10-24 22:00:00
2048.58,984,purchase,San Diego,0,2025-10-24 23:00:00
1330.68,853,purchase,Chicago,0,2025-10-25 00:00:00
4063.77,26,refund,San Antonio,0,2025-10-25 01:00:00
1018.06,435,purchase,Phoenix,0,2025-10-25 02:00:00
911.83,121,purchase,San Antonio,0,2025-10-25 03:00:00
1982.93,50,purchase,Austin,0,2025-10-25 04:00:00
1211.14,883,purchase,Dallas,0,2025-10-25 05:00:00
742.18,764,purchase,San Antonio,0,2025-10-25 06:00:00
1837.47,36,purchase,Philadelphia,0,2025-10-25 07:00:00
571.05,410,purchase,New York,0,2025-10-25 08:00:00
595.16,289,purchase,Houston,0,2025-10-25 09:00:00
646.78,379,purchase,San Diego,0,2025-10-25 10:00:00
4243.18,100,purchase,New York,0,2025-10-25 11:00:00
43.77,324,purchase,Philadelphia,0,2025-10-25 12:00:00
1628.8,329,purchase,Los Angeles,0,2025-10-25 13:00:00
1134.87,648,purchase,Dallas,0,2025-10-25 14:00:00
204.21,706,refund,San Diego,0,2025-10-25 15:00:00
1494.77,221,purchase,Dallas,0,2025-10-25 16:00:00
1764.73,791,purchase,Dallas,0,2025-10-25 17:00:00
1977.6,838,purchase,Los Angeles,0,2025-10-25 18:00:00
77.34,567,purchase,Los Angeles,0,2025-10-25 19:00:00
4300.08,939,purchase,Dallas,0,2025-10-25 20:00:00
524.4,996,refund,Los Angeles,0,2025-10-25 21:00:00
2178.88,110,purchase,Houston,0,2025-10-25 22:00:00
2300.94,149,refund,Los Angeles,0,2025-10-25 23:00:00
456.37,406,purchase,New York,0,2025-10-26 00:00:00
2122.73,777,refund,Austin,0,2025-10-26 01:00:00
745.84,674,purchase,San Antonio,0,2025-10-26 02:00:00
138.19,699,refund,Phoenix,0,2025-10-26 03:00:00
3525.37,410,purchase,Chicago,0,2025-10-26 04:00:00
505.2,129,refund,San Diego,0,2025-10-26 05:00:00
466.62,484,purchase,Phoenix,0,2025-10-26 06:00:00
732.84,108,purchase,New York,0,2025-10-26 07:00:00
1439.77,389,purchase,Dallas,0,2025-10-26 08:00:00
1035.59,425,purchase,Phoenix,0,2025-10-26 09:00:00
1897.07,447,purchase,Chicago,0,2025-10-26 10:00:00
287.3,918,refund,Philadelphia,0,2025-10-26 11:00:00
521.97,68,purchase,San Diego,0,2025-10-26 12:00:00
976.53,944,purchase,Los Angeles,0,2025-10-26 13:00:00
7316.5,66,purchase,Chicago,0,2025-10-26 14:00:00
978.66,656,purchase,San Antonio,0,2025-10-26 15:00:00
3246.14,976,purchase,Los Angeles,0,2025-10-26 16:00:00
1139.74,565,refund,Phoenix,0,2025-10-26 17:00:00
676.1,640,purchase,Dallas,0,2025-10-26 18:00:00
856.86,504,purchase,San Antonio,0,2025-10-26 19:00:00
926.65,504,purchase,Chicago,0,2025-10-26 20:00:00
2005.49,982,purchase,Los Angeles,0,2025-10-26 21:00:00
4335.58,321,purchase,Austin,0,2025-10-26 22:00:00
1571.33,719,purchase,Dallas,0,2025-10-26 23:00:00
3594.2,832,purchase,Dallas,0,2025-10-27 00:00:00
417.89,728,purchase,Dallas,0,2025-10-27 01:00:00
724.42,580,purchase,Austin,0,2025-10-27 02:00:00
531.5,447,purchase,Chicago,0,2025-10-27 03:00:00
1501.84,574,refund,New York,0,2025-10-27 04:00:00
765.89,210,purchase,Dallas,0,2025-10-27 05:00:00
2275.09,849,purchase,San Antonio,0,2025-10-27 06:00:00
432.25,839,purchase,Los Angeles,0,2025-10-27 07:00:00
1144.85,370,purchase,Philadelphia,0,2025-10-27 08:00:00
2179.52,941,purchase,Dallas,0,2025-10-27 09:00:00
139.03,564,purchase,San Diego,0,2025-10-27 10:00:00
9151.12,628,purchase,Philadelphia,0,2025-10-27 11:00:00
826.21,893,purchase,Philadelphia,0,2025-10-27 12:00:00
144.74,458,purchase,San Diego,0,2025-10-27 13:00:00
1284.46,895,purchase,Dallas,0,2025-10-27 14:00:00
1133.93,577,purchase,San Diego,0,2025-10-27 15:00:00
1010.4,642,purchase,New York,0,2025-10-27 16:00:00
2954.81,689,purchase,Los Angeles,0,2025-10-27 17:00:00
2315.65,790,purchase,Philadelphia,0,2025-10-27 18:00:00
1477.16,992,refund,San Diego,0,2025-10-27 19:00:00
1720.13,925,purchase,Houston,0,2025-10-27 20:00:00
987.96,163,purchase,Houston,0,2025-10-27 21:00:00
6473.62,977,refund,Los Angeles,0,2025-10-27 22:00:00
249.84,332,purchase,Austin,0,2025-10-27 23:00:00
1260.99,664,purchase,New York,0,2025-10-28 00:00:00
1170.31,350,purchase,Austin,0,2025-10-28 01:00:00
2473.23,748,purchase,Dallas,0,2025-10-28 02:00:00
471.61,670,refund,San Antonio,0,2025-10-28 03:00:00
191.78,468,purchase,Dallas,0,2025-10-28 04:00:00
1282.83,426,refund,Los Angeles,0,2025-10-28 05:00:00
1452.77,327,purchase,Austin,0,2025-10-28 06:00:00
4863.92,106,purchase,Phoenix,0,2025-10-28 07:00:00
307.86,818,purchase,Los Angeles,0,2025-10-28 08:00:00
3479.67,255,refund,Austin,0,2025-10-28 09:00:00
11700.82,358,purchase,San Antonio,0,2025-10-28 10:00:00
751.62,967,purchase,Dallas,0,2025-10-28 11:00:00
301.59,444,purchase,Chicago,0,2025-10-28 12:00:00
729.99,113,purchase,New York,0,2025-10-28 13:00:00
1112.1,30,purchase,Houston,0,2025-10-28 14:00:00
1927.13,524,purchase,Houston,0,2025-10-28 15:00:00
607.05,689,refund,Philadelphia,0,2025-10-28 16:00:00
5193.68,991,purchase,Phoenix,0,2025-10-28 17:00:00
359.77,850,purchase,Phoenix,0,2025-10-28 18:00:00
192.63,46,purchase,Dallas,0,2025-10-28 19:00:00
3316.65,171,purchase,New York,0,2025-10-28 20:00:00
112.77,130,purchase,San Diego,0,2025-10-28 21:00:00
894.15,757,refund,San Diego,0,2025-10-28 22:00:00
24777.25,353,purchase,San Diego,0,2025-10-28 23:00:00
1083.51,203,refund,Chicago,0,2025-10-29 00:00:00
357.53,226,purchase,Austin,0,2025-10-29 01:00:00
1035.46,80,purchase,San Diego,0,2025-10-29 02:00:00
1042.31,310,purchase,Los Angeles,0,2025-10-29 03:00:00
1287.75,35,purchase,San Diego,0,2025-10-29 04:00:00
2126.56,564,purchase,San Diego,0,2025-10-29 05:00:00
387.95,161,purchase,Chicago,0,2025-10-29 06:00:00
5928.63,981,purchase,Houston,0,2025-10-29 07:00:00
1401.24,596,purchase,Dallas,0,2025-10-29 08:00:00
2268.32,840,refund,Dallas,0,2025-10-29 09:00:00
585.14,435,purchase,Austin,0,2025-10-29 10:00:00
3969.45,538,purchase,Dallas,0,2025-10-29 11:00:00
848.06,225,purchase,Austin,0,2025-10-29 12:00:00
1447.44,446,purchase,Philadelphia,0,2025-10-29 13:00:00
431.34,317,purchase,New York,0,2025-10-29 14:00:00
404.67,666,refund,San Diego,0,2025-10-29 15:00:00
2182.45,805,purchase,Dallas,0,2025-10-29 16:00:00
703.73,414,purchase,San Diego,0,2025-10-29 17:00:00
466.93,95,purchase,New York,0,2025-10-29 18:00:00
576.41,225,purchase,Philadelphia,0,2025-10-29 19:00:00
2206.04,779,purchase,Dallas,0,2025-10-29 20:00:00
584.62,949,purchase,Dallas,0,2025-10-29 21:00:00
974.91,553,refund,San Antonio,0,2025-10-29 22:00:00
1113.24,645,purchase,San Antonio,0,2025-10-29 23:00:00
161.2,66,purchase,Houston,0,2025-10-30 00:00:00
251.86,397,purchase,San Antonio,0,2025-10-30 01:00:00
1534.99,959,purchase,Austin,0,2025-10-30 02:00:00
524.78,210,purchase,Phoenix,0,2025-10-30 03:00:00
3154.94,474,purchase,Austin,0,2025-10-30 04:00:00
2883.64,665,purchase,Phoenix,0,2025-10-30 05:00:00
2251.09,684,purchase,New York,0,2025-10-30 06:00:00
6766.72,910,purchase,Los Angeles,0,2025-10-30 07:00:00
1009.2,837,purchase,Dallas,0,2025-10-30 08:00:00
2098.3,571,purchase,Los Angeles,0,2025-10-30 09:00:00
611.31,696,purchase,Austin,0,2025-10-30 10:00:00
12738.32,490,purchase,Los Angeles,1,2025-10-30 11:00:00
7971.55,180,refund,Dallas,0,2025-10-30 12:00:00
1109.74,834,purchase,Chicago,0,2025-10-30 13:00:00
1614.19,836,refund,Los Angeles,0,2025-10-30 14:00:00
4269.69,524,purchase,San Antonio,0,2025-10-30 15:00:00
946.58,459,purchase,Dallas,0,2025-10-30 16:00:00
568.71,68,purchase,Philadelphia,0,2025-10-30 17:00:00
2628.03,939,purchase,San Antonio,0,2025-10-30 18:00:00
1186.12,329,purchase,Chicago,0,2025-10-30 19:00:00
1316.85,202,purchase,Chicago,0,2025-10-30 20:00:00
476.15,475,purchase,San Diego,0,2025-10-30 21:00:00
196.83,518,purchase,San Antonio,0,2025-10-30 22:00:00
1388.73,15,purchase,Phoenix,0,2025-10-30 23:00:00
2710.7,42,purchase,Philadelphia,0,2025-10-31 00:00:00
874.97,543,refund,Dallas,0,2025-10-31 01:00:00
4612.06,982,refund,Chicago,0,2025-10-31 02:00:00
542.44,693,purchase,Chicago,0,2025-10-31 03:00:00
381.95,774,purchase,Philadelphia,0,2025-10-31 04:00:00
1025.33,289,purchase,San Diego,0,2025-10-31 05:00:00
1009.7,925,refund,Phoenix,0,2025-10-31 06:00:00
2368.4,533,purchase,New York,0,2025-10-31 07:00:00
505.24,892,purchase,Chicago,0,2025-10-31 08:00:00
4307.42,694,purchase,San Diego,0,2025-10-31 09:00:00
7839.4,696,refund,Houston,0,2025-10-31 10:00:00
1054.54,244,purchase,Dallas,0,2025-10-31 11:00:00
3826.52,862,purchase,Philadelphia,0,2025-10-31 12:00:00
381.27,661,purchase,Austin,0,2025-10-31 13:00:00
3213.84,768,refund,Houston,0,2025-10-31 14:00:00
3125.27,612,refund,Houston,0,2025-10-31 15:00:00
2600.44,567,purchase,Austin,0,2025-10-31 16:00:00
1079.7,698,purchase,Phoenix,0,2025-10-31 17:00:00
57.15,832,purchase,San Antonio,0,2025-10-31 18:00:00
577.25,598,purchase,San Antonio,0,2025-10-31 19:00:00
586.45,174,refund,Austin,0,2025-10-31 20:00:00
412.3,980,purchase,San Antonio,0,2025-10-31 21:00:00
1239.23,534,purchase,Phoenix,0,2025-10-31 22:00:00
721.29,509,purchase,Dallas,0,2025-10-31 23:00:00
480.77,244,purchase,Los Angeles,0,2025-11-01 00:00:00
380.39,60,refund,San Diego,0,2025-11-01 01:00:00
536.19,104,purchase,Austin,0,2025-11-01 02:00:00
3366.06,651,purchase,San Diego,0,2025-11-01 03:00:00
566.22,303,purchase,Chicago,0,2025-11-01 04:00:00
655.28,671,purchase,Phoenix,0,2025-11-01 05:00:00
694.58,744,purchase,San Diego,0,2025-11-01 06:00:00
1539.16,77,refund,Austin,0,2025-11-01 07:00:00
1730.65,18,purchase,Dallas,0,2025-11-01 08:00:00
52.21,534,refund,San Antonio,0,2025-11-01 09:00:00
3046.15,184,purchase,Houston,0,2025-11-01 10:00:00
4611.77,657,refund,Houston,0,2025-11-01 11:00:00
383.68,550,purchase,Chicago,0,2025-11-01 12:00:00
414.76,281,purchase,San Diego,0,2025-11-01 13:00:00
699.07,288,purchase,Philadelphia,0,2025-11-01 14:00:00
514.91,655,refund,Austin,0,2025-11-01 15:00:00
1371.87,525,purchase,Philadelphia,0,2025-11-01 16:00:00
156.57,698,purchase,Austin,0,2025-11-01 17:00:00
358.55,474,refund,Austin,0,2025-11-01 18:00:00
5111.24,946,purchase,Dallas,0,2025-11-01 19:00:00
433.45,267,purchase,Chicago,0,2025-11-01 20:00:00
3802.55,781,purchase,Houston,0,2025-11-01 21:00:00
1564.53,609,purchase,Chicago,0,2025-11-01 22:00:00
179.6,946,purchase,Chicago,0,2025-11-01 23:00:00
2070.05,357,purchase,New York,0,2025-11-02 00:00:00
974.9,806,purchase,Austin,0,2025-11-02 01:00:00
695.43,1,purchase,Philadelphia,0,2025-11-02 02:00:00
1401.02,807,purchase,Dallas,0,2025-11-02 03:00:00
1762.76,27,purchase,Phoenix,0,2025-11-02 04:00:00
2225.18,548,purchase,Austin,0,2025-11-02 05:00:00
3562.62,160,purchase,Los Angeles,0,2025-11-02 06:00:00
1649.35,937,purchase,Austin,0,2025-11-02 07:00:00
277.1,399,refund,Houston,0,2025-11-02 08:00:00
682.9,543,refund,Philadelphia,0,2025-11-02 09:00:00
20807.07,127,purchase,San Antonio,0,2025-11-02 10:00:00
2263.1,774,refund,San Antonio,0,2025-11-02 11:00:00
11722.76,857,refund,Houston,0,2025-11-02 12:00:00
4426.81,948,purchase,Austin,0,2025-11-02 13:00:00
1396.61,210,purchase,Austin,0,2025-11-02 14:00:00
1482.38,150,purchase,Phoenix,0,2025-11-02 15:00:00
1057.24,31,purchase,Houston,0,2025-11-02 16:00:00
192.9,612,refund,Austin,0,2025-11-02 17:00:00
1116.6,841,purchase,Philadelphia,0,2025-11-02 18:00:00
3680.02,302,purchase,San Antonio,0,2025-11-02 19:00:00
602.06,963,purchase,Los Angeles,0,2025-11-02 20:00:00
1655.66,865,purchase,Austin,0,2025-11-02 21:00:00
2569.82,731,purchase,Chicago,0,2025-11-02 22:00:00
441.56,765,refund,San Diego,0,2025-11-02 23:00:00
698.33,683,purchase,San Antonio,0,2025-11-03 00:00:00
396.27,257,refund,New York,0,2025-11-03 01:00:00
481.95,940,purchase,Houston,0,2025-11-03 02:00:00
302.59,57,purchase,Phoenix,0,2025-11-03 03:00:00
445.66,9,purchase,Chicago,0,2025-11-03 04:00:00
4534.43,5,refund,Houston,0,2025-11-03 05:00:00
439.01,847,purchase,Austin,0,2025-11-03 06:00:00
1244.46,114,purchase,Austin,0,2025-11-03 07:00:00
663.24,777,purchase,Austin,0,2025-11-03 08:00:00
3564.81,685,refund,San Antonio,1,2025-11-03 09:00:00
4069.04,732,purchase,San Diego,0,2025-11-03 10:00:00
2602.09,205,purchase,Dallas,0,2025-11-03 11:00:00
1489.41,24,purchase,Los Angeles,0,2025-11-03 12:00:00
870.39,493,purchase,Houston,0,2025-11-03 13:00:00
332.99,970,purchase,New York,0,2025-11-03 14:00:00
7658.17,682,refund,Chicago,0,2025-11-03 15:00:00
513.03,406,purchase,San Diego,0,2025-11-03 16:00:00
2129.51,103,refund,San Antonio,0,2025-11-03 17:00:00
3163.92,60,purchase,San Diego,0,2025-11-03 18:00:00
629.37,86,purchase,Philadelphia,0,2025-11-03 19:00:00
3096.45,767,refund,Phoenix,0,2025-11-03 20:00:00
2354.81,677,purchase,Austin,0,2025-11-03 21:00:00
6173.15,372,purchase,Dallas,0,2025-11-03 22:00:00
685.85,679,purchase,Phoenix,0,2025-11-03 23:00:00
303.12,596,purchase,Dallas,0,2025-11-04 00:00:00
661.5,970,purchase,Houston,0,2025-11-04 01:00:00
1351.34,202,purchase,Phoenix,0,2025-11-04 02:00:00
1162.37,602,purchase,New York,0,2025-11-04 03:00:00
739.93,89,purchase,Philadelphia,0,2025-11-04 04:00:00
162.52,437,purchase,Chicago,0,2025-11-04 05:00:00
1755.45,120,refund,Austin,0,2025-11-04 06:00:00
7882.06,156,purchase,Los Angeles,0,2025-11-04 07:00:00
1744.55,973,purchase,Philadelphia,0,2025-11-04 08:00:00
2016.53,399,purchase,New York,0,2025-11-04 09:00:00
1943.89,700,purchase,Dallas,0,2025-11-04 10:00:00
1631.16,188,purchase,Phoenix,0,2025-11-04 11:00:00
2784.06,774,purchase,San Antonio,0,2025-11-04 12:00:00
1628.43,52,refund,Austin,0,2025-11-04 13:00:00
802.17,652,refund,Dallas,0,2025-11-04 14:00:00
494.73,531,purchase,Dallas,0,2025-11-04 15:00:00
854.94,480,purchase,San Antonio,0,2025-11-04 16:00:00
1501.36,587,purchase,Houston,0,2025-11-04 17:00:00
799.44,230,purchase,Houston,0,2025-11-04 18:00:00
1501.68,481,purchase,San Antonio,0,2025-11-04 19:00:00
1701.3,130,purchase,San Diego,0,2025-11-04 20:00:00
2522.94,55,purchase,San Antonio,0,2025-11-04 21:00:00
3955.23,271,purchase,Austin,0,2025-11-04 22:00:00
1185.6,960,purchase,Houston,0,2025-11-04 23:00:00
296.55,100,purchase,Houston,0,2025-11-05 00:00:00
776.58,69,purchase,San Diego,0,2025-11-05 01:00:00
1146.03,911,purchase,Dallas,0,2025-11-05 02:00:00
174.9,299,purchase,San Antonio,0,2025-11-05 03:00:00
4396.94,970,refund,Chicago,0,2025-11-05 04:00:00
1264.43,529,refund,Austin,0,2025-11-05 05:00:00
1605.76,354,purchase,New York,1,2025-11-05 06:00:00
4296.37,628,purchase,Phoenix,0,2025-11-05 07:00:00
583.97,152,purchase,Philadelphia,0,2025-11-05 08:00:00
1946.99,330,purchase,Dallas,0,2025-11-05 09:00:00
982.53,116,purchase,Phoenix,0,2025-11-05 10:00:00
912.25,542,purchase,New York,0,2025-11-05 11:00:00
506.64,323,purchase,Houston,0,2025-11-05 12:00:00
5799.94,563,purchase,Los Angeles,0,2025-11-05 13:00:00
753.33,572,purchase,Houston,0,2025-11-05 14:00:00
2207.17,229,purchase,San Antonio,0,2025-11-05 15:00:00
168.17,771,purchase,Dallas,0,2025-11-05 16:00:00
3568.81,360,purchase,Chicago,0,2025-11-05 17:00:00
3140.73,5,purchase,Chicago,0,2025-11-05 18:00:00
1208.86,28,purchase,Houston,0,2025-11-05 19:00:00
873.98,766,purchase,San Antonio,0,2025-11-05 20:00:00
1635.98,364,purchase,Philadelphia,0,2025-11-05 21:00:00
10816.1,462,purchase,Phoenix,0,2025-11-05 22:00:00
188.06,231,purchase,Houston,0,2025-11-05 23:00:00
2397.13,395,purchase,San Diego,1,2025-11-06 00:00:00
440.71,968,purchase,Houston,0,2025-11-06 01:00:00
1075.01,869,purchase,Chicago,0,2025-11-06 02:00:00
855.87,712,purchase,San Antonio,0,2025-11-06 03:00:00
714.57,844,purchase,Los Angeles,0,2025-11-06 04:00:00
1085.22,271,purchase,Houston,0,2025-11-06 05:00:00
352.77,851,purchase,San Diego,0,2025-11-06 06:00:00
3069.23,304,purchase,Houston,0,2025-11-06 07:00:00
182.34,383,purchase,Austin,0,2025-11-06 08:00:00
1881.39,558,purchase,San Antonio,0,2025-11-06 09:00:00
791.13,28,refund,Los Angeles,0,2025-11-06 10:00:00
340.04,519,refund,Phoenix,0,2025-11-06 11:00:00
1342.63,744,purchase,Houston,0,2025-11-06 12:00:00
231.15,199,purchase,Dallas,0,2025-11-06 13:00:00
1141.06,606,purchase,San Antonio,0,2025-11-06 14:00:00
264.31,82,refund,Dallas,0,2025-11-06 15:00:00
1739.36,88,purchase,Austin,0,2025-11-06 16:00:00
435.13,390,purchase,San Antonio,0,2025-11-06 17:00:00
698.55,698,purchase,Los Angeles,0,2025-11-06 18:00:00
1471.37,755,purchase,Los Angeles,0,2025-11-06 19:00:00
506.47,580,purchase,Los Angeles,0,2025-11-06 20:00:00
1034.88,823,purchase,Phoenix,0,2025-11-06 21:00:00
241.33,451,purchase,New York,0,2025-11-06 22:00:00
2060.85,433,purchase,San Antonio,0,2025-11-06 23:00:00
6405.51,374,refund,Los Angeles,0,2025-11-07 00:00:00
17893.79,435,purchase,Houston,1,2025-11-07 01:00:00
1201.31,187,purchase,Dallas,0,2025-11-07 02:00:00
2411.98,751,purchase,San Diego,0,2025-11-07 03:00:00
184.82,390,purchase,Austin,0,2025-11-07 04:00:00
4928.23,218,purchase,Los Angeles,0,2025-11-07 05:00:00
2383.27,108,purchase,Houston,1,2025-11-07 06:00:00
675.91,819,refund,Houston,0,2025-11-07 07:00:00
3778.87,550,purchase,Los Angeles,0,2025-11-07 08:00:00
850.24,907,purchase,Los Angeles,0,2025-11-07 09:00:00
693.66,948,purchase,Phoenix,0,2025-11-07 10:00:00
1763.99,349,purchase,Houston,0,2025-11-07 11:00:00
378.66,788,purchase,San Diego,0,2025-11-07 12:00:00
3046.12,522,purchase,Houston,0,2025-11-07 13:00:00
381.46,26,purchase,San Diego,0,2025-11-07 14:00:00
383.73,48,purchase,Phoenix,0,2025-11-07 15:00:00
441.56,859,purchase,New York,0,2025-11-07 16:00:00
2343.73,370,refund,Dallas,0,2025-11-07 17:00:00
591.83,14,purchase,San Diego,0,2025-11-07 18:00:00
284.86,612,purchase,New York,0,2025-11-07 19:00:00
598.44,187,purchase,Chicago,0,2025-11-07 20:00:00
1062.05,524,refund,Chicago,0,2025-11-07 21:00:00
336.64,884,purchase,Phoenix,0,2025-11-07 22:00:00
346.65,891,purchase,San Antonio,0,2025-11-07 23:00:00
9057.03,279,purchase,New York,0,2025-11-08 00:00:00
463.79,341,purchase,New York,0,2025-11-08 01:00:00
793.9,328,purchase,Austin,0,2025-11-08 02:00:00
759.58,679,purchase,Philadelphia,0,2025-11-08 03:00:00
719.56,634,purchase,Phoenix,0,2025-11-08 04:00:00
2041.31,905,purchase,Chicago,0,2025-11-08 05:00:00
2830.31,984,purchase,Chicago,0,2025-11-08 06:00:00
807.58,607,purchase,Houston,0,2025-11-08 07:00:00
318.47,25,purchase,Austin,0,2025-11-08 08:00:00
3922.33,529,purchase,Los Angeles,0,2025-11-08 09:00:00
996.91,426,purchase,Dallas,0,2025-11-08 10:00:00
6187.72,29,purchase,Houston,0,2025-11-08 11:00:00
116.1,956,purchase,Austin,0,2025-11-08 12:00:00
1333.29,323,purchase,Chicago,0,2025-11-08 13:00:00
7469.67,853,purchase,Austin,0,2025-11-08 14:00:00
770.27,313,purchase,San Antonio,0,2025-11-08 15:00:00
875.25,584,purchase,Dallas,0,2025-11-08 16:00:00
1473.67,270,refund,Los Angeles,0,2025-11-08 17:00:00
627.16,762,purchase,Philadelphia,0,2025-11-08 18:00:00
802.66,295,purchase,Phoenix,0,2025-11-08 19:00:00
782.26,656,purchase,New York,0,2025-11-08 20:00:00
585.57,786,purchase,San Antonio,0,2025-11-08 21:00:00
3747.55,223,purchase,New York,0,2025-11-08 22:00:00
1739.02,75,purchase,Austin,0,2025-11-08 23:00:00
1408.99,102,purchase,Dallas,0,2025-11-09 00:00:00
2461.61,532,purchase,Houston,0,2025-11-09 01:00:00
841.89,629,purchase,San Diego,0,2025-11-09 02:00:00
505.63,686,purchase,New York,0,2025-11-09 03:00:00
600.27,885,purchase,Phoenix,0,2025-11-09 04:00:00
1098.59,173,purchase,Chicago,0,2025-11-09 05:00:00
380.23,4,purchase,Houston,0,2025-11-09 06:00:00
664.97,852,purchase,Houston,0,2025-11-09 07:00:00
654.51,479,purchase,San Diego,0,2025-11-09 08:00:00
9177.92,660,purchase,Austin,0,2025-11-09 09:00:00
68.46,395,purchase,Austin,0,2025-11-09 10:00:00
916.33,626,purchase,Chicago,0,2025-11-09 11:00:00
6159.15,833,purchase,New York,0,2025-11-09 12:00:00
1238.73,914,purchase,Phoenix,0,2025-11-09 13:00:00
2329.52,167,purchase,Los Angeles,0,2025-11-09 14:00:00
1211.76,300,purchase,Philadelphia,0,2025-11-09 15:00:00
562.65,993,purchase,Houston,0,2025-11-09 16:00:00
116.52,118,purchase,Dallas,0,2025-11-09 17:00:00
1346.76,512,purchase,San Antonio,0,2025-11-09 18:00:00
504.92,612,purchase,Los Angeles,0,2025-11-09 19:00:00
492.58,786,refund,San Antonio,0,2025-11-09 20:00:00
665.82,175,purchase,Austin,0,2025-11-09 21:00:00
6278.34,159,purchase,San Diego,0,2025-11-09 22:00:00
12147.0,384,purchase,Chicago,0,2025-11-09 23:00:00
1362.68,227,purchase,Chicago,0,2025-11-10 00:00:00
688.99,935,refund,Los Angeles,0,2025-11-10 01:00:00
337.91,38,purchase,New York,0,2025-11-10 02:00:00
1752.05,463,purchase,Chicago,0,2025-11-10 03:00:00
6521.8,431,purchase,Austin,0,2025-11-10 04:00:00
856.33,710,purchase,San Antonio,0,2025-11-10 05:00:00
101.6,648,purchase,Dallas,0,2025-11-10 06:00:00
2143.19,104,refund,Dallas,0,2025-11-10 07:00:00
2937.75,982,purchase,Philadelphia,0,2025-11-10 08:00:00
224.56,193,purchase,Philadelphia,0,2025-11-10 09:00:00
1308.3,250,purchase,Phoenix,0,2025-11-10 10:00:00
1721.97,13,purchase,Los Angeles,0,2025-11-10 11:00:00
1019.32,567,purchase,San Antonio,0,2025-11-10 12:00:00
497.32,856,purchase,New York,0,2025-11-10 13:00:00
3028.85,597,purchase,Philadelphia,0,2025-11-10 14:00:00
732.61,621,purchase,Houston,0,2025-11-10 15:00:00
248.34,555,purchase,Chicago,0,2025-11-10 16:00:00
141.25,388,purchase,New York,0,2025-11-10 17:00:00
3869.38,71,purchase,Philadelphia,0,2025-11-10 18:00:00
2031.77,956,purchase,San Antonio,0,2025-11-10 19:00:00
1197.48,780,purchase,New York,0,2025-11-10 20:00:00
706.08,571,purchase,New York,0,2025-11-10 21:00:00
646.13,973,purchase,San Antonio,0,2025-11-10 22:00:00
374.0,438,purchase,Philadelphia,0,2025-11-10 23:00:00
712.33,44,purchase,San Antonio,0,2025-11-11 00:00:00
131.62,272,purchase,San Diego,0,2025-11-11 01:00:00
525.28,902,purchase,San Diego,0,2025-11-11 02:00:00
803.57,14,refund,Dallas,0,2025-11-11 03:00:00
2018.04,371,purchase,Dallas,0,2025-11-11 04:00:00
1053.71,112,purchase,San Antonio,0,2025-11-11 05:00:00
2428.24,379,purchase,Dallas,0,2025-11-11 06:00:00
4226.52,314,purchase,Philadelphia,0,2025-11-11 07:00:00
3159.5,415,purchase,Dallas,0,2025-11-11 08:00:00
1755.5,740,refund,Los Angeles,0,2025-11-11 09:00:00
1109.72,485,purchase,Los Angeles,0,2025-11-11 10:00:00
411.25,169,purchase,Philadelphia,0,2025-11-11 11:00:00
2298.34,888,purchase,Chicago,0,2025-11-11 12:00:00
5882.56,803,purchase,Los Angeles,0,2025-11-11 13:00:00
1543.96,246,purchase,San Diego,0,2025-11-11 14:00:00
7459.62,266,purchase,San Antonio,0,2025-11-11 15:00:00
238.51,849,purchase,San Diego,0,2025-11-11 16:00:00
345.79,243,purchase,Philadelphia,0,2025-11-11 17:00:00
2579.11,670,purchase,Dallas,0,2025-11-11 18:00:00
1428.37,300,purchase,Dallas,0,2025-11-11 19:00:00
4079.71,951,purchase,Los Angeles,0,2025-11-11 20:00:00
1079.8,327,refund,Austin,0,2025-11-11 21:00:00
460.37,530,purchase,Phoenix,0,2025-11-11 22:00:00
885.73,595,purchase,Dallas,0,2025-11-11 23:00:00
236.82,847,purchase,Chicago,0,2025-11-12 00:00:00
354.75,743,purchase,Phoenix,0,2025-11-12 01:00:00
2899.94,342,purchase,San Diego,0,2025-11-12 02:00:00
2624.87,765,purchase,Los Angeles,0,2025-11-12 03:00:00
1576.57,679,purchase,Philadelphia,0,2025-11-12 04:00:00
196.16,554,purchase,Houston,0,2025-11-12 05:00:00
766.32,249,purchase,Philadelphia,0,2025-11-12 06:00:00
322.14,760,purchase,Chicago,0,2025-11-12 07:00:00
3556.5,950,purchase,Philadelphia,0,2025-11-12 08:00:00
611.72,380,purchase,San Antonio,0,2025-11-12 09:00:00
370.28,798,purchase,Austin,0,2025-11-12 10:00:00
1129.8,532,purchase,Chicago,0,2025-11-12 11:00:00
578.16,894,refund,Phoenix,0,2025-11-12 12:00:00
4835.52,864,purchase,San Diego,0,2025-11-12 13:00:00
525.94,381,purchase,Los Angeles,0,2025-11-12 14:00:00
270.64,42,refund,San Antonio,0,2025-11-12 15:00:00
127.37,345,purchase,New York,0,2025-11-12 16:00:00
1063.39,599,purchase,San Antonio,0,2025-11-12 17:00:00
625.2,261,purchase,New York,0,2025-11-12 18:00:00
262.72,306,purchase,Houston,0,2025-11-12 19:00:00
3601.93,809,purchase,Houston,0,2025-11-12 20:00:00
2137.19,862,refund,Phoenix,0,2025-11-12 21:00:00
1066.12,240,purchase,Los Angeles,0,2025-11-12 22:00:00
4291.22,679,refund,Philadelphia,0,2025-11-12 23:00:00
2127.15,313,purchase,Philadelphia,0,2025-11-13 00:00:00
481.61,731,purchase,San Diego,0,2025-11-13 01:00:00
387.91,441,purchase,Austin,0,2025-11-13 02:00:00
2484.88,933,refund,New York,0,2025-11-13 03:00:00
1630.05,903,purchase,Houston,0,2025-11-13 04:00:00
1299.52,133,purchase,Los Angeles,0,2025-11-13 05:00:00
470.36,719,purchase,San Diego,0,2025-11-13 06:00:00
2014.14,51,purchase,Houston,0,2025-11-13 07:00:00
515.17,618,purchase,San Diego,0,2025-11-13 08:00:00
990.31,392,purchase,Los Angeles,0,2025-11-13 09:00:00
4660.81,696,purchase,Houston,0,2025-11-13 10:00:00
566.32,713,refund,Dallas,0,2025-11-13 11:00:00
227.47,523,purchase,Phoenix,0,2025-11-13 12:00:00
382.78,766,purchase,Philadelphia,0,2025-11-13 13:00:00
2964.01,508,purchase,Austin,0,2025-11-13 14:00:00
1414.78,662,refund,Dallas,0,2025-11-13 15:00:00
964.03,354,purchase,Dallas,0,2025-11-13 16:00:00
659.12,867,purchase,San Antonio,0,2025-11-13 17:00:00
1781.77,973,purchase,Los Angeles,0,2025-11-13 18:00:00
469.14,395,purchase,San Antonio,0,2025-11-13 19:00:00
1488.71,956,refund,Dallas,0,2025-11-13 20:00:00
527.81,96,refund,Los Angeles,0,2025-11-13 21:00:00
446.9,106,purchase,San Antonio,0,2025-11-13 22:00:00
579.7,655,purchase,San Antonio,0,2025-11-13 23:00:00
753.4,678,purchase,Chicago,0,2025-11-14 00:00:00
1044.37,513,purchase,Philadelphia,0,2025-11-14 01:00:00
1387.77,558,purchase,San Diego,0,2025-11-14 02:00:00
27.43,242,purchase,Austin,0,2025-11-14 03:00:00
488.99,856,purchase,San Diego,0,2025-11-14 04:00:00
741.32,939,refund,Chicago,0,2025-11-14 05:00:00
4939.71,488,purchase,Philadelphia,0,2025-11-14 06:00:00
372.41,790,purchase,Los Angeles,0,2025-11-14 07:00:00
1290.51,515,purchase,Los Angeles,0,2025-11-14 08:00:00
4890.4,654,purchase,San Diego,0,2025-11-14 09:00:00
295.02,898,purchase,Austin,0,2025-11-14 10:00:00
1626.16,61,purchase,Phoenix,0,2025-11-14 11:00:00
491.63,416,purchase,Phoenix,0,2025-11-14 12:00:00
662.07,294,purchase,Houston,0,2025-11-14 13:00:00
491.22,737,purchase,Austin,0,2025-11-14 14:00:00
527.5,302,refund,Houston,0,2025-11-14 15:00:00
16679.11,170,purchase,San Diego,0,2025-11-14 16:00:00
2551.55,646,refund,Chicago,0,2025-11-14 17:00:00
3300.2,41,refund,Chicago,0,2025-11-14 18:00:00
1793.62,231,refund,San Diego,0,2025-11-14 19:00:00
220.03,409,refund,Chicago,0,2025-11-14 20:00:00
1627.76,738,purchase,Los Angeles,0,2025-11-14 21:00:00
3206.48,651,refund,Phoenix,0,2025-11-14 22:00:00
467.13,622,purchase,Chicago,0,2025-11-14 23:00:00
2879.37,997,purchase,Philadelphia,0,2025-11-15 00:00:00
2217.94,297,purchase,San Antonio,0,2025-11-15 01:00:00
6988.63,455,purchase,Chicago,0,2025-11-15 02:00:00
722.14,57,purchase,Dallas,0,2025-11-15 03:00:00
365.91,942,purchase,Austin,0,2025-11-15 04:00:00
763.85,635,purchase,New York,0,2025-11-15 05:00:00
4608.1,240,purchase,San Antonio,0,2025-11-15 06:00:00
176.2,598,purchase,Houston,0,2025-11-15 07:00:00
138.6,176,purchase,San Antonio,0,2025-11-15 08:00:00
1199.18,63,purchase,Dallas,0,2025-11-15 09:00:00
704.45,551,purchase,Dallas,0,2025-11-15 10:00:00
1105.14,138,purchase,New York,0,2025-11-15 11:00:00
2822.31,981,purchase,Austin,0,2025-11-15 12:00:00
631.08,454,purchase,Houston,0,2025-11-15 13:00:00
168.51,753,purchase,San Antonio,0,2025-11-15 14:00:00
8471.66,449,purchase,Austin,0,2025-11-15 15:00:00
404.55,226,purchase,Philadelphia,0,2025-11-15 16:00:00
380.3,443,purchase,Dallas,0,2025-11-15 17:00:00
3306.75,206,refund,San Antonio,0,2025-11-15 18:00:00
746.59,676,purchase,Chicago,0,2025-11-15 19:00:00
1029.28,27,purchase,San Antonio,0,2025-11-15 20:00:00
1777.19,457,purchase,Austin,0,2025-11-15 21:00:00
3240.82,695,purchase,Phoenix,0,2025-11-15 22:00:00
785.67,710,refund,Los Angeles,0,2025-11-15 23:00:00
5013.81,991,purchase,Austin,0,2025-11-16 00:00:00
129.57,849,purchase,Chicago,0,2025-11-16 01:00:00
2344.41,949,purchase,Philadelphia,0,2025-11-16 02:00:00
473.65,107,purchase,Philadelphia,0,2025-11-16 03:00:00
4325.45,444,purchase,San Antonio,0,2025-11-16 04:00:00
1264.01,701,purchase,Philadelphia,0,2025-11-16 05:00:00
559.53,36,purchase,Dallas,0,2025-11-16 06:00:00
2127.79,597,refund,Phoenix,0,2025-11-16 07:00:00
2678.97,155,purchase,Phoenix,0,2025-11-16 08:00:00
2083.69,169,purchase,San Diego,0,2025-11-16 09:00:00
391.62,796,purchase,San Diego,0,2025-11-16 10:00:00
675.86,272,purchase,New York,0,2025-11-16 11:00:00
1092.18,547,purchase,Chicago,0,2025-11-16 12:00:00
1052.31,420,purchase,Philadelphia,0,2025-11-16 13:00:00
2320.98,184,purchase,Philadelphia,0,2025-11-16 14:00:00
146.22,611,purchase,New York,0,2025-11-16 15:00:00
1532.0,237,purchase,Los Angeles,0,2025-11-16 16:00:00
820.59,915,purchase,Austin,0,2025-11-16 17:00:00
474.14,509,purchase,San Antonio,0,2025-11-16 18:00:00
521.92,441,purchase,New York,0,2025-11-16 19:00:00
884.89,981,purchase,Austin,0,2025-11-16 20:00:00
29.93,122,purchase,Phoenix,0,2025-11-16 21:00:00
543.87,417,refund,New York,0,2025-11-16 22:00:00
456.77,535,purchase,Philadelphia,0,2025-11-16 23:00:00
1868.3,375,purchase,San Antonio,0,2025-11-17 00:00:00
490.03,575,purchase,San Diego,0,2025-11-17 01:00:00
884.38,326,purchase,Chicago,0,2025-11-17 02:00:00
5127.0,480,refund,Chicago,0,2025-11-17 03:00:00
2964.17,150,purchase,New York,0,2025-11-17 04:00:00
2703.42,707,purchase,Chicago,0,2025-11-17 05:00:00
665.23,995,purchase,Phoenix,0,2025-11-17 06:00:00
1887.54,592,purchase,Philadelphia,0,2025-11-17 07:00:00
867.92,490,purchase,Chicago,0,2025-11-17 08:00:00
901.36,827,purchase,Houston,0,2025-11-17 09:00:00
1651.91,153,purchase,Phoenix,0,2025-11-17 10:00:00
603.66,17,refund,Phoenix,0,2025-11-17 11:00:00
4880.5,551,purchase,Dallas,0,2025-11-17 12:00:00
934.37,845,purchase,San Diego,0,2025-11-17 13:00:00
2035.22,348,purchase,New York,0,2025-11-17 14:00:00
4701.33,459,purchase,Los Angeles,0,2025-11-17 15:00:00
3076.83,202,purchase,Phoenix,0,2025-11-17 16:00:00
268.03,423,purchase,Chicago,0,2025-11-17 17:00:00
1711.11,280,refund,San Antonio,0,2025-11-17 18:00:00
2567.58,422,purchase,Philadelphia,0,2025-11-17 19:00:00
2675.42,600,purchase,Los Angeles,0,2025-11-17 20:00:00
360.22,993,purchase,San Diego,0,2025-11-17 21:00:00
568.48,465,purchase,Phoenix,0,2025-11-17 22:00:00
2964.78,953,purchase,Philadelphia,0,2025-11-17 23:00:00
511.96,812,purchase,San Diego,0,2025-11-18 00:00:00
812.65,804,purchase,Philadelphia,0,2025-11-18 01:00:00
5302.19,355,purchase,Austin,0,2025-11-18 02:00:00
1045.45,582,purchase,Chicago,0,2025-11-18 03:00:00
530.18,378,refund,San Antonio,0,2025-11-18 04:00:00
455.95,124,purchase,Houston,0,2025-11-18 05:00:00
1529.54,80,purchase,Philadelphia,0,2025-11-18 06:00:00
289.12,557,purchase,Philadelphia,0,2025-11-18 07:00:00
856.34,988,purchase,Phoenix,0,2025-11-18 08:00:00
1530.32,233,purchase,New York,0,2025-11-18 09:00:00
4020.45,480,purchase,San Diego,0,2025-11-18 10:00:00
2137.83,154,purchase,Austin,0,2025-11-18 11:00:00
536.97,907,purchase,Los Angeles,0,2025-11-18 12:00:00
3563.22,692,purchase,Houston,0,2025-11-18 13:00:00
812.8,409,purchase,Chicago,0,2025-11-18 14:00:00
318.71,31,purchase,Philadelphia,0,2025-11-18 15:00:00
923.3,597,purchase,New York,0,2025-11-18 16:00:00
4620.09,557,purchase,Dallas,0,2025-11-18 17:00:00
1293.67,503,refund,Phoenix,0,2025-11-18 18:00:00
1110.45,371,purchase,Phoenix,0,2025-11-18 19:00:00
5637.59,323,purchase,Houston,0,2025-11-18 20:00:00
262.08,332,purchase,Houston,0,2025-11-18 21:00:00
303.2,243,purchase,New York,0,2025-11-18 22:00:00
217.93,552,purchase,Dallas,0,2025-11-18 23:00:00
1591.84,430,purchase,Dallas,0,2025-11-19 00:00:00
1295.29,182,purchase,Houston,0,2025-11-19 01:00:00
5129.36,809,refund,Austin,0,2025-11-19 02:00:00
1398.95,473,purchase,Austin,0,2025-11-19 03:00:00
732.05,376,purchase,Houston,0,2025-11-19 04:00:00
1098.6,81,refund,San Antonio,0,2025-11-19 05:00:00
1233.62,550,purchase,Houston,0,2025-11-19 06:00:00
206.07,868,purchase,New York,0,2025-11-19 07:00:00
16487.07,420,purchase,Dallas,0,2025-11-19 08:00:00
1844.33,467,purchase,Los Angeles,0,2025-11-19 09:00:00
1352.9,428,purchase,Phoenix,0,2025-11-19 10:00:00
2028.73,57,purchase,Houston,0,2025-11-19 11:00:00
2229.23,322,purchase,San Diego,0,2025-11-19 12:00:00
952.84,977,purchase,Philadelphia,0,2025-11-19 13:00:00
583.33,542,purchase,San Antonio,0,2025-11-19 14:00:00
1997.1,495,purchase,Los Angeles,0,2025-11-19 15:00:00
1612.77,266,purchase,Houston,0,2025-11-19 16:00:00
487.9,227,purchase,Houston,0,2025-11-19 17:00:00
4532.53,829,purchase,Los Angeles,0,2025-11-19 18:00:00
1470.49,959,purchase,Austin,0,2025-11-19 19:00:00
2275.19,804,purchase,Houston,0,2025-11-19 20:00:00
4411.28,54,purchase,Dallas,0,2025-11-19 21:00:00
1120.9,609,purchase,San Diego,0,2025-11-19 22:00:00
1505.61,961,purchase,New York,0,2025-11-19 23:00:00
2465.2,978,purchase,San Diego,0,2025-11-20 00:00:00
531.2,4,refund,Dallas,0,2025-11-20 01:00:00
1157.54,439,purchase,San Diego,0,2025-11-20 02:00:00
1243.33,310,purchase,Austin,0,2025-11-20 03:00:00
421.55,879,purchase,New York,0,2025-11-20 04:00:00
11132.64,603,purchase,San Diego,0,2025-11-20 05:00:00
268.46,89,refund,Phoenix,0,2025-11-20 06:00:00
299.43,320,refund,Dallas,0,2025-11-20 07:00:00
4081.53,375,purchase,Dallas,0,2025-11-20 08:00:00
2237.84,604,purchase,Philadelphia,0,2025-11-20 09:00:00
393.09,501,purchase,Chicago,0,2025-11-20 10:00:00
2012.81,662,purchase,San Antonio,0,2025-11-20 11:00:00
4759.27,234,purchase,Chicago,0,2025-11-20 12:00:00
1063.94,921,purchase,San Antonio,0,2025-11-20 13:00:00
14747.41,337,purchase,San Diego,0,2025-11-20 14:00:00
195.57,571,purchase,Phoenix,0,2025-11-20 15:00:00
2194.75,185,purchase,Phoenix,0,2025-11-20 16:00:00
3521.1,438,purchase,Houston,0,2025-11-20 17:00:00
2674.04,556,purchase,Chicago,0,2025-11-20 18:00:00
893.95,180,purchase,San Diego,0,2025-11-20 19:00:00
820.21,76,purchase,Philadelphia,0,2025-11-20 20:00:00
1709.82,656,purchase,Philadelphia,0,2025-11-20 21:00:00
2479.36,613,purchase,Los Angeles,0,2025-11-20 22:00:00
2003.14,893,purchase,Houston,0,2025-11-20 23:00:00
3102.79,272,purchase,Phoenix,0,2025-11-21 00:00:00
395.89,977,purchase,Austin,0,2025-11-21 01:00:00
873.26,55,purchase,Phoenix,0,2025-11-21 02:00:00
428.37,701,purchase,Chicago,0,2025-11-21 03:00:00
745.37,863,purchase,Austin,0,2025-11-21 04:00:00
3026.68,847,purchase,Phoenix,0,2025-11-21 05:00:00
1221.68,77,purchase,Phoenix,0,2025-11-21 06:00:00
14866.4,296,purchase,Los Angeles,0,2025-11-21 07:00:00
1330.63,219,purchase,Phoenix,0,2025-11-21 08:00:00
1164.09,277,refund,Chicago,0,2025-11-21 09:00:00
1219.48,578,purchase,Chicago,0,2025-11-21 10:00:00
579.51,648,purchase,Phoenix,0,2025-11-21 11:00:00
1035.01,746,purchase,Dallas,0,2025-11-21 12:00:00
3387.3,711,purchase,Los Angeles,0,2025-11-21 13:00:00
1229.02,266,purchase,Dallas,0,2025-11-21 14:00:00
495.98,953,refund,Chicago,0,2025-11-21 15:00:00
434.81,900,purchase,San Antonio,0,2025-11-21 16:00:00
699.1,43,purchase,New York,0,2025-11-21 17:00:00
1180.7,361,purchase,New York,0,2025-11-21 18:00:00
3617.67,228,purchase,San Diego,0,2025-11-21 19:00:00
287.01,227,refund,Dallas,0,2025-11-21 20:00:00
796.46,63,purchase,Chicago,0,2025-11-21 21:00:00
1266.88,171,purchase,Philadelphia,0,2025-11-21 22:00:00
175.26,963,purchase,Chicago,0,2025-11-21 23:00:00
476.47,762,refund,Philadelphia,0,2025-11-22 00:00:00
555.63,850,purchase,San Antonio,0,2025-11-22 01:00:00
494.74,762,purchase,Phoenix,0,2025-11-22 02:00:00
1328.61,307,purchase,Chicago,0,2025-11-22 03:00:00
933.97,750,purchase,San Diego,0,2025-11-22 04:00:00
629.37,568,purchase,Phoenix,0,2025-11-22 05:00:00
1682.38,683,purchase,New York,1,2025-11-22 06:00:00
6143.04,920,purchase,Dallas,0,2025-11-22 07:00:00
5649.13,992,purchase,Chicago,0,2025-11-22 08:00:00
160.33,34,purchase,Los Angeles,0,2025-11-22 09:00:00
1952.9,827,purchase,Chicago,0,2025-11-22 10:00:00
917.8,642,purchase,San Antonio,0,2025-11-22 11:00:00
1280.69,130,refund,Austin,0,2025-11-22 12:00:00
736.36,394,purchase,San Diego,0,2025-11-22 13:00:00
1233.47,151,purchase,Los Angeles,0,2025-11-22 14:00:00
1275.9,655,purchase,San Antonio,0,2025-11-22 15:00:00
614.65,630,purchase,Phoenix,0,2025-11-22 16:00:00
447.48,716,purchase,Dallas,0,2025-11-22 17:00:00
700.16,384,purchase,San Antonio,0,2025-11-22 18:00:00
1386.11,747,purchase,New York,0,2025-11-22 19:00:00
1996.19,17,purchase,New York,0,2025-11-22 20:00:00
2574.34,594,purchase,Philadelphia,0,2025-11-22 21:00:00
669.02,14,purchase,Dallas,0,2025-11-22 22:00:00
1456.58,81,purchase,New York,0,2025-11-22 23:00:00
2871.25,207,purchase,Chicago,0,2025-11-23 00:00:00
3517.81,204,purchase,Phoenix,0,2025-11-23 01:00:00
1033.98,379,purchase,Houston,0,2025-11-23 02:00:00
879.25,784,purchase,New York,0,2025-11-23 03:00:00
1327.59,544,purchase,Austin,0,2025-11-23 04:00:00
347.34,23,purchase,Houston,0,2025-11-23 05:00:00
903.6,614,purchase,Houston,0,2025-11-23 06:00:00
2309.04,162,purchase,Austin,0,2025-11-23 07:00:00
2083.8,610,purchase,Houston,0,2025-11-23 08:00:00
836.92,144,purchase,Chicago,0,2025-11-23 09:00:00
1363.37,930,purchase,San Antonio,0,2025-11-23 10:00:00
480.75,104,purchase,New York,0,2025-11-23 11:00:00
2216.07,382,purchase,Los Angeles,0,2025-11-23 12:00:00
1014.53,455,purchase,New York,0,2025-11-23 13:00:00
832.18,417,purchase,Houston,0,2025-11-23 14:00:00
763.78,324,purchase,Phoenix,0,2025-11-23 15:00:00
1029.79,171,purchase,Austin,0,2025-11-23 16:00:00
700.73,576,refund,Phoenix,0,2025-11-23 17:00:00
2117.82,756,purchase,Los Angeles,0,2025-11-23 18:00:00
738.57,583,refund,Chicago,0,2025-11-23 19:00:00
5393.58,274,purchase,Houston,0,2025-11-23 20:00:00
4746.73,452,purchase,Austin,0,2025-11-23 21:00:00
449.64,881,purchase,Philadelphia,0,2025-11-23 22:00:00
1175.8,125,purchase,Philadelphia,0,2025-11-23 23:00:00
572.12,383,purchase,Los Angeles,0,2025-11-24 00:00:00
791.04,317,purchase,Los Angeles,0,2025-11-24 01:00:00
8122.78,843,purchase,Dallas,0,2025-11-24 02:00:00
806.28,107,refund,Los Angeles,0,2025-11-24 03:00:00
1572.19,660,refund,Los Angeles,0,2025-11-24 04:00:00
1884.32,907,purchase,Chicago,0,2025-11-24 05:00:00
403.17,463,refund,Dallas,0,2025-11-24 06:00:00
466.34,430,purchase,Philadelphia,0,2025-11-24 07:00:00
328.32,704,purchase,Philadelphia,0,2025-11-24 08:00:00
452.16,337,purchase,Austin,0,2025-11-24 09:00:00
63.43,738,purchase,Phoenix,0,2025-11-24 10:00:00
1890.47,754,refund,San Antonio,0,2025-11-24 11:00:00
8554.34,496,purchase,Houston,0,2025-11-24 12:00:00
1271.33,972,refund,Austin,0,2025-11-24 13:00:00
266.06,362,refund,Austin,0,2025-11-24 14:00:00
576.64,796,purchase,Chicago,0,2025-11-24 15:00:00
693.06,432,purchase,San Antonio,0,2025-11-24 16:00:00
396.4,675,purchase,Austin,0,2025-11-24 17:00:00
2591.99,520,purchase,New York,0,2025-11-24 18:00:00
2465.77,859,purchase,Philadelphia,0,2025-11-24 19:00:00
345.35,406,purchase,Los Angeles,0,2025-11-24 20:00:00
2264.44,377,purchase,Los Angeles,0,2025-11-24 21:00:00
5048.33,152,refund,San Diego,0,2025-11-24 22:00:00
7350.75,322,purchase,Chicago,0,2025-11-24 23:00:00
19248.95,607,purchase,Dallas,0,2025-11-25 00:00:00
444.97,214,purchase,Houston,0,2025-11-25 01:00:00
18475.86,576,purchase,Philadelphia,1,2025-11-25 02:00:00
769.54,65,purchase,New York,0,2025-11-25 03:00:00
606.4,893,purchase,Austin,0,2025-11-25 04:00:00
1520.92,270,purchase,Austin,0,2025-11-25 05:00:00
612.74,537,purchase,Chicago,0,2025-11-25 06:00:00
1634.42,996,purchase,Houston,0,2025-11-25 07:00:00
292.93,100,purchase,Phoenix,0,2025-11-25 08:00:00
863.72,105,purchase,New York,0,2025-11-25 09:00:00
3966.27,131,purchase,Houston,0,2025-11-25 10:00:00
1035.81,389,purchase,Phoenix,0,2025-11-25 11:00:00
1263.44,321,purchase,Houston,0,2025-11-25 12:00:00
1763.86,438,refund,Austin,0,2025-11-25 13:00:00
3535.68,19,purchase,Austin,0,2025-11-25 14:00:00
209.51,225,purchase,San Antonio,0,2025-11-25 15:00:00
1967.51,618,purchase,San Diego,0,2025-11-25 16:00:00
838.71,566,purchase,San Diego,0,2025-11-25 17:00:00
1295.48,990,purchase,Chicago,0,2025-11-25 18:00:00
3165.13,460,purchase,Phoenix,0,2025-11-25 19:00:00
332.23,394,purchase,Austin,0,2025-11-25 20:00:00
398.36,226,purchase,San Diego,0,2025-11-25 21:00:00
158.31,912,purchase,San Antonio,0,2025-11-25 22:00:00
633.23,360,purchase,Dallas,0,2025-11-25 23:00:00
4148.21,430,refund,Austin,1,2025-11-26 00:00:00
972.06,925,purchase,San Antonio,0,2025-11-26 01:00:00
287.11,15,refund,Los Angeles,0,2025-11-26 02:00:00
674.74,560,purchase,Houston,0,2025-11-26 03:00:00
247.68,651,purchase,San Diego,0,2025-11-26 04:00:00
355.96,546,purchase,Dallas,0,2025-11-26 05:00:00
1617.79,932,purchase,San Antonio,0,2025-11-26 06:00:00
339.04,414,purchase,Phoenix,0,2025-11-26 07:00:00
3336.36,355,purchase,New York,0,2025-11-26 08:00:00
1021.35,457,purchase,Dallas,0,2025-11-26 09:00:00
1194.63,722,purchase,Philadelphia,0,2025-11-26 10:00:00
830.17,531,purchase,Los Angeles,0,2025-11-26 11:00:00
2375.23,999,purchase,Austin,0,2025-11-26 12:00:00
2399.85,196,purchase,Austin,0,2025-11-26 13:00:00
1533.11,838,purchase,Los Angeles,0,2025-11-26 14:00:00
1929.06,115,purchase,Austin,0,2025-11-26 15:00:00
887.06,417,purchase,New York,0,2025-11-26 16:00:00
1885.98,352,purchase,Houston,0,2025-11-26 17:00:00
782.21,976,purchase,Austin,0,2025-11-26 18:00:00
1099.08,75,purchase,Los Angeles,0,2025-11-26 19:00:00
833.27,662,purchase,Austin,0,2025-11-26 20:00:00
694.21,36,purchase,Dallas,0,2025-11-26 21:00:00
550.53,242,purchase,Los Angeles,0,2025-11-26 22:00:00
1750.56,663,purchase,Dallas,1,2025-11-26 23:00:00
4066.78,63,purchase,New York,0,2025-11-27 00:00:00
3537.24,666,refund,San Antonio,0,2025-11-27 01:00:00
312.13,509,purchase,Philadelphia,0,2025-11-27 02:00:00
3980.66,188,purchase,Philadelphia,0,2025-11-27 03:00:00
797.79,735,purchase,Los Angeles,1,2025-11-27 04:00:00
1999.66,93,purchase,New York,0,2025-11-27 05:00:00
443.1,5,purchase,Austin,0,2025-11-27 06:00:00
1263.93,438,purchase,San Diego,0,2025-11-27 07:00:00
1500.75,166,purchase,San Diego,0,2025-11-27 08:00:00
248.49,446,refund,Los Angeles,0,2025-11-27 09:00:00
2014.78,25,purchase,Houston,0,2025-11-27 10:00:00
4213.02,508,purchase,Houston,0,2025-11-27 11:00:00
920.9,98,purchase,Los Angeles,0,2025-11-27 12:00:00
4273.41,268,purchase,Dallas,0,2025-11-27 13:00:00
907.15,662,purchase,Houston,0,2025-11-27 14:00:00
2564.67,393,purchase,Houston,0,2025-11-27 15:00:00
119.27,764,purchase,Houston,0,2025-11-27 16:00:00
12317.52,596,purchase,Phoenix,0,2025-11-27 17:00:00
4892.5,285,purchase,Austin,0,2025-11-27 18:00:00
824.99,684,purchase,San Diego,0,2025-11-27 19:00:00
152.61,733,purchase,Houston,0,2025-11-27 20:00:00
1462.68,109,purchase,Chicago,0,2025-11-27 21:00:00
258.8,27,purchase,New York,0,2025-11-27 22:00:00
1711.03,758,purchase,Los Angeles,0,2025-11-27 23:00:00
1655.02,55,purchase,Houston,0,2025-11-28 00:00:00
427.77,977,refund,Dallas,0,2025-11-28 01:00:00
3364.27,133,purchase,New York,0,2025-11-28 02:00:00
2454.25,52,refund,Philadelphia,0,2025-11-28 03:00:00
2909.75,493,purchase,Philadelphia,0,2025-11-28 04:00:00
1106.39,765,purchase,Austin,0,2025-11-28 05:00:00
266.26,781,purchase,Chicago,0,2025-11-28 06:00:00
2915.72,298,purchase,Austin,0,2025-11-28 07:00:00
836.84,399,purchase,Dallas,0,2025-11-28 08:00:00
273.2,591,purchase,Austin,0,2025-11-28 09:00:00
4238.82,18,refund,Chicago,0,2025-11-28 10:00:00
8949.99,818,purchase,New York,0,2025-11-28 11:00:00
1052.32,770,refund,Los Angeles,0,2025-11-28 12:00:00
9500.7,855,purchase,Houston,0,2025-11-28 13:00:00
1201.49,619,refund,Houston,0,2025-11-28 14:00:00
749.6,909,purchase,Los Angeles,0,2025-11-28 15:00:00
583.79,964,purchase,Austin,0,2025-11-28 16:00:00
5636.86,559,purchase,Philadelphia,0,2025-11-28 17:00:00
502.63,246,refund,Philadelphia,0,2025-11-28 18:00:00
2287.62,503,purchase,Chicago,0,2025-11-28 19:00:00
626.93,89,purchase,New York,0,2025-11-28 20:00:00
692.07,203,purchase,Austin,0,2025-11-28 21:00:00
3072.51,946,purchase,Dallas,0,2025-11-28 22:00:00
749.92,240,purchase,Houston,0,2025-11-28 23:00:00
731.58,490,purchase,Dallas,0,2025-11-29 00:00:00
3404.33,780,purchase,Phoenix,0,2025-11-29 01:00:00
5417.54,13,purchase,San Antonio,0,2025-11-29 02:00:00
2089.52,649,purchase,Chicago,0,2025-11-29 03:00:00
569.77,315,purchase,Chicago,0,2025-11-29 04:00:00
658.12,685,refund,San Diego,0,2025-11-29 05:00:00
1187.87,742,purchase,New York,0,2025-11-29 06:00:00
1511.61,198,purchase,San Diego,0,2025-11-29 07:00:00
408.35,243,purchase,San Diego,0,2025-11-29 08:00:00
2259.81,507,refund,Chicago,0,2025-11-29 09:00:00
1194.54,43,purchase,New York,0,2025-11-29 10:00:00
197.21,330,purchase,Dallas,0,2025-11-29 11:00:00
433.15,791,refund,Houston,0,2025-11-29 12:00:00
662.4,591,purchase,San Antonio,0,2025-11-29 13:00:00
1019.58,429,purchase,Dallas,0,2025-11-29 14:00:00
7253.79,791,purchase,Chicago,0,2025-11-29 15:00:00
1391.55,744,purchase,Phoenix,0,2025-11-29 16:00:00
473.06,613,purchase,Austin,0,2025-11-29 17:00:00
1367.35,162,purchase,Chicago,0,2025-11-29 18:00:00
771.17,656,purchase,Phoenix,0,2025-11-29 19:00:00
1517.41,959,purchase,Los Angeles,0,2025-11-29 20:00:00
1959.74,621,refund,Houston,0,2025-11-29 21:00:00
3674.71,435,purchase,Los Angeles,0,2025-11-29 22:00:00
1070.32,233,purchase,Chicago,0,2025-11-29 23:00:00
5647.46,111,purchase,Phoenix,0,2025-11-30 00:00:00
2719.01,928,purchase,Dallas,0,2025-11-30 01:00:00
540.54,934,purchase,Chicago,0,2025-11-30 02:00:00
9995.15,232,purchase,Austin,0,2025-11-30 03:00:00
1520.8,952,refund,Philadelphia,0,2025-11-30 04:00:00
475.74,750,purchase,Houston,0,2025-11-30 05:00:00
5726.8,709,purchase,Houston,0,2025-11-30 06:00:00
8758.48,273,purchase,Austin,1,2025-11-30 07:00:00
1061.01,598,purchase,Austin,0,2025-11-30 08:00:00
662.72,807,purchase,Phoenix,0,2025-11-30 09:00:00
923.0,41,purchase,San Antonio,0,2025-11-30 10:00:00
2241.12,560,purchase,Houston,0,2025-11-30 11:00:00
3935.75,466,purchase,San Diego,0,2025-11-30 12:00:00
1940.09,924,purchase,Dallas,0,2025-11-30 13:00:00
1214.06,77,purchase,Dallas,0,2025-11-30 14:00:00
4905.01,690,purchase,Dallas,0,2025-11-30 15:00:00
802.04,490,purchase,Los Angeles,0,2025-11-30 16:00:00
3074.57,769,purchase,Chicago,0,2025-11-30 17:00:00
822.16,117,purchase,Phoenix,0,2025-11-30 18:00:00
1687.53,434,purchase,New York,0,2025-11-30 19:00:00
978.91,19,refund,Houston,0,2025-11-30 20:00:00
1037.06,994,purchase,Phoenix,0,2025-11-30 21:00:00
751.91,571,purchase,Dallas,0,2025-11-30 22:00:00
4208.47,196,refund,San Diego,0,2025-11-30 23:00:00
526.93,619,purchase,New York,0,2025-12-01 00:00:00
523.1,451,refund,Chicago,0,2025-12-01 01:00:00
9145.28,425,purchase,Chicago,0,2025-12-01 02:00:00
2915.65,394,purchase,Philadelphia,0,2025-12-01 03:00:00
100.98,284,refund,Houston,0,2025-12-01 04:00:00
623.12,34,purchase,Houston,0,2025-12-01 05:00:00
179.11,295,purchase,New York,0,2025-12-01 06:00:00
423.82,251,purchase,Austin,0,2025-12-01 07:00:00
47.54,638,purchase,Houston,0,2025-12-01 08:00:00
956.24,339,purchase,New York,0,2025-12-01 09:00:00
350.04,618,purchase,Phoenix,0,2025-12-01 10:00:00
1164.33,440,purchase,Chicago,0,2025-12-01 11:00:00
215.91,180,purchase,Austin,0,2025-12-01 12:00:00
1191.43,622,purchase,Phoenix,0,2025-12-01 13:00:00
724.21,228,purchase,Chicago,0,2025-12-01 14:00:00
4924.38,633,purchase,Phoenix,0,2025-12-01 15:00:00
4497.86,619,purchase,Houston,0,2025-12-01 16:00:00
2405.1,643,purchase,Dallas,0,2025-12-01 17:00:00
791.07,23,purchase,Philadelphia,0,2025-12-01 18:00:00
7985.48,657,purchase,Austin,0,2025-12-01 19:00:00
232.05,327,purchase,Los Angeles,0,2025-12-01 20:00:00
269.47,154,purchase,New York,0,2025-12-01 21:00:00
1008.5,619,refund,New York,0,2025-12-01 22:00:00
10446.67,146,purchase,New York,0,2025-12-01 23:00:00
895.75,252,purchase,Dallas,0,2025-12-02 00:00:00
913.02,302,purchase,Phoenix,0,2025-12-02 01:00:00
259.33,70,purchase,Houston,0,2025-12-02 02:00:00
2824.06,543,purchase,Austin,0,2025-12-02 03:00:00
2844.6,93,purchase,Phoenix,0,2025-12-02 04:00:00
2414.08,649,purchase,Dallas,0,2025-12-02 05:00:00
584.51,886,purchase,Chicago,0,2025-12-02 06:00:00
540.93,163,purchase,Chicago,0,2025-12-02 07:00:00
300.93,81,refund,Los Angeles,0,2025-12-02 08:00:00
1192.58,828,purchase,San Diego,0,2025-12-02 09:00:00
372.26,588,purchase,San Antonio,0,2025-12-02 10:00:00
337.84,63,purchase,Los Angeles,0,2025-12-02 11:00:00
717.88,612,purchase,Houston,0,2025-12-02 12:00:00
672.39,436,purchase,San Antonio,0,2025-12-02 13:00:00
640.35,48,refund,New York,0,2025-12-02 14:00:00
1748.38,445,purchase,New York,0,2025-12-02 15:00:00
1186.84,920,purchase,San Diego,0,2025-12-02 16:00:00
822.09,74,purchase,Philadelphia,0,2025-12-02 17:00:00
1316.87,826,purchase,Los Angeles,1,2025-12-02 18:00:00
406.86,704,purchase,Austin,0,2025-12-02 19:00:00
1218.38,542,purchase,Austin,0,2025-12-02 20:00:00
1274.87,157,purchase,New York,0,2025-12-02 21:00:00
243.95,487,purchase,Chicago,0,2025-12-02 22:00:00
2968.15,266,purchase,Houston,0,2025-12-02 23:00:00
454.21,256,refund,Phoenix,0,2025-12-03 00:00:00
1200.28,39,refund,Austin,0,2025-12-03 01:00:00
3513.65,55,purchase,Chicago,0,2025-12-03 02:00:00
2767.44,28,purchase,Phoenix,0,2025-12-03 03:00:00
1134.94,914,refund,San Antonio,1,2025-12-03 04:00:00
763.19,937,purchase,Dallas,0,2025-12-03 05:00:00
2828.53,118,purchase,Phoenix,0,2025-12-03 06:00:00
2153.17,370,purchase,Houston,0,2025-12-03 07:00:00
590.89,209,purchase,Austin,0,2025-12-03 08:00:00
495.27,587,purchase,Dallas,0,2025-12-03 09:00:00
138.05,577,purchase,San Diego,0,2025-12-03 10:00:00
1279.25,849,refund,Phoenix,0,2025-12-03 11:00:00
1009.59,868,purchase,Dallas,0,2025-12-03 12:00:00
3415.88,612,purchase,Dallas,0,2025-12-03 13:00:00
1570.35,558,refund,New York,0,2025-12-03 14:00:00
4163.99,316,purchase,Philadelphia,0,2025-12-03 15:00:00
546.01,393,purchase,Phoenix,0,2025-12-03 16:00:00
3422.58,941,purchase,Philadelphia,0,2025-12-03 17:00:00
646.18,444,purchase,Austin,0,2025-12-03 18:00:00
2386.53,668,purchase,Chicago,0,2025-12-03 19:00:00
254.99,752,purchase,Chicago,0,2025-12-03 20:00:00
1387.33,865,purchase,Austin,0,2025-12-03 21:00:00
150.7,259,purchase,Phoenix,0,2025-12-03 22:00:00
839.55,947,purchase,San Antonio,0,2025-12-03 23:00:00
1703.35,648,purchase,Houston,0,2025-12-04 00:00:00
651.34,882,purchase,Philadelphia,0,2025-12-04 01:00:00
383.59,198,purchase,Phoenix,0,2025-12-04 02:00:00
2555.79,699,purchase,Los Angeles,0,2025-12-04 03:00:00
988.84,628,purchase,New York,0,2025-12-04 04:00:00
672.11,445,purchase,Philadelphia,0,2025-12-04 05:00:00
1143.55,570,purchase,Phoenix,0,2025-12-04 06:00:00
15316.24,582,purchase,Dallas,0,2025-12-04 07:00:00
3475.53,605,refund,San Antonio,0,2025-12-04 08:00:00
3507.2,741,purchase,New York,0,2025-12-04 09:00:00
1695.18,908,purchase,Austin,0,2025-12-04 10:00:00
1295.28,649,purchase,Philadelphia,0,2025-12-04 11:00:00
99.87,617,purchase,San Antonio,0,2025-12-04 12:00:00
556.14,305,refund,Chicago,0,2025-12-04 13:00:00
678.19,339,purchase,Dallas,0,2025-12-04 14:00:00
168.19,529,refund,Los Angeles,0,2025-12-04 15:00:00
344.67,54,purchase,New York,0,2025-12-04 16:00:00
151.28,112,purchase,Austin,0,2025-12-04 17:00:00
1055.4,684,purchase,Austin,0,2025-12-04 18:00:00
2486.83,928,purchase,Dallas,0,2025-12-04 19:00:00
3316.86,419,purchase,San Antonio,0,2025-12-04 20:00:00
1660.35,974,purchase,Austin,0,2025-12-04 21:00:00
418.47,305,purchase,New York,0,2025-12-04 22:00:00
158.85,438,purchase,Houston,0,2025-12-04 23:00:00
189.26,656,purchase,Austin,0,2025-12-05 00:00:00
308.28,85,purchase,Chicago,0,2025-12-05 01:00:00
450.85,524,purchase,San Antonio,0,2025-12-05 02:00:00
934.72,252,purchase,Phoenix,0,2025-12-05 03:00:00
397.75,728,purchase,Dallas,0,2025-12-05 04:00:00
1539.14,126,purchase,Chicago,0,2025-12-05 05:00:00
869.33,610,purchase,Philadelphia,0,2025-12-05 06:00:00
1108.26,904,purchase,Austin,0,2025-12-05 07:00:00
3429.78,405,refund,Los Angeles,0,2025-12-05 08:00:00
336.89,304,refund,Chicago,0,2025-12-05 09:00:00
1666.87,904,purchase,Houston,0,2025-12-05 10:00:00
1081.42,28,purchase,Philadelphia,0,2025-12-05 11:00:00
785.65,848,refund,New York,0,2025-12-05 12:00:00
2657.81,266,purchase,Philadelphia,0,2025-12-05 13:00:00
2641.27,52,purchase,Houston,0,2025-12-05 14:00:00
425.6,655,refund,San Diego,0,2025-12-05 15:00:00
914.01,644,purchase,Dallas,0,2025-12-05 16:00:00
1452.75,858,purchase,San Diego,0,2025-12-05 17:00:00
834.63,511,purchase,San Diego,0,2025-12-05 18:00:00
1968.49,207,purchase,Los Angeles,0,2025-12-05 19:00:00
1452.72,996,purchase,Austin,0,2025-12-05 20:00:00
6853.82,992,purchase,Los Angeles,0,2025-12-05 21:00:00
237.39,574,purchase,Philadelphia,0,2025-12-05 22:00:00
970.26,875,refund,Phoenix,0,2025-12-05 23:00:00
442.08,511,purchase,Philadelphia,1,2025-12-06 00:00:00
2006.42,998,purchase,Dallas,0,2025-12-06 01:00:00
217.64,644,purchase,Austin,0,2025-12-06 02:00:00
1550.47,553,purchase,San Antonio,0,2025-12-06 03:00:00
584.03,201,purchase,Phoenix,0,2025-12-06 04:00:00
526.28,611,purchase,Austin,0,2025-12-06 05:00:00
258.14,823,purchase,San Antonio,0,2025-12-06 06:00:00
688.78,284,purchase,San Diego,0,2025-12-06 07:00:00
3243.8,357,purchase,New York,0,2025-12-06 08:00:00
1069.36,47,purchase,Austin,0,2025-12-06 09:00:00
2054.28,137,purchase,San Antonio,0,2025-12-06 10:00:00
5794.37,130,purchase,Houston,0,2025-12-06 11:00:00
1427.61,195,refund,Phoenix,0,2025-12-06 12:00:00
627.16,629,purchase,Los Angeles,0,2025-12-06 13:00:00
1749.79,364,purchase,Austin,0,2025-12-06 14:00:00
636.32,432,refund,Phoenix,0,2025-12-06 15:00:00
662.21,69,purchase,Dallas,0,2025-12-06 16:00:00
239.87,458,refund,New York,0,2025-12-06 17:00:00
2769.04,540,purchase,Chicago,0,2025-12-06 18:00:00
745.46,335,purchase,Houston,0,2025-12-06 19:00:00
1315.67,526,purchase,Dallas,0,2025-12-06 20:00:00
389.18,558,purchase,Los Angeles,0,2025-12-06 21:00:00
1695.86,983,purchase,San Antonio,0,2025-12-06 22:00:00
511.86,909,purchase,Dallas,0,2025-12-06 23:00:00
951.74,16,purchase,Austin,0,2025-12-07 00:00:00
2638.13,990,purchase,Houston,0,2025-12-07 01:00:00
2418.15,936,purchase,Phoenix,0,2025-12-07 02:00:00
1072.74,456,purchase,Austin,0,2025-12-07 03:00:00
187.14,510,refund,Houston,0,2025-12-07 04:00:00
21868.68,209,purchase,San Antonio,0,2025-12-07 05:00:00
6284.61,158,purchase,San Diego,0,2025-12-07 06:00:00
2258.99,337,refund,San Diego,0,2025-12-07 07:00:00
516.36,739,purchase,Chicago,0,2025-12-07 08:00:00
978.88,961,purchase,Los Angeles,0,2025-12-07 09:00:00
636.88,241,purchase,Philadelphia,0,2025-12-07 10:00:00
3881.03,58,refund,New York,0,2025-12-07 11:00:00
1425.82,984,purchase,Dallas,0,2025-12-07 12:00:00
500.61,816,purchase,San Antonio,0,2025-12-07 13:00:00
684.88,305,purchase,San Diego,0,2025-12-07 14:00:00
3365.02,345,refund,San Antonio,0,2025-12-07 15:00:00
5432.19,642,purchase,Phoenix,0,2025-12-07 16:00:00
5056.0,729,purchase,Phoenix,0,2025-12-07 17:00:00
2337.96,14,purchase,San Antonio,0,2025-12-07 18:00:00
851.82,359,purchase,San Antonio,0,2025-12-07 19:00:00
42.88,377,purchase,Los Angeles,0,2025-12-07 20:00:00
1476.1,243,refund,Los Angeles,0,2025-12-07 21:00:00
1094.63,993,purchase,San Antonio,0,2025-12-07 22:00:00
1261.41,145,refund,Phoenix,0,2025-12-07 23:00:00
1157.36,891,purchase,Los Angeles,0,2025-12-08 00:00:00
291.12,415,purchase,New York,0,2025-12-08 01:00:00
1914.88,394,purchase,Dallas,0,2025-12-08 02:00:00
2063.62,838,purchase,San Diego,0,2025-12-08 03:00:00
2169.69,615,purchase,Los Angeles,0,2025-12-08 04:00:00
2825.89,729,refund,Los Angeles,0,2025-12-08 05:00:00
2006.31,358,refund,Chicago,0,2025-12-08 06:00:00
727.76,933,purchase,Houston,0,2025-12-08 07:00:00
1021.64,576,purchase,Dallas,0,2025-12-08 08:00:00
1201.26,158,purchase,Philadelphia,0,2025-12-08 09:00:00
1221.33,674,refund,Chicago,0,2025-12-08 10:00:00
2975.65,18,purchase,San Diego,0,2025-12-08 11:00:00
2087.39,728,purchase,Philadelphia,0,2025-12-08 12:00:00
8754.68,831,purchase,San Diego,0,2025-12-08 13:00:00
9961.36,561,purchase,Austin,0,2025-12-08 14:00:00
1187.55,568,purchase,Los Angeles,0,2025-12-08 15:00:00
23.65,347,purchase,San Diego,0,2025-12-08 16:00:00
3777.56,58,purchase,Phoenix,0,2025-12-08 17:00:00
638.82,155,refund,Austin,1,2025-12-08 18:00:00
492.02,567,purchase,Houston,0,2025-12-08 19:00:00
736.24,487,purchase,Chicago,0,2025-12-08 20:00:00
701.6,853,purchase,Dallas,0,2025-12-08 21:00:00
2022.86,531,purchase,Austin,0,2025-12-08 22:00:00
230.57,487,purchase,San Antonio,0,2025-12-08 23:00:00
373.26,151,purchase,San Antonio,0,2025-12-09 00:00:00
1545.59,359,purchase,Philadelphia,0,2025-12-09 01:00:00
2044.57,368,purchase,Dallas,0,2025-12-09 02:00:00
2082.95,620,purchase,Chicago,0,2025-12-09 03:00:00
499.18,47,purchase,New York,0,2025-12-09 04:00:00
412.29,207,purchase,San Antonio,0,2025-12-09 05:00:00
660.74,875,purchase,Dallas,0,2025-12-09 06:00:00
1393.92,450,purchase,Philadelphia,0,2025-12-09 07:00:00
4843.91,483,purchase,Austin,0,2025-12-09 08:00:00
141.54,947,purchase,Los Angeles,0,2025-12-09 09:00:00
879.43,852,purchase,San Diego,0,2025-12-09 10:00:00
289.26,924,purchase,Dallas,0,2025-12-09 11:00:00
210.14,640,purchase,Austin,0,2025-12-09 12:00:00
2884.07,697,purchase,San Diego,0,2025-12-09 13:00:00
1890.55,570,purchase,Dallas,0,2025-12-09 14:00:00
1718.89,143,refund,New York,0,2025-12-09 15:00:00
2754.6,400,purchase,Chicago,0,2025-12-09 16:00:00
678.77,97,purchase,Chicago,0,2025-12-09 17:00:00
711.49,47,purchase,Dallas,0,2025-12-09 18:00:00
9756.91,191,purchase,Chicago,0,2025-12-09 19:00:00
856.99,140,purchase,Austin,0,2025-12-09 20:00:00
2287.31,615,purchase,New York,0,2025-12-09 21:00:00
1103.65,231,purchase,Chicago,0,2025-12-09 22:00:00
172.73,939,purchase,Los Angeles,0,2025-12-09 23:00:00
141.94,340,purchase,Dallas,0,2025-12-10 00:00:00
614.63,925,purchase,New York,0,2025-12-10 01:00:00
3152.97,491,purchase,Los Angeles,0,2025-12-10 02:00:00
2412.19,49,refund,New York,0,2025-12-10 03:00:00
2735.52,899,purchase,Dallas,0,2025-12-10 04:00:00
408.69,624,refund,San Antonio,0,2025-12-10 05:00:00
5518.56,453,purchase,New York,0,2025-12-10 06:00:00
417.84,316,purchase,Austin,0,2025-12-10 07:00:00
1356.72,322,purchase,Philadelphia,0,2025-12-10 08:00:00
1085.34,87,purchase,Phoenix,0,2025-12-10 09:00:00
921.61,894,purchase,Austin,0,2025-12-10 10:00:00
4182.2,474,purchase,Phoenix,0,2025-12-10 11:00:00
541.8,282,purchase,Houston,0,2025-12-10 12:00:00
284.4,839,purchase,Chicago,0,2025-12-10 13:00:00
1118.78,764,purchase,San Diego,0,2025-12-10 14:00:00
735.22,74,purchase,San Antonio,0,2025-12-10 15:00:00
32124.78,453,purchase,Phoenix,0,2025-12-10 16:00:00
2157.07,47,purchase,Dallas,0,2025-12-10 17:00:00
728.26,588,purchase,San Antonio,0,2025-12-10 18:00:00
381.42,96,purchase,Austin,0,2025-12-10 19:00:00
167.29,938,purchase,Los Angeles,0,2025-12-10 20:00:00
393.38,31,purchase,San Antonio,0,2025-12-10 21:00:00
1230.21,534,purchase,San Antonio,0,2025-12-10 22:00:00
4570.27,17,purchase,Houston,0,2025-12-10 23:00:00
3366.7,212,purchase,San Diego,0,2025-12-11 00:00:00
1378.97,660,purchase,Houston,0,2025-12-11 01:00:00
793.8,235,purchase,San Antonio,0,2025-12-11 02:00:00
1434.85,392,purchase,Houston,0,2025-12-11 03:00:00
652.86,354,purchase,San Diego,0,2025-12-11 04:00:00
6114.17,305,purchase,Chicago,0,2025-12-11 05:00:00
907.61,599,purchase,Los Angeles,0,2025-12-11 06:00:00
1005.92,550,purchase,Austin,0,2025-12-11 07:00:00
119.6,565,refund,Philadelphia,0,2025-12-11 08:00:00
901.96,540,purchase,San Antonio,0,2025-12-11 09:00:00
2531.29,589,purchase,San Antonio,0,2025-12-11 10:00:00
377.01,925,purchase,Philadelphia,0,2025-12-11 11:00:00
517.64,509,purchase,San Diego,0,2025-12-11 12:00:00
2422.88,712,refund,Philadelphia,0,2025-12-11 13:00:00
250.47,395,refund,Philadelphia,0,2025-12-11 14:00:00
3158.34,431,purchase,Chicago,0,2025-12-11 15:00:00
644.1,685,refund,Los Angeles,1,2025-12-11 16:00:00
743.55,786,purchase,San Antonio,0,2025-12-11 17:00:00
356.42,562,purchase,Philadelphia,0,2025-12-11 18:00:00
1600.46,857,refund,New York,0,2025-12-11 19:00:00
12834.24,177,purchase,Los Angeles,0,2025-12-11 20:00:00
2395.86,406,refund,Los Angeles,0,2025-12-11 21:00:00
462.07,301,purchase,New York,0,2025-12-11 22:00:00
3413.93,445,purchase,Chicago,0,2025-12-11 23:00:00
798.97,739,refund,Phoenix,0,2025-12-12 00:00:00
4335.04,127,purchase,Houston,0,2025-12-12 01:00:00
2456.95,349,purchase,Los Angeles,0,2025-12-12 02:00:00
57.79,21,purchase,San Diego,0,2025-12-12 03:00:00
401.79,711,purchase,Dallas,0,2025-12-12 04:00:00
2819.7,701,refund,San Diego,0,2025-12-12 05:00:00
1276.22,844,purchase,San Antonio,0,2025-12-12 06:00:00
393.96,420,purchase,Austin,0,2025-12-12 07:00:00
581.97,152,purchase,Los Angeles,0,2025-12-12 08:00:00
163.0,160,refund,Philadelphia,0,2025-12-12 09:00:00
1003.88,859,purchase,Houston,0,2025-12-12 10:00:00
10003.49,480,purchase,Phoenix,0,2025-12-12 11:00:00
2452.67,443,purchase,Dallas,0,2025-12-12 12:00:00
9802.74,96,purchase,Dallas,0,2025-12-12 13:00:00
2650.22,352,purchase,Houston,0,2025-12-12 14:00:00
3064.01,986,purchase,San Diego,0,2025-12-12 15:00:00
7895.74,75,purchase,Phoenix,0,2025-12-12 16:00:00
1599.21,878,purchase,Dallas,0,2025-12-12 17:00:00
909.39,594,purchase,Los Angeles,0,2025-12-12 18:00:00
3079.92,640,refund,Houston,0,2025-12-12 19:00:00
4693.06,359,purchase,Chicago,0,2025-12-12 20:00:00
678.6,133,purchase,San Antonio,0,2025-12-12 21:00:00
532.95,400,purchase,Los Angeles,0,2025-12-12 22:00:00
1259.99,139,refund,Chicago,0,2025-12-12 23:00:00
2518.7,246,purchase,Dallas,0,2025-12-13 00:00:00
2435.95,291,purchase,San Diego,0,2025-12-13 01:00:00
263.97,112,purchase,Los Angeles,0,2025-12-13 02:00:00
7417.56,715,refund,Philadelphia,0,2025-12-13 03:00:00
577.57,170,purchase,Chicago,0,2025-12-13 04:00:00
841.29,599,purchase,Philadelphia,0,2025-12-13 05:00:00
444.68,631,purchase,Phoenix,0,2025-12-13 06:00:00
16290.36,610,purchase,Austin,1,2025-12-13 07:00:00
1396.98,240,purchase,Houston,0,2025-12-13 08:00:00
468.26,337,purchase,San Antonio,0,2025-12-13 09:00:00
2601.71,138,purchase,Austin,0,2025-12-13 10:00:00
2366.43,594,purchase,San Antonio,0,2025-12-13 11:00:00
908.93,236,purchase,Houston,0,2025-12-13 12:00:00
2541.75,648,refund,Chicago,0,2025-12-13 13:00:00
480.44,794,purchase,Houston,0,2025-12-13 14:00:00
669.87,3,purchase,Los Angeles,0,2025-12-13 15:00:00
146.9,571,purchase,Houston,0,2025-12-13 16:00:00
291.79,116,purchase,Houston,0,2025-12-13 17:00:00
6685.06,472,purchase,Phoenix,0,2025-12-13 18:00:00
5661.41,131,purchase,New York,0,2025-12-13 19:00:00
1171.21,934,purchase,Los Angeles,0,2025-12-13 20:00:00
5784.47,898,purchase,San Diego,0,2025-12-13 21:00:00
934.42,483,purchase,San Diego,0,2025-12-13 22:00:00
859.71,401,purchase,San Diego,0,2025-12-13 23:00:00
1160.39,201,purchase,Phoenix,0,2025-12-14 00:00:00
967.85,292,purchase,San Diego,0,2025-12-14 01:00:00
884.31,342,purchase,Dallas,0,2025-12-14 02:00:00
3440.59,991,purchase,Houston,0,2025-12-14 03:00:00
1274.28,610,purchase,Houston,0,2025-12-14 04:00:00
2236.08,216,purchase,San Antonio,0,2025-12-14 05:00:00
3075.99,636,purchase,Phoenix,0,2025-12-14 06:00:00
1616.77,585,purchase,Austin,0,2025-12-14 07:00:00
415.6,366,purchase,New York,0,2025-12-14 08:00:00
283.48,890,purchase,San Diego,0,2025-12-14 09:00:00
1272.55,642,purchase,Houston,0,2025-12-14 10:00:00
924.03,469,purchase,San Diego,0,2025-12-14 11:00:00
1196.78,418,purchase,Los Angeles,0,2025-12-14 12:00:00
1079.17,27,purchase,Houston,0,2025-12-14 13:00:00
14524.23,677,purchase,Los Angeles,1,2025-12-14 14:00:00
289.97,455,purchase,Phoenix,0,2025-12-14 15:00:00
149.91,918,purchase,Austin,0,2025-12-14 16:00:00
1529.01,580,purchase,Austin,0,2025-12-14 17:00:00
752.63,14,purchase,San Diego,0,2025-12-14 18:00:00
1504.28,98,purchase,San Antonio,0,2025-12-14 19:00:00
1966.25,279,purchase,Phoenix,0,2025-12-14 20:00:00
3960.42,940,refund,San Antonio,0,2025-12-14 21:00:00
242.93,490,purchase,Phoenix,0,2025-12-14 22:00:00
628.47,985,purchase,San Antonio,0,2025-12-14 23:00:00
1683.72,961,purchase,Houston,0,2025-12-15 00:00:00
2369.57,883,purchase,Houston,0,2025-12-15 01:00:00
9832.51,759,purchase,Austin,0,2025-12-15 02:00:00
2851.8,624,purchase,Houston,0,2025-12-15 03:00:00
1036.09,207,refund,San Diego,0,2025-12-15 04:00:00
450.14,864,purchase,New York,0,2025-12-15 05:00:00
623.73,846,purchase,Austin,0,2025-12-15 06:00:00
606.25,233,purchase,Phoenix,0,2025-12-15 07:00:00
2111.67,573,purchase,Austin,0,2025-12-15 08:00:00
1417.99,597,purchase,Los Angeles,0,2025-12-15 09:00:00
291.88,695,purchase,Austin,0,2025-12-15 10:00:00
709.17,239,purchase,Houston,0,2025-12-15 11:00:00
2637.4,250,refund,Phoenix,0,2025-12-15 12:00:00
1558.79,583,purchase,San Diego,0,2025-12-15 13:00:00
1936.51,740,purchase,Los Angeles,0,2025-12-15 14:00:00
1608.28,597,purchase,Los Angeles,0,2025-12-15 15:00:00
5577.14,306,purchase,Los Angeles,1,2025-12-15 16:00:00
1388.59,1000,purchase,San Diego,0,2025-12-15 17:00:00
745.44,908,purchase,Chicago,0,2025-12-15 18:00:00
438.89,463,purchase,Phoenix,0,2025-12-15 19:00:00
1407.56,783,refund,Los Angeles,0,2025-12-15 20:00:00
95.52,913,purchase,Philadelphia,0,2025-12-15 21:00:00
912.06,802,purchase,Austin,0,2025-12-15 22:00:00
892.62,236,purchase,Philadelphia,0,2025-12-15 23:00:00
280.21,291,purchase,Los Angeles,0,2025-12-16 00:00:00
433.43,39,purchase,Houston,0,2025-12-16 01:00:00
2464.29,998,purchase,Los Angeles,0,2025-12-16 02:00:00
1381.21,718,purchase,Austin,0,2025-12-16 03:00:00
1214.14,183,purchase,Houston,0,2025-12-16 04:00:00
1489.73,699,purchase,San Antonio,0,2025-12-16 05:00:00
1203.06,645,purchase,Phoenix,0,2025-12-16 06:00:00
3800.4,30,purchase,Austin,0,2025-12-16 07:00:00
1240.7,388,purchase,Houston,0,2025-12-16 08:00:00
255.13,767,purchase,Austin,0,2025-12-16 09:00:00
5597.81,143,purchase,Austin,0,2025-12-16 10:00:00
1588.17,615,purchase,Chicago,0,2025-12-16 11:00:00
608.35,419,purchase,Philadelphia,0,2025-12-16 12:00:00
313.12,74,purchase,Los Angeles,0,2025-12-16 13:00:00
1629.31,55,purchase,Houston,0,2025-12-16 14:00:00
975.38,962,purchase,San Diego,0,2025-12-16 15:00:00
5293.03,748,purchase,Los Angeles,0,2025-12-16 16:00:00
775.95,572,purchase,Dallas,0,2025-12-16 17:00:00
474.67,24,purchase,Los Angeles,0,2025-12-16 18:00:00
2685.97,988,purchase,San Diego,0,2025-12-16 19:00:00
2766.34,22,purchase,San Diego,0,2025-12-16 20:00:00
1298.09,428,purchase,San Antonio,0,2025-12-16 21:00:00
2156.75,32,refund,Austin,0,2025-12-16 22:00:00
1056.07,863,purchase,Philadelphia,0,2025-12-16 23:00:00
1385.57,339,purchase,New York,0,2025-12-17 00:00:00
3515.69,947,refund,Los Angeles,0,2025-12-17 01:00:00
2049.43,981,purchase,San Antonio,0,2025-12-17 02:00:00
925.86,515,purchase,Houston,0,2025-12-17 03:00:00
4240.19,512,refund,Dallas,0,2025-12-17 04:00:00
103.04,70,purchase,Chicago,0,2025-12-17 05:00:00
8536.22,672,purchase,Houston,0,2025-12-17 06:00:00
199.15,898,purchase,Chicago,0,2025-12-17 07:00:00
585.76,88,purchase,San Antonio,0,2025-12-17 08:00:00
1052.67,877,purchase,Los Angeles,0,2025-12-17 09:00:00
947.21,571,purchase,Austin,0,2025-12-17 10:00:00
3000.13,764,purchase,Los Angeles,0,2025-12-17 11:00:00
380.76,219,purchase,Los Angeles,0,2025-12-17 12:00:00
1423.35,713,purchase,Houston,0,2025-12-17 13:00:00
615.1,589,purchase,San Diego,0,2025-12-17 14:00:00
1473.12,767,purchase,San Diego,0,2025-12-17 15:00:00
1027.85,759,purchase,San Diego,0,2025-12-17 16:00:00
1203.44,270,purchase,San Diego,0,2025-12-17 17:00:00
632.75,819,purchase,San Antonio,0,2025-12-17 18:00:00
658.48,651,purchase,Philadelphia,0,2025-12-17 19:00:00
1461.58,78,purchase,San Antonio,0,2025-12-17 20:00:00
2817.81,592,purchase,Phoenix,0,2025-12-17 21:00:00
602.88,10,purchase,San Diego,0,2025-12-17 22:00:00
460.0,468,purchase,Los Angeles,0,2025-12-17 23:00:00
2025.27,336,purchase,Phoenix,0,2025-12-18 00:00:00
1061.56,636,purchase,San Antonio,0,2025-12-18 01:00:00
2516.18,186,purchase,Dallas,0,2025-12-18 02:00:00
443.28,546,purchase,Austin,0,2025-12-18 03:00:00
185.04,121,purchase,New York,0,2025-12-18 04:00:00
643.55,592,purchase,Dallas,0,2025-12-18 05:00:00
509.61,718,purchase,Chicago,0,2025-12-18 06:00:00
1013.55,565,purchase,New York,0,2025-12-18 07:00:00
580.07,668,refund,San Antonio,0,2025-12-18 08:00:00
2300.81,274,purchase,Chicago,0,2025-12-18 09:00:00
822.09,410,purchase,San Diego,0,2025-12-18 10:00:00
1274.71,358,purchase,Los Angeles,0,2025-12-18 11:00:00
1283.87,647,purchase,Houston,0,2025-12-18 12:00:00
1332.69,941,purchase,Los Angeles,0,2025-12-18 13:00:00
1070.49,98,purchase,Houston,0,2025-12-18 14:00:00
1827.31,241,refund,New York,0,2025-12-18 15:00:00
494.89,557,refund,Austin,0,2025-12-18 16:00:00
4444.48,711,refund,Phoenix,0,2025-12-18 17:00:00
865.63,993,purchase,Chicago,0,2025-12-18 18:00:00
295.44,803,refund,Dallas,0,2025-12-18 19:00:00
1323.55,948,purchase,Houston,0,2025-12-18 20:00:00
468.16,114,refund,Philadelphia,0,2025-12-18 21:00:00
2133.11,487,purchase,Dallas,0,2025-12-18 22:00:00
9992.65,789,purchase,Los Angeles,0,2025-12-18 23:00:00
499.41,241,purchase,San Antonio,0,2025-12-19 00:00:00
1529.0,156,purchase,Chicago,0,2025-12-19 01:00:00
189.52,352,purchase,New York,0,2025-12-19 02:00:00
1726.59,44,purchase,Dallas,0,2025-12-19 03:00:00
452.27,592,purchase,Dallas,0,2025-12-19 04:00:00
587.08,312,purchase,Houston,0,2025-12-19 05:00:00
364.57,138,purchase,Dallas,0,2025-12-19 06:00:00
2280.5,663,purchase,San Antonio,0,2025-12-19 07:00:00
3002.81,944,purchase,Houston,0,2025-12-19 08:00:00
1122.58,436,purchase,Los Angeles,0,2025-12-19 09:00:00
462.0,754,refund,Phoenix,0,2025-12-19 10:00:00
5375.05,143,purchase,San Diego,0,2025-12-19 11:00:00
517.8,823,purchase,Austin,0,2025-12-19 12:00:00
126.21,299,purchase,Austin,0,2025-12-19 13:00:00
1734.35,562,refund,Philadelphia,0,2025-12-19 14:00:00
363.3,262,purchase,Phoenix,0,2025-12-19 15:00:00
2947.19,512,purchase,Houston,0,2025-12-19 16:00:00
749.09,673,purchase,Philadelphia,0,2025-12-19 17:00:00
2005.63,62,purchase,Chicago,0,2025-12-19 18:00:00
4453.74,567,refund,Los Angeles,0,2025-12-19 19:00:00
327.39,423,purchase,New York,0,2025-12-19 20:00:00
622.7,396,purchase,Dallas,0,2025-12-19 21:00:00
1016.71,884,purchase,New York,0,2025-12-19 22:00:00
5102.83,996,purchase,Houston,0,2025-12-19 23:00:00
567.71,31,purchase,Philadelphia,0,2025-12-20 00:00:00
605.16,330,purchase,Dallas,0,2025-12-20 01:00:00
1768.95,949,purchase,Houston,0,2025-12-20 02:00:00
615.71,802,purchase,San Antonio,0,2025-12-20 03:00:00
1277.33,169,purchase,San Antonio,0,2025-12-20 04:00:00
232.4,266,purchase,Philadelphia,0,2025-12-20 05:00:00
10039.98,308,purchase,Dallas,0,2025-12-20 06:00:00
284.94,459,purchase,Austin,0,2025-12-20 07:00:00
794.92,185,purchase,San Antonio,0,2025-12-20 08:00:00
1061.59,334,purchase,Chicago,0,2025-12-20 09:00:00
7425.6,515,purchase,Philadelphia,0,2025-12-20 10:00:00
291.53,441,refund,San Antonio,0,2025-12-20 11:00:00
7972.11,673,purchase,San Antonio,0,2025-12-20 12:00:00
2338.29,391,purchase,Philadelphia,0,2025-12-20 13:00:00
1664.19,772,refund,Chicago,0,2025-12-20 14:00:00
409.68,935,purchase,Philadelphia,0,2025-12-20 15:00:00
1941.35,560,purchase,Los Angeles,0,2025-12-20 16:00:00
531.93,254,purchase,Austin,0,2025-12-20 17:00:00
3891.93,586,purchase,New York,0,2025-12-20 18:00:00
415.27,335,refund,San Diego,0,2025-12-20 19:00:00
979.3,400,purchase,Chicago,0,2025-12-20 20:00:00
629.37,166,purchase,San Diego,0,2025-12-20 21:00:00
408.49,260,purchase,Chicago,0,2025-12-20 22:00:00
2301.51,4,purchase,Los Angeles,0,2025-12-20 23:00:00
1873.3,888,purchase,San Diego,0,2025-12-21 00:00:00
3673.9,119,purchase,Chicago,0,2025-12-21 01:00:00
184.96,996,purchase,San Diego,0,2025-12-21 02:00:00
3178.52,923,purchase,Los Angeles,0,2025-12-21 03:00:00
13432.72,470,purchase,Houston,0,2025-12-21 04:00:00
698.1,470,purchase,Dallas,0,2025-12-21 05:00:00
7296.49,785,purchase,New York,0,2025-12-21 06:00:00
842.89,493,purchase,Los Angeles,0,2025-12-21 07:00:00
277.99,738,purchase,Los Angeles,0,2025-12-21 08:00:00
807.84,864,purchase,Dallas,0,2025-12-21 09:00:00
3128.17,500,purchase,Austin,0,2025-12-21 10:00:00
474.29,70,refund,Phoenix,0,2025-12-21 11:00:00
601.64,694,purchase,Houston,0,2025-12-21 12:00:00
1985.33,865,purchase,Austin,0,2025-12-21 13:00:00
1099.99,776,purchase,Austin,0,2025-12-21 14:00:00
1967.7,370,purchase,Houston,0,2025-12-21 15:00:00
1391.07,181,purchase,San Antonio,0,2025-12-21 16:00:00
1771.58,996,refund,Chicago,0,2025-12-21 17:00:00
711.73,5,purchase,Dallas,0,2025-12-21 18:00:00
1382.61,197,purchase,Phoenix,0,2025-12-21 19:00:00
433.82,47,purchase,Dallas,0,2025-12-21 20:00:00
3977.6,970,purchase,New York,0,2025-12-21 21:00:00
581.57,552,refund,Austin,0,2025-12-21 22:00:00
3390.89,634,purchase,San Diego,0,2025-12-21 23:00:00
868.17,647,purchase,Los Angeles,0,2025-12-22 00:00:00
1342.11,140,refund,San Diego,0,2025-12-22 01:00:00
668.5,862,purchase,Houston,0,2025-12-22 02:00:00
397.03,665,purchase,Los Angeles,0,2025-12-22 03:00:00
191.57,540,purchase,Los Angeles,0,2025-12-22 04:00:00
381.72,427,purchase,Philadelphia,0,2025-12-22 05:00:00
793.21,589,purchase,Chicago,0,2025-12-22 06:00:00
1355.44,687,purchase,Austin,0,2025-12-22 07:00:00
3012.06,561,purchase,Chicago,0,2025-12-22 08:00:00
702.22,854,purchase,Dallas,0,2025-12-22 09:00:00
453.97,310,refund,Phoenix,0,2025-12-22 10:00:00
259.12,274,purchase,San Antonio,0,2025-12-22 11:00:00
1772.35,539,purchase,Phoenix,0,2025-12-22 12:00:00
4372.96,840,purchase,Los Angeles,0,2025-12-22 13:00:00
3890.65,390,purchase,San Diego,0,2025-12-22 14:00:00
2230.39,459,purchase,Dallas,0,2025-12-22 15:00:00
2076.72,733,purchase,Los Angeles,0,2025-12-22 16:00:00
5988.66,634,purchase,Los Angeles,0,2025-12-22 17:00:00
1528.56,361,purchase,Houston,0,2025-12-22 18:00:00
2092.53,69,purchase,San Diego,0,2025-12-22 19:00:00
795.7,583,purchase,Phoenix,0,2025-12-22 20:00:00
280.89,662,purchase,Phoenix,0,2025-12-22 21:00:00
553.44,699,refund,San Antonio,0,2025-12-22 22:00:00
1086.63,431,purchase,Houston,0,2025-12-22 23:00:00
1165.36,885,purchase,Dallas,0,2025-12-23 00:00:00
7527.26,758,refund,Houston,0,2025-12-23 01:00:00
1189.49,708,purchase,San Diego,0,2025-12-23 02:00:00
3564.73,32,refund,Chicago,0,2025-12-23 03:00:00
709.76,979,refund,Philadelphia,0,2025-12-23 04:00:00
802.98,621,purchase,New York,0,2025-12-23 05:00:00
290.32,865,purchase,San Antonio,0,2025-12-23 06:00:00
522.0,513,purchase,San Antonio,0,2025-12-23 07:00:00
1857.49,182,purchase,Los Angeles,0,2025-12-23 08:00:00
1104.96,686,refund,Phoenix,0,2025-12-23 09:00:00
2815.62,681,refund,Houston,0,2025-12-23 10:00:00
1314.56,248,purchase,Austin,0,2025-12-23 11:00:00
770.89,620,purchase,Dallas,0,2025-12-23 12:00:00
9398.42,882,purchase,Los Angeles,0,2025-12-23 13:00:00
998.34,297,purchase,Chicago,0,2025-12-23 14:00:00
3508.7,776,purchase,New York,0,2025-12-23 15:00:00
734.21,928,refund,Austin,0,2025-12-23 16:00:00
2229.65,30,purchase,Phoenix,0,2025-12-23 17:00:00
2773.92,302,purchase,Chicago,0,2025-12-23 18:00:00
1350.85,476,purchase,Houston,0,2025-12-23 19:00:00
104.12,873,purchase,Houston,0,2025-12-23 20:00:00
1116.83,948,purchase,Philadelphia,0,2025-12-23 21:00:00
3753.56,352,purchase,Austin,0,2025-12-23 22:00:00
1858.42,985,purchase,San Antonio,0,2025-12-23 23:00:00
1712.72,482,purchase,San Antonio,0,2025-12-24 00:00:00
195.93,317,purchase,San Diego,0,2025-12-24 01:00:00
533.55,737,purchase,Chicago,0,2025-12-24 02:00:00
1654.67,397,purchase,Phoenix,0,2025-12-24 03:00:00
1653.06,89,purchase,Austin,0,2025-12-24 04:00:00
3694.74,234,purchase,Philadelphia,0,2025-12-24 05:00:00
948.74,168,purchase,Philadelphia,0,2025-12-24 06:00:00
1645.54,743,purchase,San Diego,0,2025-12-24 07:00:00
1114.74,126,purchase,Phoenix,0,2025-12-24 08:00:00
408.73,573,purchase,Phoenix,0,2025-12-24 09:00:00
114.92,120,purchase,New York,0,2025-12-24 10:00:00
1687.51,428,purchase,New York,0,2025-12-24 11:00:00
1304.99,190,purchase,Philadelphia,0,2025-12-24 12:00:00
591.01,633,purchase,Austin,0,2025-12-24 13:00:00
217.2,428,purchase,Austin,0,2025-12-24 14:00:00
2058.51,560,purchase,Phoenix,0,2025-12-24 15:00:00
840.57,202,refund,Austin,0,2025-12-24 16:00:00
1913.85,59,purchase,Philadelphia,0,2025-12-24 17:00:00
7073.06,697,purchase,Dallas,0,2025-12-24 18:00:00
128.84,223,purchase,San Diego,0,2025-12-24 19:00:00
544.79,492,purchase,San Antonio,0,2025-12-24 20:00:00
889.47,11,purchase,San Antonio,0,2025-12-24 21:00:00
4697.69,793,purchase,Philadelphia,0,2025-12-24 22:00:00
213.49,701,purchase,Philadelphia,0,2025-12-24 23:00:00
7599.68,512,purchase,New York,0,2025-12-25 00:00:00
1256.21,814,purchase,San Antonio,0,2025-12-25 01:00:00
996.25,310,refund,Phoenix,0,2025-12-25 02:00:00
899.59,749,purchase,San Antonio,0,2025-12-25 03:00:00
708.92,34,refund,Philadelphia,0,2025-12-25 04:00:00
3127.9,340,purchase,San Diego,0,2025-12-25 05:00:00
376.71,647,purchase,Chicago,0,2025-12-25 06:00:00
1549.08,481,purchase,San Diego,0,2025-12-25 07:00:00
746.82,574,purchase,San Antonio,0,2025-12-25 08:00:00
511.77,825,purchase,New York,0,2025-12-25 09:00:00
14559.15,739,purchase,Chicago,1,2025-12-25 10:00:00
1667.45,93,purchase,Austin,0,2025-12-25 11:00:00
2024.88,628,purchase,Houston,0,2025-12-25 12:00:00
3421.3,844,purchase,Dallas,0,2025-12-25 13:00:00
264.71,133,purchase,Philadelphia,0,2025-12-25 14:00:00
6325.17,844,purchase,San Antonio,0,2025-12-25 15:00:00
89.21,989,purchase,Phoenix,0,2025-12-25 16:00:00
508.38,419,purchase,Chicago,0,2025-12-25 17:00:00
692.96,468,purchase,Phoenix,0,2025-12-25 18:00:00
1962.01,805,refund,San Antonio,0,2025-12-25 19:00:00
1364.74,444,purchase,Dallas,0,2025-12-25 20:00:00
928.14,705,purchase,Dallas,0,2025-12-25 21:00:00
1083.56,912,purchase,San Diego,0,2025-12-25 22:00:00
412.39,30,purchase,Phoenix,0,2025-12-25 23:00:00
245.37,969,purchase,San Antonio,0,2025-12-26 00:00:00
2267.68,298,purchase,Houston,0,2025-12-26 01:00:00
2194.49,61,refund,Austin,0,2025-12-26 02:00:00
5348.09,458,purchase,Phoenix,0,2025-12-26 03:00:00
497.69,973,purchase,Houston,0,2025-12-26 04:00:00
2192.54,304,purchase,Chicago,0,2025-12-26 05:00:00
825.75,958,purchase,New York,0,2025-12-26 06:00:00
3606.43,340,purchase,Phoenix,0,2025-12-26 07:00:00
3047.15,861,purchase,Los Angeles,0,2025-12-26 08:00:00
1354.53,448,purchase,Philadelphia,0,2025-12-26 09:00:00
780.92,953,purchase,Phoenix,0,2025-12-26 10:00:00
2866.74,836,purchase,Los Angeles,0,2025-12-26 11:00:00
2094.15,302,purchase,San Diego,0,2025-12-26 12:00:00
553.11,881,purchase,Phoenix,0,2025-12-26 13:00:00
290.67,540,purchase,Los Angeles,0,2025-12-26 14:00:00
821.78,485,purchase,New York,0,2025-12-26 15:00:00
4991.11,77,purchase,Los Angeles,0,2025-12-26 16:00:00
3451.23,633,refund,New York,0,2025-12-26 17:00:00
360.57,515,purchase,Austin,0,2025-12-26 18:00:00
341.12,549,purchase,Austin,0,2025-12-26 19:00:00
3923.28,944,purchase,Chicago,0,2025-12-26 20:00:00
352.26,659,purchase,Chicago,0,2025-12-26 21:00:00
1824.93,92,purchase,Austin,0,2025-12-26 22:00:00
592.25,851,purchase,New York,0,2025-12-26 23:00:00
5525.04,785,refund,San Antonio,0,2025-12-27 00:00:00
507.54,466,purchase,Austin,0,2025-12-27 01:00:00
3440.46,466,purchase,San Antonio,0,2025-12-27 02:00:00
1319.3,889,purchase,Dallas,0,2025-12-27 03:00:00
1411.2,599,purchase,Phoenix,0,2025-12-27 04:00:00
152.89,40,purchase,Houston,0,2025-12-27 05:00:00
121.16,690,refund,Phoenix,0,2025-12-27 06:00:00
879.57,329,purchase,San Diego,0,2025-12-27 07:00:00
1403.75,285,purchase,San Diego,0,2025-12-27 08:00:00
355.95,947,purchase,Houston,0,2025-12-27 09:00:00
369.19,554,refund,San Diego,0,2025-12-27 10:00:00
1922.67,797,refund,Houston,0,2025-12-27 11:00:00
1925.33,66,purchase,Houston,0,2025-12-27 12:00:00
955.52,636,purchase,San Diego,0,2025-12-27 13:00:00
2392.76,657,purchase,Los Angeles,0,2025-12-27 14:00:00
338.93,632,refund,Houston,0,2025-12-27 15:00:00
768.21,109,purchase,New York,0,2025-12-27 16:00:00
5698.04,415,purchase,New York,0,2025-12-27 17:00:00
1174.18,92,refund,San Diego,0,2025-12-27 18:00:00
1244.28,368,purchase,Houston,0,2025-12-27 19:00:00
11003.26,820,purchase,Philadelphia,0,2025-12-27 20:00:00
270.6,423,purchase,Phoenix,0,2025-12-27 21:00:00
2431.91,572,purchase,Austin,0,2025-12-27 22:00:00
5790.57,862,purchase,Philadelphia,0,2025-12-27 23:00:00
792.46,739,purchase,Houston,0,2025-12-28 00:00:00
2590.56,240,purchase,Houston,0,2025-12-28 01:00:00
410.75,435,purchase,San Antonio,0,2025-12-28 02:00:00
551.85,212,purchase,New York,0,2025-12-28 03:00:00
1611.57,400,refund,Dallas,0,2025-12-28 04:00:00
2437.11,610,purchase,Austin,0,2025-12-28 05:00:00
3364.17,526,purchase,Chicago,0,2025-12-28 06:00:00
5269.17,730,purchase,Houston,0,2025-12-28 07:00:00
1025.11,468,purchase,Dallas,0,2025-12-28 08:00:00
3617.77,170,refund,Phoenix,0,2025-12-28 09:00:00
778.75,819,purchase,Houston,0,2025-12-28 10:00:00
2702.93,792,purchase,Philadelphia,0,2025-12-28 11:00:00
1349.5,875,refund,New York,0,2025-12-28 12:00:00
1712.45,210,purchase,Austin,0,2025-12-28 13:00:00
1674.9,256,purchase,New York,0,2025-12-28 14:00:00
220.37,683,refund,Phoenix,0,2025-12-28 15:00:00
356.34,73,purchase,Phoenix,0,2025-12-28 16:00:00
1215.05,147,purchase,Dallas,0,2025-12-28 17:00:00
202.9,340,purchase,New York,0,2025-12-28 18:00:00
2517.98,317,refund,Chicago,0,2025-12-28 19:00:00
2621.64,618,purchase,Chicago,0,2025-12-28 20:00:00
1521.07,606,purchase,Houston,0,2025-12-28 21:00:00
357.4,575,refund,San Antonio,0,2025-12-28 22:00:00
4359.61,154,purchase,San Antonio,0,2025-12-28 23:00:00
8410.28,255,purchase,Austin,0,2025-12-29 00:00:00
1270.39,351,purchase,Phoenix,0,2025-12-29 01:00:00
1827.19,547,purchase,Dallas,0,2025-12-29 02:00:00
1341.76,835,purchase,San Antonio,0,2025-12-29 03:00:00
1863.79,312,refund,Los Angeles,0,2025-12-29 04:00:00
973.06,808,purchase,Chicago,0,2025-12-29 05:00:00
1059.38,765,purchase,San Antonio,0,2025-12-29 06:00:00
2712.75,669,purchase,Phoenix,0,2025-12-29 07:00:00
11448.62,134,purchase,San Antonio,0,2025-12-29 08:00:00
270.41,948,purchase,Dallas,0,2025-12-29 09:00:00
988.5,129,purchase,Dallas,0,2025-12-29 10:00:00
336.82,436,purchase,Chicago,0,2025-12-29 11:00:00
5388.51,280,refund,San Diego,0,2025-12-29 12:00:00
609.27,358,purchase,Philadelphia,0,2025-12-29 13:00:00
258.99,930,purchase,Houston,0,2025-12-29 14:00:00
2075.98,883,purchase,Houston,0,2025-12-29 15:00:00
6274.89,252,purchase,Houston,0,2025-12-29 16:00:00
2129.4,135,refund,San Antonio,0,2025-12-29 17:00:00
1345.87,843,purchase,Philadelphia,0,2025-12-29 18:00:00
1651.01,523,purchase,Los Angeles,0,2025-12-29 19:00:00
4513.56,804,purchase,Phoenix,0,2025-12-29 20:00:00
457.51,660,purchase,Phoenix,0,2025-12-29 21:00:00
980.59,319,purchase,Philadelphia,0,2025-12-29 22:00:00
697.37,80,purchase,San Antonio,0,2025-12-29 23:00:00
341.09,191,purchase,San Diego,0,2025-12-30 00:00:00
789.68,453,purchase,Austin,0,2025-12-30 01:00:00
3320.0,344,purchase,San Diego,0,2025-12-30 02:00:00
1932.56,30,purchase,Phoenix,0,2025-12-30 03:00:00
2088.73,414,purchase,Los Angeles,0,2025-12-30 04:00:00
1269.62,871,purchase,Austin,0,2025-12-30 05:00:00
1850.71,368,purchase,San Diego,0,2025-12-30 06:00:00
492.46,741,purchase,Philadelphia,0,2025-12-30 07:00:00
804.72,993,purchase,Chicago,0,2025-12-30 08:00:00
1328.76,596,purchase,Houston,0,2025-12-30 09:00:00
1447.39,502,purchase,New York,0,2025-12-30 10:00:00
1510.49,662,refund,Chicago,0,2025-12-30 11:00:00
954.96,873,refund,Houston,0,2025-12-30 12:00:00
751.88,701,purchase,Los Angeles,0,2025-12-30 13:00:00
25790.75,21,purchase,Philadelphia,1,2025-12-30 14:00:00
2715.65,549,purchase,San Diego,0,2025-12-30 15:00:00
1657.64,246,purchase,Philadelphia,0,2025-12-30 16:00:00
868.52,283,purchase,Austin,0,2025-12-30 17:00:00
698.39,614,purchase,Chicago,0,2025-12-30 18:00:00
962.18,931,purchase,Dallas,0,2025-12-30 19:00:00
1469.72,806,refund,Houston,0,2025-12-30 20:00:00
167.26,232,refund,Philadelphia,0,2025-12-30 21:00:00
228.29,316,purchase,Houston,0,2025-12-30 22:00:00
580.05,838,purchase,Houston,0,2025-12-30 23:00:00
1349.03,800,purchase,Los Angeles,0,2025-12-31 00:00:00
863.27,336,purchase,Austin,0,2025-12-31 01:00:00
4808.41,988,purchase,Los Angeles,0,2025-12-31 02:00:00
249.04,976,purchase,Los Angeles,0,2025-12-31 03:00:00
517.32,411,purchase,Los Angeles,0,2025-12-31 04:00:00
5014.51,245,purchase,San Diego,0,2025-12-31 05:00:00
1250.28,387,purchase,Austin,0,2025-12-31 06:00:00
2656.71,689,refund,Houston,1,2025-12-31 07:00:00
8529.17,725,purchase,Houston,0,2025-12-31 08:00:00
547.96,358,purchase,Austin,0,2025-12-31 09:00:00
992.96,614,purchase,Austin,0,2025-12-31 10:00:00
835.12,798,purchase,Chicago,0,2025-12-31 11:00:00
155.31,22,refund,Phoenix,0,2025-12-31 12:00:00
804.0,19,purchase,Houston,0,2025-12-31 13:00:00
2646.68,287,purchase,San Antonio,0,2025-12-31 14:00:00
1882.94,276,purchase,Austin,0,2025-12-31 15:00:00
2036.69,659,refund,San Antonio,0,2025-12-31 16:00:00
753.32,898,purchase,Philadelphia,0,2025-12-31 17:00:00
569.01,552,purchase,San Antonio,0,2025-12-31 18:00:00
3902.04,679,purchase,San Antonio,0,2025-12-31 19:00:00
666.93,603,purchase,San Diego,0,2025-12-31 20:00:00
1471.57,72,purchase,New York,0,2025-12-31 21:00:00
1291.21,365,purchase,Chicago,0,2025-12-31 22:00:00
4730.17,950,purchase,Chicago,0,2025-12-31 23:00:00
2896.95,795,purchase,Phoenix,0,2026-01-01 00:00:00
300.29,335,purchase,Austin,0,2026-01-01 01:00:00
334.44,652,refund,San Antonio,0,2026-01-01 02:00:00
1956.49,751,purchase,Austin,0,2026-01-01 03:00:00
1028.3,590,purchase,Philadelphia,0,2026-01-01 04:00:00
695.64,199,purchase,Houston,0,2026-01-01 05:00:00
3027.91,17,purchase,Philadelphia,0,2026-01-01 06:00:00
1322.74,218,purchase,San Antonio,0,2026-01-01 07:00:00
1155.7,741,purchase,Houston,0,2026-01-01 08:00:00
2391.86,852,refund,San Diego,0,2026-01-01 09:00:00
753.62,650,purchase,Phoenix,0,2026-01-01 10:00:00
5263.33,147,purchase,Chicago,0,2026-01-01 11:00:00
498.67,210,purchase,Los Angeles,0,2026-01-01 12:00:00
2115.25,670,purchase,New York,0,2026-01-01 13:00:00
4600.1,414,purchase,Houston,0,2026-01-01 14:00:00
276.64,665,purchase,Los Angeles,0,2026-01-01 15:00:00
777.95,856,purchase,Chicago,0,2026-01-01 16:00:00
3436.5,330,refund,New York,0,2026-01-01 17:00:00
3488.56,895,purchase,Philadelphia,0,2026-01-01 18:00:00
923.81,962,purchase,Houston,0,2026-01-01 19:00:00
526.01,870,refund,Phoenix,0,2026-01-01 20:00:00
2852.46,352,purchase,San Diego,0,2026-01-01 21:00:00
3581.54,163,refund,Houston,0,2026-01-01 22:00:00
342.18,819,purchase,Philadelphia,0,2026-01-01 23:00:00
329.01,101,purchase,Chicago,0,2026-01-02 00:00:00
1373.69,327,purchase,San Diego,0,2026-01-02 01:00:00
2057.73,327,purchase,Chicago,0,2026-01-02 02:00:00
813.16,155,purchase,San Antonio,0,2026-01-02 03:00:00
2163.09,10,purchase,San Antonio,0,2026-01-02 04:00:00
539.08,353,purchase,Chicago,0,2026-01-02 05:00:00
132.33,939,refund,Chicago,0,2026-01-02 06:00:00
717.73,183,purchase,Austin,0,2026-01-02 07:00:00
1168.21,455,purchase,Austin,0,2026-01-02 08:00:00
832.27,646,purchase,San Diego,0,2026-01-02 09:00:00
344.26,6,refund,Chicago,0,2026-01-02 10:00:00
178.46,333,purchase,Los Angeles,0,2026-01-02 11:00:00
655.84,944,refund,Phoenix,0,2026-01-02 12:00:00
2690.97,333,purchase,San Antonio,0,2026-01-02 13:00:00
3851.42,258,purchase,San Diego,0,2026-01-02 14:00:00
3596.49,211,purchase,New York,0,2026-01-02 15:00:00
484.97,51,purchase,Los Angeles,0,2026-01-02 16:00:00
345.95,445,purchase,San Antonio,0,2026-01-02 17:00:00
1801.97,659,purchase,Dallas,0,2026-01-02 18:00:00
2069.58,377,purchase,Chicago,0,2026-01-02 19:00:00
1636.26,640,refund,San Diego,0,2026-01-02 20:00:00
146.34,486,purchase,Austin,0,2026-01-02 21:00:00
460.87,770,refund,Chicago,0,2026-01-02 22:00:00
1064.55,51,purchase,Houston,0,2026-01-02 23:00:00
1785.08,154,refund,Los Angeles,0,2026-01-03 00:00:00
2362.1,582,purchase,Dallas,0,2026-01-03 01:00:00
1266.81,788,purchase,Phoenix,0,2026-01-03 02:00:00
1526.58,791,purchase,Phoenix,0,2026-01-03 03:00:00
1193.76,310,purchase,Houston,0,2026-01-03 04:00:00
2176.82,399,purchase,Phoenix,1,2026-01-03 05:00:00
1499.47,134,purchase,New York,0,2026-01-03 06:00:00
1171.15,220,purchase,Austin,0,2026-01-03 07:00:00
838.51,163,purchase,Austin,0,2026-01-03 08:00:00
1189.5,971,purchase,Philadelphia,0,2026-01-03 09:00:00
1780.4,648,purchase,Houston,0,2026-01-03 10:00:00
1432.93,569,purchase,Houston,0,2026-01-03 11:00:00
1604.92,502,purchase,Phoenix,0,2026-01-03 12:00:00
4199.5,946,purchase,New York,0,2026-01-03 13:00:00
1429.62,689,purchase,Houston,0,2026-01-03 14:00:00
573.07,115,purchase,Austin,0,2026-01-03 15:00:00
2653.43,499,purchase,Chicago,0,2026-01-03 16:00:00
279.72,472,purchase,Phoenix,0,2026-01-03 17:00:00
371.89,149,purchase,Austin,0,2026-01-03 18:00:00
1534.33,241,purchase,Phoenix,0,2026-01-03 19:00:00
1837.93,123,purchase,San Diego,0,2026-01-03 20:00:00
315.75,804,purchase,New York,0,2026-01-03 21:00:00
747.84,839,purchase,Chicago,0,2026-01-03 22:00:00
598.19,69,purchase,Phoenix,0,2026-01-03 23:00:00
674.06,826,refund,Chicago,0,2026-01-04 00:00:00
2817.48,63,purchase,Philadelphia,0,2026-01-04 01:00:00
2222.76,733,purchase,Austin,0,2026-01-04 02:00:00
1075.86,16,purchase,Chicago,0,2026-01-04 03:00:00
635.26,390,purchase,Philadelphia,0,2026-01-04 04:00:00
284.39,590,purchase,San Diego,0,2026-01-04 05:00:00
4537.74,634,purchase,Houston,0,2026-01-04 06:00:00
1982.5,948,purchase,San Diego,0,2026-01-04 07:00:00
540.95,258,refund,San Antonio,0,2026-01-04 08:00:00
2252.06,217,refund,Houston,0,2026-01-04 09:00:00
1022.27,479,purchase,Chicago,0,2026-01-04 10:00:00
822.95,114,purchase,Phoenix,0,2026-01-04 11:00:00
1694.62,882,purchase,Phoenix,0,2026-01-04 12:00:00
522.44,973,purchase,San Antonio,0,2026-01-04 13:00:00
777.62,380,purchase,New York,0,2026-01-04 14:00:00
1238.26,658,purchase,Dallas,0,2026-01-04 15:00:00
665.51,977,refund,Los Angeles,0,2026-01-04 16:00:00
2141.12,237,refund,Dallas,0,2026-01-04 17:00:00
7108.64,476,purchase,Dallas,0,2026-01-04 18:00:00
515.79,972,purchase,Chicago,0,2026-01-04 19:00:00
207.45,931,purchase,San Antonio,0,2026-01-04 20:00:00
148.16,598,purchase,Chicago,0,2026-01-04 21:00:00
943.44,679,purchase,San Diego,0,2026-01-04 22:00:00
565.01,129,purchase,San Diego,0,2026-01-04 23:00:00
1350.0,510,purchase,Chicago,0,2026-01-05 00:00:00
1252.13,165,purchase,Phoenix,0,2026-01-05 01:00:00
220.7,277,purchase,San Antonio,0,2026-01-05 02:00:00
178.59,257,refund,New York,0,2026-01-05 03:00:00
1474.29,132,purchase,Chicago,0,2026-01-05 04:00:00
1255.68,992,purchase,New York,0,2026-01-05 05:00:00
716.36,570,purchase,Los Angeles,0,2026-01-05 06:00:00
209.11,257,purchase,San Antonio,0,2026-01-05 07:00:00
1757.05,141,refund,San Antonio,0,2026-01-05 08:00:00
3912.37,686,purchase,Chicago,0,2026-01-05 09:00:00
1448.06,687,refund,Philadelphia,0,2026-01-05 10:00:00
469.9,209,purchase,Philadelphia,0,2026-01-05 11:00:00
1146.6,716,purchase,Los Angeles,0,2026-01-05 12:00:00
279.75,519,purchase,Dallas,0,2026-01-05 13:00:00
3158.84,51,purchase,San Diego,0,2026-01-05 14:00:00
1190.16,503,purchase,Los Angeles,0,2026-01-05 15:00:00
187.14,259,refund,Houston,0,2026-01-05 16:00:00
811.86,178,purchase,Dallas,1,2026-01-05 17:00:00
1742.89,922,purchase,Houston,0,2026-01-05 18:00:00
786.0,543,purchase,San Antonio,0,2026-01-05 19:00:00
832.23,356,purchase,Phoenix,0,2026-01-05 20:00:00
322.34,318,purchase,Austin,0,2026-01-05 21:00:00
1932.44,666,refund,Philadelphia,0,2026-01-05 22:00:00
573.37,963,purchase,New York,0,2026-01-05 23:00:00
126.92,364,refund,Houston,0,2026-01-06 00:00:00
756.53,55,purchase,Phoenix,0,2026-01-06 01:00:00
2925.29,156,purchase,Philadelphia,0,2026-01-06 02:00:00
744.77,44,purchase,Philadelphia,0,2026-01-06 03:00:00
6235.32,593,purchase,Phoenix,0,2026-01-06 04:00:00
1684.07,678,purchase,Chicago,0,2026-01-06 05:00:00
1538.8,542,purchase,Los Angeles,1,2026-01-06 06:00:00
964.49,322,purchase,San Antonio,0,2026-01-06 07:00:00
1024.25,648,purchase,New York,0,2026-01-06 08:00:00
842.67,14,purchase,Phoenix,0,2026-01-06 09:00:00
810.56,357,purchase,Houston,0,2026-01-06 10:00:00
1864.72,483,purchase,San Antonio,0,2026-01-06 11:00:00
430.16,618,refund,Los Angeles,0,2026-01-06 12:00:00
373.94,359,purchase,San Diego,0,2026-01-06 13:00:00
356.67,318,purchase,Dallas,0,2026-01-06 14:00:00
8481.6,75,purchase,Austin,0,2026-01-06 15:00:00
1863.74,959,purchase,New York,0,2026-01-06 16:00:00
1486.96,591,purchase,Phoenix,0,2026-01-06 17:00:00
380.88,194,purchase,Houston,0,2026-01-06 18:00:00
2045.39,997,purchase,Phoenix,0,2026-01-06 19:00:00
975.97,363,purchase,Dallas,0,2026-01-06 20:00:00
1358.54,96,purchase,Chicago,0,2026-01-06 21:00:00
412.97,40,purchase,New York,0,2026-01-06 22:00:00
1287.26,768,purchase,Chicago,0,2026-01-06 23:00:00
717.78,397,purchase,Houston,0,2026-01-07 00:00:00
509.99,107,purchase,Los Angeles,0,2026-01-07 01:00:00
2284.97,17,purchase,New York,0,2026-01-07 02:00:00
235.64,527,purchase,New York,0,2026-01-07 03:00:00
1929.04,929,purchase,San Diego,0,2026-01-07 04:00:00
2174.35,784,purchase,Houston,0,2026-01-07 05:00:00
455.03,499,purchase,Los Angeles,0,2026-01-07 06:00:00
482.83,525,purchase,Austin,0,2026-01-07 07:00:00
877.41,759,purchase,Chicago,0,2026-01-07 08:00:00
1453.95,726,purchase,San Diego,0,2026-01-07 09:00:00
941.19,663,purchase,Philadelphia,0,2026-01-07 10:00:00
1691.82,804,purchase,San Diego,0,2026-01-07 11:00:00
6393.13,43,purchase,Austin,0,2026-01-07 12:00:00
660.03,946,refund,Phoenix,0,2026-01-07 13:00:00
197.32,626,purchase,Chicago,0,2026-01-07 14:00:00
2504.7,842,purchase,Philadelphia,0,2026-01-07 15:00:00
5903.58,593,purchase,Austin,0,2026-01-07 16:00:00
1624.2,350,purchase,San Diego,0,2026-01-07 17:00:00
369.54,653,purchase,Phoenix,0,2026-01-07 18:00:00
968.85,30,purchase,Phoenix,0,2026-01-07 19:00:00
358.34,441,purchase,Chicago,0,2026-01-07 20:00:00
2085.69,542,purchase,Chicago,0,2026-01-07 21:00:00
283.92,455,refund,San Diego,0,2026-01-07 22:00:00
812.3,778,refund,New York,0,2026-01-07 23:00:00
401.68,611,purchase,Houston,0,2026-01-08 00:00:00
1244.92,962,purchase,Dallas,0,2026-01-08 01:00:00
760.26,94,purchase,Philadelphia,0,2026-01-08 02:00:00
1308.66,723,purchase,Philadelphia,0,2026-01-08 03:00:00
1121.42,295,purchase,Austin,0,2026-01-08 04:00:00
408.85,549,purchase,San Antonio,0,2026-01-08 05:00:00
2052.63,899,purchase,San Antonio,0,2026-01-08 06:00:00
1044.44,89,refund,Philadelphia,1,2026-01-08 07:00:00
408.08,930,purchase,Dallas,0,2026-01-08 08:00:00
10310.59,503,purchase,San Diego,0,2026-01-08 09:00:00
1765.93,767,purchase,San Diego,0,2026-01-08 10:00:00
940.81,214,purchase,Los Angeles,0,2026-01-08 11:00:00
4515.2,422,purchase,San Antonio,0,2026-01-08 12:00:00
6917.54,526,purchase,New York,0,2026-01-08 13:00:00
948.28,192,refund,Austin,0,2026-01-08 14:00:00
1552.15,807,purchase,San Diego,0,2026-01-08 15:00:00
408.3,694,purchase,Chicago,0,2026-01-08 16:00:00
946.53,642,purchase,Dallas,0,2026-01-08 17:00:00
898.69,224,purchase,Phoenix,0,2026-01-08 18:00:00
1319.26,555,purchase,San Antonio,0,2026-01-08 19:00:00
1529.6,693,purchase,San Antonio,0,2026-01-08 20:00:00
1919.52,387,purchase,Dallas,0,2026-01-08 21:00:00
1390.81,681,purchase,Los Angeles,0,2026-01-08 22:00:00
326.77,776,purchase,Houston,0,2026-01-08 23:00:00
429.03,474,purchase,San Diego,0,2026-01-09 00:00:00
634.98,608,refund,Phoenix,0,2026-01-09 01:00:00
826.96,203,purchase,Phoenix,0,2026-01-09 02:00:00
3136.22,447,purchase,Chicago,0,2026-01-09 03:00:00
342.77,833,purchase,Phoenix,0,2026-01-09 04:00:00
767.08,847,purchase,San Antonio,0,2026-01-09 05:00:00
2844.12,900,purchase,Houston,0,2026-01-09 06:00:00
812.51,68,purchase,San Diego,0,2026-01-09 07:00:00
1737.87,92,purchase,Philadelphia,0,2026-01-09 08:00:00
953.8,778,purchase,Philadelphia,0,2026-01-09 09:00:00
1417.69,843,purchase,Philadelphia,0,2026-01-09 10:00:00
872.64,178,purchase,Houston,0,2026-01-09 11:00:00
2136.8,663,purchase,Chicago,0,2026-01-09 12:00:00
233.91,829,purchase,Austin,0,2026-01-09 13:00:00
762.57,559,purchase,Philadelphia,0,2026-01-09 14:00:00
1475.24,3,purchase,Philadelphia,0,2026-01-09 15:00:00
1870.0,999,refund,Los Angeles,0,2026-01-09 16:00:00
4880.25,103,refund,Austin,0,2026-01-09 17:00:00
741.72,273,purchase,Dallas,0,2026-01-09 18:00:00
4814.95,534,purchase,Houston,0,2026-01-09 19:00:00
567.35,116,purchase,Houston,0,2026-01-09 20:00:00
4140.81,859,purchase,Austin,0,2026-01-09 21:00:00
2483.61,912,purchase,San Diego,0,2026-01-09 22:00:00
439.9,464,purchase,Chicago,0,2026-01-09 23:00:00
1490.76,104,purchase,Austin,0,2026-01-10 00:00:00
1041.86,259,purchase,San Antonio,0,2026-01-10 01:00:00
2049.98,308,refund,San Antonio,0,2026-01-10 02:00:00
877.19,367,purchase,Los Angeles,0,2026-01-10 03:00:00
806.54,929,purchase,Chicago,0,2026-01-10 04:00:00
4311.73,810,purchase,Houston,0,2026-01-10 05:00:00
993.54,642,purchase,Los Angeles,0,2026-01-10 06:00:00
2505.95,807,refund,Dallas,0,2026-01-10 07:00:00
875.37,302,purchase,Austin,0,2026-01-10 08:00:00
5806.09,560,purchase,Philadelphia,0,2026-01-10 09:00:00
556.5,27,purchase,New York,0,2026-01-10 10:00:00
593.39,508,purchase,New York,0,2026-01-10 11:00:00
5036.75,527,purchase,San Diego,0,2026-01-10 12:00:00
702.79,775,purchase,Philadelphia,0,2026-01-10 13:00:00
5437.5,365,purchase,Austin,0,2026-01-10 14:00:00
2675.36,953,purchase,San Antonio,0,2026-01-10 15:00:00
939.5,298,purchase,Philadelphia,0,2026-01-10 16:00:00
178.88,777,purchase,Los Angeles,0,2026-01-10 17:00:00
1075.65,361,purchase,Chicago,0,2026-01-10 18:00:00
1213.94,646,purchase,San Diego,0,2026-01-10 19:00:00
3523.53,504,purchase,Houston,0,2026-01-10 20:00:00
5369.27,953,purchase,San Diego,0,2026-01-10 21:00:00
552.81,588,purchase,Chicago,0,2026-01-10 22:00:00
2443.49,30,purchase,Los Angeles,0,2026-01-10 23:00:00
2357.61,439,purchase,San Antonio,0,2026-01-11 00:00:00
3208.03,340,purchase,New York,0,2026-01-11 01:00:00
1805.68,126,purchase,Chicago,0,2026-01-11 02:00:00
157.2,596,purchase,Los Angeles,0,2026-01-11 03:00:00
938.78,566,refund,Phoenix,0,2026-01-11 04:00:00
345.26,366,purchase,Los Angeles,0,2026-01-11 05:00:00
895.51,795,purchase,Austin,0,2026-01-11 06:00:00
2921.94,852,purchase,Phoenix,0,2026-01-11 07:00:00
1487.94,443,refund,Chicago,0,2026-01-11 08:00:00
3456.77,263,purchase,Dallas,0,2026-01-11 09:00:00
1543.42,936,refund,Austin,0,2026-01-11 10:00:00
299.37,872,refund,Dallas,0,2026-01-11 11:00:00
88.16,222,purchase,San Diego,0,2026-01-11 12:00:00
1272.59,840,purchase,Phoenix,0,2026-01-11 13:00:00
885.43,2,purchase,Austin,0,2026-01-11 14:00:00
412.84,910,purchase,San Antonio,0,2026-01-11 15:00:00
200.21,394,purchase,Los Angeles,0,2026-01-11 16:00:00
525.98,306,purchase,Chicago,0,2026-01-11 17:00:00
902.81,146,purchase,Los Angeles,0,2026-01-11 18:00:00
2134.27,530,purchase,Austin,0,2026-01-11 19:00:00
1324.29,528,purchase,New York,0,2026-01-11 20:00:00
5475.66,308,purchase,Chicago,0,2026-01-11 21:00:00
389.32,965,purchase,Houston,0,2026-01-11 22:00:00
2646.67,948,purchase,Dallas,0,2026-01-11 23:00:00
1149.75,671,purchase,Los Angeles,0,2026-01-12 00:00:00
2196.61,997,purchase,Dallas,0,2026-01-12 01:00:00
708.74,340,purchase,New York,1,2026-01-12 02:00:00
3202.48,919,purchase,Dallas,0,2026-01-12 03:00:00
1473.25,352,refund,Philadelphia,0,2026-01-12 04:00:00
555.88,810,purchase,San Diego,0,2026-01-12 05:00:00
1083.53,209,purchase,Chicago,0,2026-01-12 06:00:00
863.03,958,purchase,San Diego,0,2026-01-12 07:00:00
1788.58,205,purchase,Dallas,0,2026-01-12 08:00:00
337.05,625,purchase,San Antonio,0,2026-01-12 09:00:00
1064.91,690,refund,Houston,0,2026-01-12 10:00:00
1628.33,973,purchase,Philadelphia,0,2026-01-12 11:00:00
1133.45,721,refund,Philadelphia,0,2026-01-12 12:00:00
4217.26,636,refund,Los Angeles,0,2026-01-12 13:00:00
2378.02,15,purchase,Los Angeles,0,2026-01-12 14:00:00
1088.46,858,purchase,Phoenix,0,2026-01-12 15:00:00
1361.97,428,purchase,New York,0,2026-01-12 16:00:00
1473.9,476,purchase,Phoenix,0,2026-01-12 17:00:00
1641.39,298,purchase,Austin,0,2026-01-12 18:00:00
176.68,557,purchase,Chicago,0,2026-01-12 19:00:00
811.17,94,purchase,Chicago,0,2026-01-12 20:00:00
248.53,107,purchase,San Diego,0,2026-01-12 21:00:00
3937.42,419,purchase,Chicago,0,2026-01-12 22:00:00
1031.89,278,purchase,Chicago,0,2026-01-12 23:00:00
903.85,128,refund,New York,0,2026-01-13 00:00:00
2688.66,970,purchase,San Diego,0,2026-01-13 01:00:00
1672.92,459,purchase,Austin,0,2026-01-13 02:00:00
354.73,38,purchase,Austin,0,2026-01-13 03:00:00
1021.57,609,purchase,Philadelphia,0,2026-01-13 04:00:00
784.33,198,refund,San Diego,0,2026-01-13 05:00:00
191.61,704,purchase,Chicago,0,2026-01-13 06:00:00
549.89,357,purchase,Philadelphia,0,2026-01-13 07:00:00
912.75,7,purchase,Los Angeles,0,2026-01-13 08:00:00
977.55,556,purchase,Chicago,0,2026-01-13 09:00:00
249.08,332,purchase,Houston,0,2026-01-13 10:00:00
3469.15,519,purchase,Dallas,0,2026-01-13 11:00:00
990.19,194,purchase,Houston,0,2026-01-13 12:00:00
1138.6,316,purchase,San Antonio,0,2026-01-13 13:00:00
1637.03,1,purchase,San Diego,0,2026-01-13 14:00:00
498.66,62,purchase,Phoenix,0,2026-01-13 15:00:00
1730.83,343,purchase,Los Angeles,0,2026-01-13 16:00:00
759.7,601,purchase,San Diego,0,2026-01-13 17:00:00
447.38,18,purchase,Phoenix,0,2026-01-13 18:00:00
1945.84,620,purchase,Phoenix,0,2026-01-13 19:00:00
4874.02,647,purchase,San Antonio,0,2026-01-13 20:00:00
2263.87,371,purchase,Philadelphia,0,2026-01-13 21:00:00
2759.98,822,purchase,Chicago,0,2026-01-13 22:00:00
651.56,579,purchase,San Antonio,0,2026-01-13 23:00:00
221.93,605,purchase,New York,0,2026-01-14 00:00:00
4866.54,650,purchase,Houston,0,2026-01-14 01:00:00
8557.09,701,purchase,Houston,0,2026-01-14 02:00:00
5129.72,571,purchase,Philadelphia,0,2026-01-14 03:00:00
783.85,699,purchase,Philadelphia,0,2026-01-14 04:00:00
345.63,235,purchase,Austin,0,2026-01-14 05:00:00
377.78,69,purchase,San Diego,0,2026-01-14 06:00:00
203.62,447,purchase,New York,0,2026-01-14 07:00:00
984.98,610,purchase,San Antonio,0,2026-01-14 08:00:00
5462.59,8,purchase,Houston,0,2026-01-14 09:00:00
951.78,462,purchase,Philadelphia,0,2026-01-14 10:00:00
1483.74,1000,purchase,Austin,0,2026-01-14 11:00:00
4339.86,311,purchase,Dallas,0,2026-01-14 12:00:00
732.09,134,purchase,Chicago,0,2026-01-14 13:00:00
8396.17,385,purchase,San Diego,0,2026-01-14 14:00:00
8039.28,56,purchase,Chicago,0,2026-01-14 15:00:00
961.88,993,purchase,Philadelphia,0,2026-01-14 16:00:00
615.52,360,purchase,Los Angeles,0,2026-01-14 17:00:00
2202.26,971,purchase,Dallas,0,2026-01-14 18:00:00
774.7,114,purchase,Los Angeles,0,2026-01-14 19:00:00
344.97,88,purchase,Phoenix,0,2026-01-14 20:00:00
3949.08,138,purchase,Philadelphia,0,2026-01-14 21:00:00
3701.33,108,purchase,Houston,0,2026-01-14 22:00:00
1281.15,500,purchase,San Antonio,0,2026-01-14 23:00:00
310.17,535,purchase,San Antonio,0,2026-01-15 00:00:00
320.69,144,refund,San Antonio,0,2026-01-15 01:00:00
1220.76,869,purchase,San Antonio,0,2026-01-15 02:00:00
665.23,656,purchase,Austin,0,2026-01-15 03:00:00
779.7,56,purchase,Austin,0,2026-01-15 04:00:00
3047.15,620,purchase,Dallas,0,2026-01-15 05:00:00
2282.85,863,purchase,Los Angeles,0,2026-01-15 06:00:00
4350.92,6,purchase,Phoenix,0,2026-01-15 07:00:00
407.23,542,purchase,Austin,0,2026-01-15 08:00:00
778.06,447,purchase,Dallas,0,2026-01-15 09:00:00
2342.52,997,purchase,Los Angeles,0,2026-01-15 10:00:00
1716.56,385,purchase,Chicago,0,2026-01-15 11:00:00
5076.52,307,purchase,San Antonio,0,2026-01-15 12:00:00
1669.93,874,purchase,Dallas,0,2026-01-15 13:00:00
6961.21,857,purchase,Chicago,0,2026-01-15 14:00:00
1881.86,639,purchase,Austin,0,2026-01-15 15:00:00
3172.16,302,purchase,San Diego,0,2026-01-15 16:00:00
793.53,633,purchase,San Diego,0,2026-01-15 17:00:00
1112.41,405,refund,Houston,0,2026-01-15 18:00:00
2726.96,611,refund,Philadelphia,0,2026-01-15 19:00:00
5502.61,678,purchase,San Diego,0,2026-01-15 20:00:00
2273.87,837,refund,Dallas,0,2026-01-15 21:00:00
1009.11,831,purchase,Los Angeles,0,2026-01-15 22:00:00
4347.41,753,purchase,New York,0,2026-01-15 23:00:00
122.49,562,purchase,Phoenix,0,2026-01-16 00:00:00
264.48,780,purchase,Austin,0,2026-01-16 01:00:00
2168.16,837,purchase,Chicago,0,2026-01-16 02:00:00
1112.21,510,purchase,Philadelphia,0,2026-01-16 03:00:00
2009.24,73,purchase,New York,0,2026-01-16 04:00:00
1169.59,812,purchase,Houston,0,2026-01-16 05:00:00
1940.97,564,purchase,Philadelphia,0,2026-01-16 06:00:00
485.7,265,purchase,Los Angeles,0,2026-01-16 07:00:00
1940.08,227,purchase,San Diego,0,2026-01-16 08:00:00
2964.35,193,purchase,Houston,0,2026-01-16 09:00:00
3716.55,374,purchase,Los Angeles,0,2026-01-16 10:00:00
8213.66,751,purchase,New York,0,2026-01-16 11:00:00
1399.82,10,purchase,San Diego,0,2026-01-16 12:00:00
1442.18,302,purchase,Austin,0,2026-01-16 13:00:00
239.09,359,purchase,New York,0,2026-01-16 14:00:00
644.57,740,purchase,San Antonio,0,2026-01-16 15:00:00
904.08,954,refund,San Antonio,0,2026-01-16 16:00:00
3134.8,805,purchase,Philadelphia,0,2026-01-16 17:00:00
595.26,52,purchase,San Diego,0,2026-01-16 18:00:00
2431.69,752,purchase,Austin,0,2026-01-16 19:00:00
1094.86,99,purchase,New York,0,2026-01-16 20:00:00
918.58,593,purchase,New York,0,2026-01-16 21:00:00
1406.55,13,purchase,New York,0,2026-01-16 22:00:00
741.62,390,purchase,Philadelphia,0,2026-01-16 23:00:00
714.06,954,purchase,San Antonio,0,2026-01-17 00:00:00
199.38,357,refund,Austin,0,2026-01-17 01:00:00
855.81,640,purchase,Dallas,0,2026-01-17 02:00:00
678.6,816,purchase,Austin,0,2026-01-17 03:00:00
654.6,928,purchase,Phoenix,0,2026-01-17 04:00:00
1663.82,11,purchase,New York,0,2026-01-17 05:00:00
2118.86,81,purchase,Dallas,0,2026-01-17 06:00:00
1383.25,261,purchase,Phoenix,0,2026-01-17 07:00:00
2967.32,6,purchase,Philadelphia,0,2026-01-17 08:00:00
1949.96,458,purchase,Dallas,0,2026-01-17 09:00:00
816.43,373,purchase,Los Angeles,0,2026-01-17 10:00:00
690.31,481,purchase,Chicago,0,2026-01-17 11:00:00
1499.4,222,purchase,San Antonio,0,2026-01-17 12:00:00
1946.46,917,purchase,Chicago,0,2026-01-17 13:00:00
4437.49,810,purchase,Los Angeles,0,2026-01-17 14:00:00
3608.95,81,purchase,San Antonio,0,2026-01-17 15:00:00
638.12,923,purchase,San Diego,0,2026-01-17 16:00:00
990.29,515,purchase,Dallas,0,2026-01-17 17:00:00
2145.26,60,purchase,Los Angeles,0,2026-01-17 18:00:00
3190.71,221,purchase,Los Angeles,0,2026-01-17 19:00:00
2804.47,962,purchase,San Antonio,0,2026-01-17 20:00:00
1028.77,349,purchase,Houston,0,2026-01-17 21:00:00
312.93,561,refund,Phoenix,0,2026-01-17 22:00:00
403.86,228,purchase,New York,0,2026-01-17 23:00:00
1440.34,290,purchase,Philadelphia,0,2026-01-18 00:00:00
1544.14,293,purchase,Austin,0,2026-01-18 01:00:00
365.52,810,purchase,San Diego,0,2026-01-18 02:00:00
1146.62,193,purchase,New York,0,2026-01-18 03:00:00
2061.57,956,refund,Los Angeles,0,2026-01-18 04:00:00
346.81,474,refund,San Antonio,0,2026-01-18 05:00:00
3310.97,257,purchase,Los Angeles,0,2026-01-18 06:00:00
751.8,955,purchase,Dallas,0,2026-01-18 07:00:00
3856.88,506,purchase,Philadelphia,0,2026-01-18 08:00:00
643.26,388,purchase,Phoenix,0,2026-01-18 09:00:00
392.83,615,purchase,San Antonio,0,2026-01-18 10:00:00
693.58,398,purchase,Austin,0,2026-01-18 11:00:00
997.1,366,purchase,San Diego,0,2026-01-18 12:00:00
743.61,658,purchase,Dallas,0,2026-01-18 13:00:00
883.59,290,purchase,Philadelphia,0,2026-01-18 14:00:00
1531.44,769,refund,Phoenix,0,2026-01-18 15:00:00
924.1,309,purchase,San Antonio,0,2026-01-18 16:00:00
1026.48,278,refund,Los Angeles,0,2026-01-18 17:00:00
198.5,464,purchase,San Diego,0,2026-01-18 18:00:00
1622.46,189,purchase,Houston,0,2026-01-18 19:00:00
1003.05,918,purchase,New York,0,2026-01-18 20:00:00
5487.86,178,purchase,Chicago,0,2026-01-18 21:00:00
428.56,528,purchase,Dallas,0,2026-01-18 22:00:00
179.77,924,purchase,Houston,0,2026-01-18 23:00:00
2034.63,988,purchase,Austin,0,2026-01-19 00:00:00
1550.8,375,purchase,Austin,0,2026-01-19 01:00:00
400.04,598,purchase,Chicago,0,2026-01-19 02:00:00
237.52,760,refund,Houston,0,2026-01-19 03:00:00
5102.05,454,purchase,Chicago,0,2026-01-19 04:00:00
4510.26,217,purchase,Chicago,0,2026-01-19 05:00:00
91.15,42,refund,Los Angeles,0,2026-01-19 06:00:00
693.52,194,purchase,Philadelphia,0,2026-01-19 07:00:00
5791.76,327,purchase,Austin,0,2026-01-19 08:00:00
681.26,373,purchase,Philadelphia,0,2026-01-19 09:00:00
671.42,465,purchase,Austin,0,2026-01-19 10:00:00
826.53,163,refund,Houston,0,2026-01-19 11:00:00
357.49,276,purchase,San Diego,0,2026-01-19 12:00:00
199.38,364,purchase,Philadelphia,0,2026-01-19 13:00:00
3141.79,642,refund,San Diego,0,2026-01-19 14:00:00
173.65,775,purchase,Philadelphia,0,2026-01-19 15:00:00
1404.27,480,refund,Dallas,0,2026-01-19 16:00:00
2661.33,689,purchase,Chicago,0,2026-01-19 17:00:00
256.92,979,purchase,Chicago,0,2026-01-19 18:00:00
435.17,460,purchase,Los Angeles,0,2026-01-19 19:00:00
3689.25,265,refund,Austin,0,2026-01-19 20:00:00
1868.5,539,purchase,Philadelphia,0,2026-01-19 21:00:00
591.53,974,refund,San Antonio,0,2026-01-19 22:00:00
3649.15,386,purchase,San Antonio,0,2026-01-19 23:00:00
3664.82,85,purchase,Phoenix,0,2026-01-20 00:00:00
1435.19,708,purchase,Philadelphia,0,2026-01-20 01:00:00
445.79,316,purchase,San Antonio,0,2026-01-20 02:00:00
725.28,243,purchase,Los Angeles,0,2026-01-20 03:00:00
1460.28,469,refund,Austin,0,2026-01-20 04:00:00
908.15,880,purchase,San Antonio,0,2026-01-20 05:00:00
2804.43,342,purchase,New York,0,2026-01-20 06:00:00
237.51,177,refund,Philadelphia,0,2026-01-20 07:00:00
246.1,130,purchase,San Diego,0,2026-01-20 08:00:00
1314.05,657,refund,New York,0,2026-01-20 09:00:00
670.79,83,purchase,New York,0,2026-01-20 10:00:00
585.78,360,purchase,Philadelphia,0,2026-01-20 11:00:00
187.16,88,purchase,Phoenix,0,2026-01-20 12:00:00
1118.28,532,purchase,Chicago,0,2026-01-20 13:00:00
1040.28,742,purchase,Austin,0,2026-01-20 14:00:00
2107.97,972,refund,Austin,0,2026-01-20 15:00:00
1174.86,985,purchase,San Antonio,0,2026-01-20 16:00:00
960.44,638,purchase,San Antonio,0,2026-01-20 17:00:00
3558.17,471,refund,San Antonio,1,2026-01-20 18:00:00
295.16,498,purchase,Philadelphia,0,2026-01-20 19:00:00
1875.05,507,refund,Houston,0,2026-01-20 20:00:00
206.2,354,purchase,Dallas,0,2026-01-20 21:00:00
474.2,416,purchase,Dallas,0,2026-01-20 22:00:00
326.15,51,purchase,San Antonio,0,2026-01-20 23:00:00
2396.93,600,purchase,San Antonio,0,2026-01-21 00:00:00
1027.2,682,purchase,San Diego,0,2026-01-21 01:00:00
1081.92,63,purchase,Phoenix,0,2026-01-21 02:00:00
362.59,89,purchase,Dallas,0,2026-01-21 03:00:00
812.65,701,purchase,Philadelphia,0,2026-01-21 04:00:00
511.08,190,refund,San Antonio,1,2026-01-21 05:00:00
1609.14,899,purchase,San Antonio,0,2026-01-21 06:00:00
407.04,601,purchase,Dallas,0,2026-01-21 07:00:00
4145.56,348,purchase,San Antonio,0,2026-01-21 08:00:00
205.29,844,purchase,Chicago,0,2026-01-21 09:00:00
489.55,538,purchase,Philadelphia,0,2026-01-21 10:00:00
5867.6,176,purchase,Philadelphia,0,2026-01-21 11:00:00
709.71,364,purchase,San Antonio,0,2026-01-21 12:00:00
294.45,776,purchase,Philadelphia,0,2026-01-21 13:00:00
1365.22,901,purchase,Houston,0,2026-01-21 14:00:00
681.71,907,refund,Philadelphia,0,2026-01-21 15:00:00
475.39,554,purchase,Chicago,0,2026-01-21 16:00:00
366.55,483,purchase,New York,0,2026-01-21 17:00:00
17472.33,987,purchase,New York,0,2026-01-21 18:00:00
852.73,119,purchase,Phoenix,0,2026-01-21 19:00:00
159.88,169,purchase,San Diego,0,2026-01-21 20:00:00
4883.95,620,purchase,Chicago,0,2026-01-21 21:00:00
2020.44,998,purchase,Los Angeles,0,2026-01-21 22:00:00
509.55,147,purchase,San Diego,0,2026-01-21 23:00:00
431.33,688,purchase,Dallas,0,2026-01-22 00:00:00
2150.54,437,purchase,Dallas,0,2026-01-22 01:00:00
856.69,439,purchase,Los Angeles,0,2026-01-22 02:00:00
159.82,888,purchase,San Diego,0,2026-01-22 03:00:00
6550.13,189,purchase,Los Angeles,0,2026-01-22 04:00:00
710.53,160,purchase,San Antonio,0,2026-01-22 05:00:00
4893.05,814,purchase,San Diego,0,2026-01-22 06:00:00
3938.03,860,purchase,New York,0,2026-01-22 07:00:00
403.02,932,purchase,San Diego,0,2026-01-22 08:00:00
3081.56,402,purchase,Chicago,0,2026-01-22 09:00:00
571.67,586,purchase,New York,0,2026-01-22 10:00:00
169.58,864,purchase,San Antonio,0,2026-01-22 11:00:00
717.23,18,purchase,Austin,0,2026-01-22 12:00:00
1632.12,140,purchase,Chicago,0,2026-01-22 13:00:00
690.39,115,purchase,San Diego,0,2026-01-22 14:00:00
806.7,328,purchase,Dallas,0,2026-01-22 15:00:00
3441.17,225,purchase,Los Angeles,0,2026-01-22 16:00:00
1219.86,558,purchase,New York,0,2026-01-22 17:00:00
471.87,439,purchase,San Diego,0,2026-01-22 18:00:00
2212.84,550,purchase,Austin,0,2026-01-22 19:00:00
1336.32,718,purchase,Philadelphia,0,2026-01-22 20:00:00
88.09,386,purchase,Austin,0,2026-01-22 21:00:00
1683.03,521,refund,New York,0,2026-01-22 22:00:00
1622.67,253,refund,Chicago,0,2026-01-22 23:00:00
1118.92,620,purchase,Dallas,0,2026-01-23 00:00:00
2674.99,901,purchase,Dallas,0,2026-01-23 01:00:00
559.82,98,purchase,Philadelphia,0,2026-01-23 02:00:00
1535.33,787,purchase,Chicago,0,2026-01-23 03:00:00
228.84,71,purchase,San Diego,1,2026-01-23 04:00:00
1647.63,551,purchase,Philadelphia,0,2026-01-23 05:00:00
7731.51,810,purchase,New York,0,2026-01-23 06:00:00
405.51,913,refund,Philadelphia,0,2026-01-23 07:00:00
512.96,447,purchase,Phoenix,0,2026-01-23 08:00:00
539.15,90,purchase,San Diego,0,2026-01-23 09:00:00
1248.87,430,refund,Los Angeles,0,2026-01-23 10:00:00
378.78,219,purchase,San Antonio,0,2026-01-23 11:00:00
1671.12,107,purchase,Philadelphia,0,2026-01-23 12:00:00
2557.64,476,purchase,New York,0,2026-01-23 13:00:00
1871.22,916,purchase,San Diego,0,2026-01-23 14:00:00
187.09,454,purchase,Philadelphia,0,2026-01-23 15:00:00
2966.59,904,purchase,Chicago,0,2026-01-23 16:00:00
2799.98,608,purchase,Phoenix,0,2026-01-23 17:00:00
2515.34,915,purchase,San Antonio,0,2026-01-23 18:00:00
1592.15,544,purchase,Dallas,0,2026-01-23 19:00:00
1366.75,126,purchase,Houston,0,2026-01-23 20:00:00
3079.09,147,refund,Los Angeles,0,2026-01-23 21:00:00
7506.42,280,purchase,Chicago,0,2026-01-23 22:00:00
422.83,24,purchase,San Antonio,0,2026-01-23 23:00:00
3223.19,952,purchase,San Diego,0,2026-01-24 00:00:00
1006.05,721,purchase,Phoenix,0,2026-01-24 01:00:00
963.26,120,purchase,Chicago,0,2026-01-24 02:00:00
235.91,786,purchase,New York,0,2026-01-24 03:00:00
824.86,652,refund,Austin,0,2026-01-24 04:00:00
404.53,297,refund,New York,0,2026-01-24 05:00:00
689.62,855,refund,Los Angeles,0,2026-01-24 06:00:00
365.7,944,purchase,Phoenix,0,2026-01-24 07:00:00
700.01,82,refund,Chicago,0,2026-01-24 08:00:00
730.62,448,purchase,San Antonio,0,2026-01-24 09:00:00
1208.04,912,refund,Los Angeles,0,2026-01-24 10:00:00
218.16,720,refund,Los Angeles,0,2026-01-24 11:00:00
258.39,996,refund,Chicago,0,2026-01-24 12:00:00
1574.85,919,purchase,New York,0,2026-01-24 13:00:00
494.01,470,purchase,Los Angeles,0,2026-01-24 14:00:00
3211.62,423,purchase,Phoenix,0,2026-01-24 15:00:00
1373.71,545,purchase,Chicago,0,2026-01-24 16:00:00
2011.75,24,purchase,Austin,0,2026-01-24 17:00:00
4494.87,61,purchase,Philadelphia,0,2026-01-24 18:00:00
804.55,823,purchase,Los Angeles,0,2026-01-24 19:00:00
617.4,701,purchase,San Diego,0,2026-01-24 20:00:00
2622.03,84,purchase,Houston,0,2026-01-24 21:00:00
1825.33,225,refund,Chicago,0,2026-01-24 22:00:00
909.3,991,purchase,Phoenix,0,2026-01-24 23:00:00
4409.24,680,purchase,San Diego,0,2026-01-25 00:00:00
886.92,186,purchase,Dallas,0,2026-01-25 01:00:00
1133.17,375,purchase,New York,0,2026-01-25 02:00:00
1120.16,72,purchase,Houston,0,2026-01-25 03:00:00
430.7,74,purchase,Philadelphia,0,2026-01-25 04:00:00
1185.1,897,refund,Philadelphia,0,2026-01-25 05:00:00
4432.68,341,purchase,Dallas,0,2026-01-25 06:00:00
1711.23,153,purchase,New York,0,2026-01-25 07:00:00
1131.23,96,purchase,Phoenix,0,2026-01-25 08:00:00
932.84,565,purchase,Austin,0,2026-01-25 09:00:00
1526.7,445,purchase,New York,0,2026-01-25 10:00:00
2321.03,686,purchase,Philadelphia,0,2026-01-25 11:00:00
2016.74,110,purchase,Dallas,0,2026-01-25 12:00:00
786.93,458,purchase,Houston,0,2026-01-25 13:00:00
1517.44,828,purchase,Austin,0,2026-01-25 14:00:00
1772.13,51,purchase,Austin,0,2026-01-25 15:00:00
400.54,377,refund,Dallas,0,2026-01-25 16:00:00
1297.55,765,purchase,Chicago,0,2026-01-25 17:00:00
126.3,73,refund,San Antonio,0,2026-01-25 18:00:00
1776.74,212,purchase,Phoenix,0,2026-01-25 19:00:00
2122.49,432,purchase,Austin,0,2026-01-25 20:00:00
2315.88,724,purchase,New York,0,2026-01-25 21:00:00
738.75,763,purchase,San Antonio,0,2026-01-25 22:00:00
1493.75,168,purchase,San Diego,0,2026-01-25 23:00:00
4554.88,775,purchase,Philadelphia,0,2026-01-26 00:00:00
4508.72,331,purchase,New York,0,2026-01-26 01:00:00
1065.1,981,purchase,Dallas,0,2026-01-26 02:00:00
1260.57,742,refund,San Antonio,0,2026-01-26 03:00:00
3330.61,751,refund,Philadelphia,0,2026-01-26 04:00:00
244.5,787,purchase,Houston,0,2026-01-26 05:00:00
793.87,494,purchase,Chicago,0,2026-01-26 06:00:00
4169.58,143,purchase,Houston,0,2026-01-26 07:00:00
2907.94,582,purchase,New York,0,2026-01-26 08:00:00
1586.47,445,purchase,Dallas,0,2026-01-26 09:00:00
243.27,824,purchase,Los Angeles,0,2026-01-26 10:00:00
1043.24,394,refund,Los Angeles,0,2026-01-26 11:00:00
607.95,512,purchase,Chicago,0,2026-01-26 12:00:00
1526.97,686,purchase,New York,0,2026-01-26 13:00:00
488.16,848,purchase,Austin,0,2026-01-26 14:00:00
393.18,621,purchase,Chicago,0,2026-01-26 15:00:00
139.09,715,purchase,Houston,0,2026-01-26 16:00:00
3721.21,697,purchase,Dallas,0,2026-01-26 17:00:00
735.26,803,purchase,Phoenix,0,2026-01-26 18:00:00
1283.24,328,refund,Philadelphia,0,2026-01-26 19:00:00
1094.18,604,purchase,New York,0,2026-01-26 20:00:00
377.12,259,purchase,Chicago,0,2026-01-26 21:00:00
311.36,834,refund,San Antonio,0,2026-01-26 22:00:00
401.29,437,purchase,San Antonio,0,2026-01-26 23:00:00
532.1,718,purchase,Austin,0,2026-01-27 00:00:00
1582.25,564,purchase,New York,0,2026-01-27 01:00:00
494.86,349,refund,Dallas,1,2026-01-27 02:00:00
6288.58,693,purchase,New York,0,2026-01-27 03:00:00
3063.0,950,purchase,San Antonio,0,2026-01-27 04:00:00
2461.09,815,purchase,Los Angeles,0,2026-01-27 05:00:00
972.96,515,purchase,Dallas,0,2026-01-27 06:00:00
4985.46,449,purchase,Dallas,0,2026-01-27 07:00:00
881.83,399,purchase,Dallas,0,2026-01-27 08:00:00
1062.88,596,refund,Houston,0,2026-01-27 09:00:00
1299.81,214,purchase,Philadelphia,0,2026-01-27 10:00:00
2212.38,546,refund,Los Angeles,0,2026-01-27 11:00:00
2073.32,562,purchase,Chicago,0,2026-01-27 12:00:00
681.89,289,purchase,Philadelphia,0,2026-01-27 13:00:00
643.55,841,refund,New York,0,2026-01-27 14:00:00
2079.54,259,purchase,San Antonio,0,2026-01-27 15:00:00
2242.25,258,purchase,Los Angeles,0,2026-01-27 16:00:00
740.0,388,purchase,San Diego,0,2026-01-27 17:00:00
224.26,784,purchase,Phoenix,0,2026-01-27 18:00:00
891.3,694,purchase,San Antonio,0,2026-01-27 19:00:00
2045.76,545,purchase,San Diego,0,2026-01-27 20:00:00
6670.28,265,purchase,Chicago,0,2026-01-27 21:00:00
330.97,313,purchase,Philadelphia,0,2026-01-27 22:00:00
715.82,40,purchase,Dallas,0,2026-01-27 23:00:00
742.93,998,purchase,Houston,0,2026-01-28 00:00:00
4254.81,820,purchase,Austin,0,2026-01-28 01:00:00
1058.98,210,purchase,San Antonio,0,2026-01-28 02:00:00
442.6,272,purchase,New York,0,2026-01-28 03:00:00
1917.34,136,refund,San Antonio,0,2026-01-28 04:00:00
731.69,599,purchase,Dallas,0,2026-01-28 05:00:00
322.34,60,purchase,Austin,0,2026-01-28 06:00:00
449.09,510,purchase,San Diego,0,2026-01-28 07:00:00
6210.78,676,purchase,Houston,0,2026-01-28 08:00:00
1610.35,515,purchase,Chicago,0,2026-01-28 09:00:00
1221.41,15,purchase,San Antonio,0,2026-01-28 10:00:00
854.15,614,purchase,New York,0,2026-01-28 11:00:00
1468.72,255,purchase,San Diego,0,2026-01-28 12:00:00
1451.33,737,purchase,New York,0,2026-01-28 13:00:00
1468.75,722,purchase,San Antonio,0,2026-01-28 14:00:00
1230.09,535,purchase,Philadelphia,0,2026-01-28 15:00:00
2614.42,235,purchase,Austin,0,2026-01-28 16:00:00
1122.27,131,refund,San Diego,0,2026-01-28 17:00:00
412.43,670,purchase,Philadelphia,0,2026-01-28 18:00:00
594.41,685,purchase,Phoenix,0,2026-01-28 19:00:00
151.56,17,purchase,Dallas,0,2026-01-28 20:00:00
8323.33,882,purchase,Houston,0,2026-01-28 21:00:00
2598.67,954,purchase,San Antonio,0,2026-01-28 22:00:00
478.15,826,purchase,Philadelphia,0,2026-01-28 23:00:00
827.29,992,purchase,Austin,0,2026-01-29 00:00:00
580.06,878,purchase,Philadelphia,0,2026-01-29 01:00:00
5128.39,185,purchase,Phoenix,0,2026-01-29 02:00:00
265.1,391,refund,Los Angeles,0,2026-01-29 03:00:00
1229.64,423,purchase,Houston,0,2026-01-29 04:00:00
983.85,846,purchase,New York,0,2026-01-29 05:00:00
2506.99,442,purchase,Dallas,0,2026-01-29 06:00:00
988.3,696,purchase,Dallas,0,2026-01-29 07:00:00
189.01,655,purchase,San Diego,0,2026-01-29 08:00:00
853.1,556,purchase,Houston,0,2026-01-29 09:00:00
414.82,12,refund,Phoenix,0,2026-01-29 10:00:00
1187.47,520,purchase,New York,0,2026-01-29 11:00:00
4601.68,80,purchase,Houston,0,2026-01-29 12:00:00
192.59,809,purchase,Houston,0,2026-01-29 13:00:00
492.64,674,purchase,Phoenix,0,2026-01-29 14:00:00
631.0,302,refund,Los Angeles,0,2026-01-29 15:00:00
748.72,216,purchase,Los Angeles,0,2026-01-29 16:00:00
2298.76,248,refund,Los Angeles,1,2026-01-29 17:00:00
921.92,541,purchase,San Diego,0,2026-01-29 18:00:00
1662.04,272,purchase,Los Angeles,0,2026-01-29 19:00:00
586.53,133,refund,Philadelphia,0,2026-01-29 20:00:00
1380.12,5,purchase,Los Angeles,0,2026-01-29 21:00:00
2387.01,756,purchase,San Diego,0,2026-01-29 22:00:00
527.26,542,purchase,New York,0,2026-01-29 23:00:00
2395.53,629,purchase,Los Angeles,0,2026-01-30 00:00:00
1155.6,690,purchase,Phoenix,0,2026-01-30 01:00:00
3119.6,773,purchase,Philadelphia,0,2026-01-30 02:00:00
896.57,747,purchase,Dallas,0,2026-01-30 03:00:00
1605.59,141,purchase,Philadelphia,0,2026-01-30 04:00:00
1053.0,483,refund,San Diego,0,2026-01-30 05:00:00
996.04,305,purchase,San Antonio,0,2026-01-30 06:00:00
1420.74,345,purchase,New York,0,2026-01-30 07:00:00
1875.83,562,purchase,Los Angeles,0,2026-01-30 08:00:00
314.33,270,purchase,Houston,0,2026-01-30 09:00:00
4599.18,108,purchase,New York,0,2026-01-30 10:00:00
170.77,558,purchase,San Diego,0,2026-01-30 11:00:00
552.91,474,purchase,Houston,0,2026-01-30 12:00:00
997.98,82,purchase,San Antonio,0,2026-01-30 13:00:00
1656.32,638,purchase,San Antonio,0,2026-01-30 14:00:00
5303.77,84,purchase,San Diego,0,2026-01-30 15:00:00
171.01,290,purchase,Dallas,0,2026-01-30 16:00:00
660.04,71,purchase,Dallas,0,2026-01-30 17:00:00
130.73,175,purchase,San Antonio,0,2026-01-30 18:00:00
1131.86,828,purchase,Dallas,0,2026-01-30 19:00:00
1438.97,842,purchase,Phoenix,0,2026-01-30 20:00:00
5381.89,463,purchase,Austin,0,2026-01-30 21:00:00
1237.24,849,refund,Houston,0,2026-01-30 22:00:00
3115.13,395,purchase,Chicago,0,2026-01-30 23:00:00
1966.16,866,purchase,Philadelphia,0,2026-01-31 00:00:00
709.64,91,purchase,Austin,0,2026-01-31 01:00:00
268.01,469,purchase,Dallas,1,2026-01-31 02:00:00
1443.75,863,purchase,Houston,0,2026-01-31 03:00:00
246.63,434,refund,Los Angeles,0,2026-01-31 04:00:00
4004.63,249,purchase,Chicago,0,2026-01-31 05:00:00
932.56,644,purchase,Chicago,0,2026-01-31 06:00:00
3623.43,681,purchase,Los Angeles,0,2026-01-31 07:00:00
678.43,955,purchase,Dallas,0,2026-01-31 08:00:00
1434.9,572,purchase,Houston,0,2026-01-31 09:00:00
1352.01,881,purchase,Chicago,0,2026-01-31 10:00:00
1048.33,849,refund,Austin,0,2026-01-31 11:00:00
711.48,241,purchase,Philadelphia,0,2026-01-31 12:00:00
1623.69,702,purchase,San Diego,0,2026-01-31 13:00:00
434.34,496,refund,San Diego,0,2026-01-31 14:00:00
327.2,340,purchase,Austin,0,2026-01-31 15:00:00
3800.27,793,purchase,Philadelphia,0,2026-01-31 16:00:00
2269.17,744,purchase,Phoenix,0,2026-01-31 17:00:00
1171.33,471,refund,San Antonio,0,2026-01-31 18:00:00
5797.27,463,purchase,Chicago,0,2026-01-31 19:00:00
839.02,801,purchase,Austin,0,2026-01-31 20:00:00
4116.27,275,purchase,Los Angeles,0,2026-01-31 21:00:00
1307.11,825,purchase,San Diego,0,2026-01-31 22:00:00
393.57,15,purchase,Dallas,0,2026-01-31 23:00:00
6960.73,41,refund,Philadelphia,0,2026-02-01 00:00:00
2953.4,965,purchase,Houston,0,2026-02-01 01:00:00
971.63,208,purchase,Philadelphia,0,2026-02-01 02:00:00
2269.17,60,purchase,San Antonio,0,2026-02-01 03:00:00
732.38,365,refund,San Diego,0,2026-02-01 04:00:00
2512.79,240,purchase,Chicago,0,2026-02-01 05:00:00
100.38,608,refund,Philadelphia,0,2026-02-01 06:00:00
395.52,790,refund,Austin,1,2026-02-01 07:00:00
2919.77,939,refund,Philadelphia,0,2026-02-01 08:00:00
854.35,160,refund,Austin,0,2026-02-01 09:00:00
1349.57,397,refund,San Antonio,0,2026-02-01 10:00:00
285.21,934,purchase,Houston,0,2026-02-01 11:00:00
6959.53,794,purchase,Philadelphia,0,2026-02-01 12:00:00
3606.63,500,purchase,Los Angeles,0,2026-02-01 13:00:00
897.23,209,purchase,San Diego,0,2026-02-01 14:00:00
731.65,133,purchase,Chicago,0,2026-02-01 15:00:00
3070.53,381,purchase,Dallas,0,2026-02-01 16:00:00
7962.28,433,purchase,San Diego,0,2026-02-01 17:00:00
2846.26,609,refund,Philadelphia,0,2026-02-01 18:00:00
9621.95,731,purchase,Austin,0,2026-02-01 19:00:00
436.0,389,purchase,Los Angeles,0,2026-02-01 20:00:00
483.29,997,purchase,San Diego,0,2026-02-01 21:00:00
333.97,583,purchase,Philadelphia,0,2026-02-01 22:00:00
1705.75,432,purchase,New York,0,2026-02-01 23:00:00
1307.15,274,refund,Philadelphia,0,2026-02-02 00:00:00
942.04,351,purchase,Phoenix,0,2026-02-02 01:00:00
2463.3,134,purchase,Philadelphia,0,2026-02-02 02:00:00
3760.58,66,purchase,New York,0,2026-02-02 03:00:00
238.49,639,purchase,Houston,0,2026-02-02 04:00:00
603.67,205,purchase,San Antonio,0,2026-02-02 05:00:00
2490.26,298,purchase,Phoenix,0,2026-02-02 06:00:00
686.95,117,refund,Philadelphia,0,2026-02-02 07:00:00
493.63,948,purchase,Los Angeles,0,2026-02-02 08:00:00
3036.73,267,purchase,San Diego,0,2026-02-02 09:00:00
302.02,794,refund,Austin,0,2026-02-02 10:00:00
811.12,149,refund,Houston,0,2026-02-02 11:00:00
1523.31,194,purchase,Philadelphia,0,2026-02-02 12:00:00
617.81,680,purchase,Chicago,0,2026-02-02 13:00:00
2399.84,824,purchase,Dallas,0,2026-02-02 14:00:00
620.87,886,purchase,San Diego,0,2026-02-02 15:00:00
4485.56,179,purchase,Philadelphia,0,2026-02-02 16:00:00
967.05,148,purchase,Dallas,0,2026-02-02 17:00:00
2145.81,465,purchase,Austin,0,2026-02-02 18:00:00
2312.36,976,purchase,Dallas,0,2026-02-02 19:00:00
585.5,569,purchase,Los Angeles,0,2026-02-02 20:00:00
140.68,5,refund,Dallas,0,2026-02-02 21:00:00
1573.02,526,purchase,San Diego,0,2026-02-02 22:00:00
1178.84,280,purchase,Los Angeles,0,2026-02-02 23:00:00
1911.85,499,purchase,Dallas,0,2026-02-03 00:00:00
874.34,836,purchase,Phoenix,0,2026-02-03 01:00:00
713.06,436,purchase,Dallas,0,2026-02-03 02:00:00
8172.03,816,purchase,Chicago,0,2026-02-03 03:00:00
251.55,216,purchase,Houston,0,2026-02-03 04:00:00
2284.61,687,purchase,New York,0,2026-02-03 05:00:00
617.33,828,purchase,Phoenix,0,2026-02-03 06:00:00
783.85,969,purchase,San Antonio,0,2026-02-03 07:00:00
798.63,515,purchase,San Antonio,0,2026-02-03 08:00:00
491.06,887,purchase,Philadelphia,0,2026-02-03 09:00:00
1941.52,137,purchase,Philadelphia,0,2026-02-03 10:00:00
4405.65,978,purchase,San Diego,0,2026-02-03 11:00:00
1754.63,612,purchase,Austin,0,2026-02-03 12:00:00
1216.07,595,purchase,Dallas,0,2026-02-03 13:00:00
408.94,280,purchase,Houston,0,2026-02-03 14:00:00
1838.72,132,purchase,Houston,0,2026-02-03 15:00:00
9474.41,393,purchase,San Diego,0,2026-02-03 16:00:00
749.42,481,purchase,Phoenix,0,2026-02-03 17:00:00
752.96,513,refund,Austin,0,2026-02-03 18:00:00
625.72,628,purchase,Dallas,0,2026-02-03 19:00:00
672.22,419,purchase,Philadelphia,0,2026-02-03 20:00:00
70.44,202,refund,Dallas,0,2026-02-03 21:00:00
1644.24,652,purchase,Houston,0,2026-02-03 22:00:00
470.81,658,purchase,New York,0,2026-02-03 23:00:00
219.15,462,purchase,Houston,0,2026-02-04 00:00:00
2328.99,778,purchase,Dallas,0,2026-02-04 01:00:00
371.66,202,purchase,San Antonio,0,2026-02-04 02:00:00
781.59,914,purchase,Philadelphia,0,2026-02-04 03:00:00
4752.58,152,purchase,Los Angeles,0,2026-02-04 04:00:00
267.95,897,purchase,Houston,0,2026-02-04 05:00:00
236.84,222,purchase,New York,0,2026-02-04 06:00:00
1435.55,79,purchase,Chicago,0,2026-02-04 07:00:00
3461.6,200,purchase,Los Angeles,0,2026-02-04 08:00:00
227.16,762,purchase,Houston,0,2026-02-04 09:00:00
1648.61,99,purchase,Houston,0,2026-02-04 10:00:00
1960.59,978,purchase,Dallas,0,2026-02-04 11:00:00
139.89,912,purchase,San Antonio,0,2026-02-04 12:00:00
2436.95,213,purchase,Chicago,0,2026-02-04 13:00:00
2634.91,143,refund,San Antonio,0,2026-02-04 14:00:00
802.89,702,purchase,San Diego,0,2026-02-04 15:00:00
3836.62,389,purchase,San Antonio,0,2026-02-04 16:00:00
3416.79,813,purchase,San Diego,0,2026-02-04 17:00:00
1215.75,374,purchase,Dallas,0,2026-02-04 18:00:00
698.23,52,purchase,New York,0,2026-02-04 19:00:00
414.54,967,purchase,Austin,0,2026-02-04 20:00:00
1056.2,624,refund,Philadelphia,1,2026-02-04 21:00:00
1938.67,135,purchase,Houston,0,2026-02-04 22:00:00
793.0,411,refund,New York,0,2026-02-04 23:00:00
121.81,985,purchase,Los Angeles,0,2026-02-05 00:00:00
3899.93,470,purchase,Austin,0,2026-02-05 01:00:00
1326.4,112,purchase,Houston,0,2026-02-05 02:00:00
750.23,525,refund,New York,0,2026-02-05 03:00:00
2584.17,785,purchase,Philadelphia,0,2026-02-05 04:00:00
5037.37,745,purchase,New York,0,2026-02-05 05:00:00
66.56,44,refund,Dallas,0,2026-02-05 06:00:00
1693.01,397,purchase,Austin,0,2026-02-05 07:00:00
263.31,986,purchase,Chicago,0,2026-02-05 08:00:00
1806.43,585,purchase,New York,0,2026-02-05 09:00:00
1246.29,261,purchase,Philadelphia,0,2026-02-05 10:00:00
2070.88,743,refund,Philadelphia,0,2026-02-05 11:00:00
665.64,545,purchase,San Antonio,0,2026-02-05 12:00:00
168.47,388,purchase,San Antonio,0,2026-02-05 13:00:00
698.99,476,purchase,Austin,0,2026-02-05 14:00:00
1647.23,410,purchase,Houston,0,2026-02-05 15:00:00
3027.2,580,purchase,Phoenix,0,2026-02-05 16:00:00
339.74,16,purchase,Chicago,0,2026-02-05 17:00:00
3062.73,997,purchase,Philadelphia,0,2026-02-05 18:00:00
573.71,662,purchase,San Antonio,0,2026-02-05 19:00:00
1575.69,804,purchase,Dallas,0,2026-02-05 20:00:00
658.59,102,purchase,Dallas,0,2026-02-05 21:00:00
1315.76,186,purchase,Phoenix,0,2026-02-05 22:00:00
2675.46,951,purchase,Houston,0,2026-02-05 23:00:00
321.5,931,purchase,San Antonio,0,2026-02-06 00:00:00
555.63,25,refund,Chicago,0,2026-02-06 01:00:00
1319.44,72,purchase,Houston,0,2026-02-06 02:00:00
12107.54,593,purchase,Dallas,0,2026-02-06 03:00:00
462.58,573,purchase,Phoenix,0,2026-02-06 04:00:00
8434.91,18,purchase,Austin,0,2026-02-06 05:00:00
8139.01,754,purchase,San Antonio,0,2026-02-06 06:00:00
994.95,570,purchase,Los Angeles,0,2026-02-06 07:00:00
813.91,332,purchase,Dallas,0,2026-02-06 08:00:00
548.91,889,purchase,Phoenix,0,2026-02-06 09:00:00
1024.33,569,purchase,Phoenix,0,2026-02-06 10:00:00
268.62,97,purchase,Houston,0,2026-02-06 11:00:00
1016.13,727,purchase,San Diego,0,2026-02-06 12:00:00
4899.46,831,purchase,Houston,0,2026-02-06 13:00:00
595.21,12,purchase,Los Angeles,0,2026-02-06 14:00:00
862.02,11,purchase,Phoenix,1,2026-02-06 15:00:00
200.11,909,purchase,Chicago,0,2026-02-06 16:00:00
1594.1,163,purchase,Houston,0,2026-02-06 17:00:00
1428.64,283,purchase,Chicago,0,2026-02-06 18:00:00
1168.76,729,purchase,San Antonio,0,2026-02-06 19:00:00
882.87,872,purchase,Philadelphia,0,2026-02-06 20:00:00
818.31,835,refund,Los Angeles,0,2026-02-06 21:00:00
1811.48,241,purchase,San Diego,0,2026-02-06 22:00:00
1065.48,857,purchase,Phoenix,0,2026-02-06 23:00:00
1502.63,45,refund,Philadelphia,0,2026-02-07 00:00:00
1359.65,970,purchase,San Diego,0,2026-02-07 01:00:00
3372.56,593,purchase,San Antonio,0,2026-02-07 02:00:00
2158.12,255,purchase,Chicago,0,2026-02-07 03:00:00
1329.9,67,refund,Los Angeles,0,2026-02-07 04:00:00
5006.15,918,purchase,Chicago,0,2026-02-07 05:00:00
1669.48,614,purchase,San Diego,0,2026-02-07 06:00:00
4043.89,974,purchase,Houston,0,2026-02-07 07:00:00
2012.12,603,purchase,San Diego,0,2026-02-07 08:00:00
173.83,42,purchase,Houston,0,2026-02-07 09:00:00
4043.37,788,purchase,San Antonio,0,2026-02-07 10:00:00
1255.36,816,purchase,Philadelphia,0,2026-02-07 11:00:00
1041.11,786,purchase,Austin,0,2026-02-07 12:00:00
1452.95,384,purchase,New York,0,2026-02-07 13:00:00
776.67,589,purchase,San Diego,0,2026-02-07 14:00:00
1376.13,234,purchase,Philadelphia,0,2026-02-07 15:00:00
606.75,966,purchase,Los Angeles,0,2026-02-07 16:00:00
3921.67,714,refund,Phoenix,0,2026-02-07 17:00:00
978.88,485,purchase,Los Angeles,0,2026-02-07 18:00:00
748.01,733,purchase,Austin,0,2026-02-07 19:00:00
434.88,774,purchase,San Antonio,0,2026-02-07 20:00:00
1434.79,39,purchase,Austin,0,2026-02-07 21:00:00
1322.27,11,purchase,Philadelphia,0,2026-02-07 22:00:00
1617.16,624,purchase,San Antonio,0,2026-02-07 23:00:00
392.58,409,purchase,Philadelphia,0,2026-02-08 00:00:00
221.15,108,purchase,Austin,0,2026-02-08 01:00:00
2049.99,94,purchase,New York,0,2026-02-08 02:00:00
4839.86,823,purchase,Chicago,0,2026-02-08 03:00:00
392.94,84,purchase,Austin,0,2026-02-08 04:00:00
5374.61,58,refund,Los Angeles,0,2026-02-08 05:00:00
1456.67,293,purchase,New York,0,2026-02-08 06:00:00
1088.92,16,purchase,New York,0,2026-02-08 07:00:00
736.9,991,purchase,Houston,0,2026-02-08 08:00:00
274.65,477,purchase,New York,0,2026-02-08 09:00:00
2944.6,838,purchase,Los Angeles,0,2026-02-08 10:00:00
504.92,605,purchase,New York,0,2026-02-08 11:00:00
502.8,992,purchase,Philadelphia,0,2026-02-08 12:00:00
2956.99,969,purchase,Houston,0,2026-02-08 13:00:00
166.84,165,purchase,San Diego,0,2026-02-08 14:00:00
238.99,437,purchase,Phoenix,0,2026-02-08 15:00:00
1076.93,727,purchase,Austin,0,2026-02-08 16:00:00
1470.39,656,purchase,Phoenix,0,2026-02-08 17:00:00
1780.65,786,purchase,San Diego,0,2026-02-08 18:00:00
810.95,403,purchase,Austin,0,2026-02-08 19:00:00
13771.68,940,purchase,Philadelphia,0,2026-02-08 20:00:00
873.15,386,purchase,Philadelphia,0,2026-02-08 21:00:00
870.63,954,purchase,Chicago,0,2026-02-08 22:00:00
494.24,138,purchase,Philadelphia,0,2026-02-08 23:00:00
1241.29,716,purchase,Austin,0,2026-02-09 00:00:00
2028.32,814,refund,San Antonio,0,2026-02-09 01:00:00
3654.0,722,purchase,Los Angeles,0,2026-02-09 02:00:00
247.33,531,purchase,Chicago,0,2026-02-09 03:00:00
857.49,806,purchase,Philadelphia,0,2026-02-09 04:00:00
1714.2,293,purchase,Austin,0,2026-02-09 05:00:00
1972.5,475,purchase,Dallas,0,2026-02-09 06:00:00
1103.84,880,purchase,Dallas,0,2026-02-09 07:00:00
1886.4,462,refund,San Diego,0,2026-02-09 08:00:00
488.35,813,refund,San Diego,0,2026-02-09 09:00:00
5207.76,373,refund,Dallas,0,2026-02-09 10:00:00
2959.06,162,purchase,Dallas,0,2026-02-09 11:00:00
285.74,642,refund,Austin,0,2026-02-09 12:00:00
374.24,44,purchase,Dallas,0,2026-02-09 13:00:00
384.94,865,purchase,Phoenix,0,2026-02-09 14:00:00
2160.23,83,purchase,Philadelphia,0,2026-02-09 15:00:00
303.47,892,purchase,Phoenix,0,2026-02-09 16:00:00
787.59,636,purchase,New York,0,2026-02-09 17:00:00
1727.97,539,purchase,Houston,0,2026-02-09 18:00:00
1026.42,816,purchase,New York,0,2026-02-09 19:00:00
1420.68,862,purchase,New York,0,2026-02-09 20:00:00
377.74,519,purchase,Chicago,0,2026-02-09 21:00:00
1987.94,411,purchase,San Antonio,0,2026-02-09 22:00:00
593.95,341,refund,New York,0,2026-02-09 23:00:00
792.65,711,purchase,San Antonio,0,2026-02-10 00:00:00
1390.94,624,purchase,Austin,0,2026-02-10 01:00:00
1215.7,89,purchase,Austin,0,2026-02-10 02:00:00
1123.25,640,refund,New York,0,2026-02-10 03:00:00
517.69,230,purchase,Dallas,0,2026-02-10 04:00:00
812.77,18,purchase,Phoenix,0,2026-02-10 05:00:00
1099.03,801,purchase,Philadelphia,0,2026-02-10 06:00:00
277.25,673,refund,Dallas,0,2026-02-10 07:00:00
690.54,864,purchase,Chicago,0,2026-02-10 08:00:00
1615.95,890,purchase,Chicago,0,2026-02-10 09:00:00
305.69,281,purchase,Phoenix,0,2026-02-10 10:00:00
3486.25,910,refund,San Antonio,0,2026-02-10 11:00:00
3903.44,422,purchase,Chicago,0,2026-02-10 12:00:00
315.72,678,purchase,Houston,0,2026-02-10 13:00:00
4262.54,772,purchase,Los Angeles,0,2026-02-10 14:00:00
949.96,876,purchase,Dallas,0,2026-02-10 15:00:00
1666.56,702,purchase,Austin,0,2026-02-10 16:00:00
667.37,338,purchase,Dallas,0,2026-02-10 17:00:00
2760.16,266,refund,Los Angeles,0,2026-02-10 18:00:00
1645.98,803,purchase,Phoenix,0,2026-02-10 19:00:00
485.82,355,refund,New York,0,2026-02-10 20:00:00
342.0,360,purchase,San Diego,0,2026-02-10 21:00:00
254.6,791,refund,Philadelphia,0,2026-02-10 22:00:00
1323.38,217,purchase,Austin,0,2026-02-10 23:00:00
1943.94,321,purchase,Austin,0,2026-02-11 00:00:00
2102.68,850,purchase,Los Angeles,0,2026-02-11 01:00:00
974.59,719,purchase,Los Angeles,0,2026-02-11 02:00:00
344.81,665,purchase,Austin,0,2026-02-11 03:00:00
554.42,992,purchase,Phoenix,0,2026-02-11 04:00:00
3471.52,693,purchase,San Antonio,0,2026-02-11 05:00:00
675.44,212,purchase,Dallas,0,2026-02-11 06:00:00
1265.75,785,purchase,Dallas,0,2026-02-11 07:00:00
374.04,953,purchase,Philadelphia,0,2026-02-11 08:00:00
1535.46,203,purchase,Los Angeles,0,2026-02-11 09:00:00
693.89,717,purchase,Philadelphia,0,2026-02-11 10:00:00
3123.51,985,purchase,New York,0,2026-02-11 11:00:00
2376.91,916,purchase,Los Angeles,0,2026-02-11 12:00:00
668.0,896,purchase,Chicago,0,2026-02-11 13:00:00
966.17,153,purchase,Phoenix,0,2026-02-11 14:00:00
632.0,682,purchase,Austin,0,2026-02-11 15:00:00
265.22,429,purchase,New York,0,2026-02-11 16:00:00
465.24,753,purchase,Austin,0,2026-02-11 17:00:00
1337.05,287,purchase,Phoenix,0,2026-02-11 18:00:00
1518.17,757,purchase,Phoenix,0,2026-02-11 19:00:00
1272.26,321,purchase,Houston,0,2026-02-11 20:00:00
811.0,436,purchase,Chicago,0,2026-02-11 21:00:00
2787.96,592,purchase,San Antonio,0,2026-02-11 22:00:00
1168.58,496,purchase,San Antonio,0,2026-02-11 23:00:00
2215.55,604,purchase,New York,0,2026-02-12 00:00:00
186.09,149,purchase,San Antonio,0,2026-02-12 01:00:00
21.71,542,purchase,Chicago,0,2026-02-12 02:00:00
1456.49,635,purchase,Chicago,0,2026-02-12 03:00:00
263.81,899,purchase,Philadelphia,0,2026-02-12 04:00:00
886.74,482,purchase,Philadelphia,0,2026-02-12 05:00:00
810.7,326,purchase,Houston,0,2026-02-12 06:00:00
5363.65,939,refund,Phoenix,0,2026-02-12 07:00:00
1635.98,29,purchase,Chicago,0,2026-02-12 08:00:00
1294.47,259,purchase,Chicago,0,2026-02-12 09:00:00
2532.57,698,purchase,Dallas,0,2026-02-12 10:00:00
1585.25,929,purchase,Phoenix,0,2026-02-12 11:00:00
693.9,75,purchase,New York,0,2026-02-12 12:00:00
3201.82,557,purchase,Dallas,0,2026-02-12 13:00:00
361.5,581,refund,Austin,0,2026-02-12 14:00:00
1515.12,498,purchase,Philadelphia,0,2026-02-12 15:00:00
233.32,416,purchase,Dallas,0,2026-02-12 16:00:00
1344.72,879,purchase,San Antonio,0,2026-02-12 17:00:00
1330.07,722,refund,Austin,0,2026-02-12 18:00:00
5863.22,751,purchase,Austin,0,2026-02-12 19:00:00
229.3,340,purchase,San Antonio,0,2026-02-12 20:00:00
601.31,308,refund,Phoenix,0,2026-02-12 21:00:00
2496.59,704,purchase,San Antonio,0,2026-02-12 22:00:00
1533.51,884,purchase,Austin,0,2026-02-12 23:00:00
1313.31,615,purchase,Houston,0,2026-02-13 00:00:00
421.52,241,purchase,Philadelphia,0,2026-02-13 01:00:00
607.4,253,refund,Los Angeles,0,2026-02-13 02:00:00
3808.69,936,refund,Austin,0,2026-02-13 03:00:00
1041.58,220,refund,Chicago,0,2026-02-13 04:00:00
1596.17,397,purchase,Los Angeles,0,2026-02-13 05:00:00
977.32,986,purchase,Austin,0,2026-02-13 06:00:00
335.93,336,purchase,Los Angeles,0,2026-02-13 07:00:00
2790.04,729,purchase,San Antonio,0,2026-02-13 08:00:00
1813.9,714,purchase,Phoenix,0,2026-02-13 09:00:00
10999.85,29,purchase,Philadelphia,0,2026-02-13 10:00:00
397.19,494,purchase,Chicago,0,2026-02-13 11:00:00
2496.32,959,refund,Austin,0,2026-02-13 12:00:00
295.44,998,purchase,Phoenix,0,2026-02-13 13:00:00
1283.5,724,purchase,Phoenix,0,2026-02-13 14:00:00
2911.74,502,purchase,Houston,0,2026-02-13 15:00:00
138.08,154,purchase,Austin,0,2026-02-13 16:00:00
893.43,992,purchase,Houston,0,2026-02-13 17:00:00
624.4,231,refund,San Diego,0,2026-02-13 18:00:00
543.51,102,purchase,Philadelphia,0,2026-02-13 19:00:00
1611.97,827,purchase,Los Angeles,0,2026-02-13 20:00:00
3363.33,177,purchase,Los Angeles,0,2026-02-13 21:00:00
959.8,693,purchase,Los Angeles,0,2026-02-13 22:00:00
1346.8,984,purchase,Philadelphia,0,2026-02-13 23:00:00
1229.43,927,purchase,New York,0,2026-02-14 00:00:00
1098.61,232,purchase,Chicago,0,2026-02-14 01:00:00
368.95,12,purchase,New York,0,2026-02-14 02:00:00
3322.41,186,purchase,Houston,0,2026-02-14 03:00:00
1473.2,761,purchase,New York,0,2026-02-14 04:00:00
1627.63,932,purchase,Dallas,0,2026-02-14 05:00:00
489.55,266,purchase,Philadelphia,0,2026-02-14 06:00:00
692.83,902,purchase,San Diego,0,2026-02-14 07:00:00
919.53,135,purchase,Los Angeles,0,2026-02-14 08:00:00
236.48,757,purchase,Philadelphia,0,2026-02-14 09:00:00
202.75,31,purchase,Houston,0,2026-02-14 10:00:00
601.4,859,purchase,San Antonio,0,2026-02-14 11:00:00
1849.22,456,purchase,San Diego,0,2026-02-14 12:00:00
570.7,259,purchase,Philadelphia,0,2026-02-14 13:00:00
395.91,104,purchase,New York,0,2026-02-14 14:00:00
485.57,431,purchase,San Diego,0,2026-02-14 15:00:00
695.52,382,purchase,New York,0,2026-02-14 16:00:00
769.81,469,purchase,Dallas,0,2026-02-14 17:00:00
9561.71,513,purchase,Los Angeles,0,2026-02-14 18:00:00
3148.31,941,purchase,Austin,0,2026-02-14 19:00:00
3055.73,950,purchase,Philadelphia,0,2026-02-14 20:00:00
3528.33,946,purchase,San Diego,0,2026-02-14 21:00:00
403.9,207,refund,Phoenix,0,2026-02-14 22:00:00
322.99,647,purchase,Los Angeles,0,2026-02-14 23:00:00
362.54,447,purchase,Phoenix,0,2026-02-15 00:00:00
4165.14,783,purchase,New York,0,2026-02-15 01:00:00
634.48,89,purchase,San Diego,0,2026-02-15 02:00:00
313.76,195,purchase,San Diego,0,2026-02-15 03:00:00
712.66,414,purchase,Los Angeles,0,2026-02-15 04:00:00
863.85,122,refund,Philadelphia,0,2026-02-15 05:00:00
1434.27,462,purchase,San Diego,0,2026-02-15 06:00:00
1409.44,116,purchase,Austin,0,2026-02-15 07:00:00
479.06,196,purchase,San Diego,0,2026-02-15 08:00:00
2176.9,36,purchase,San Antonio,0,2026-02-15 09:00:00
578.71,67,purchase,Chicago,0,2026-02-15 10:00:00
937.98,645,purchase,Houston,0,2026-02-15 11:00:00
2179.33,281,purchase,New York,0,2026-02-15 12:00:00
577.19,479,purchase,Dallas,0,2026-02-15 13:00:00
620.58,11,purchase,Austin,0,2026-02-15 14:00:00
1981.62,968,purchase,Austin,0,2026-02-15 15:00:00
465.11,730,purchase,Los Angeles,0,2026-02-15 16:00:00
746.36,322,purchase,Austin,0,2026-02-15 17:00:00
1911.69,668,purchase,San Antonio,0,2026-02-15 18:00:00
8553.47,240,purchase,San Diego,0,2026-02-15 19:00:00
2009.02,60,purchase,Houston,0,2026-02-15 20:00:00
1759.24,650,purchase,Austin,0,2026-02-15 21:00:00
1864.6,562,purchase,New York,0,2026-02-15 22:00:00
374.96,679,purchase,Phoenix,0,2026-02-15 23:00:00
1231.02,165,refund,Austin,0,2026-02-16 00:00:00
1064.47,831,purchase,Austin,0,2026-02-16 01:00:00
1512.6,189,purchase,Philadelphia,0,2026-02-16 02:00:00
1232.14,487,purchase,San Antonio,0,2026-02-16 03:00:00
1603.11,981,purchase,New York,0,2026-02-16 04:00:00
803.14,92,purchase,Houston,0,2026-02-16 05:00:00
1162.83,806,purchase,Phoenix,0,2026-02-16 06:00:00
321.23,888,purchase,Phoenix,0,2026-02-16 07:00:00
796.39,289,purchase,San Antonio,0,2026-02-16 08:00:00
4406.49,509,purchase,Houston,0,2026-02-16 09:00:00
1508.41,75,purchase,Austin,0,2026-02-16 10:00:00
1073.93,557,purchase,San Antonio,0,2026-02-16 11:00:00
7303.6,428,purchase,San Diego,0,2026-02-16 12:00:00
281.23,385,purchase,Los Angeles,0,2026-02-16 13:00:00
361.6,53,purchase,New York,0,2026-02-16 14:00:00
6079.7,175,purchase,Austin,0,2026-02-16 15:00:00
1148.21,673,refund,Austin,0,2026-02-16 16:00:00
860.42,579,purchase,New York,0,2026-02-16 17:00:00
330.56,474,purchase,New York,0,2026-02-16 18:00:00
1715.91,911,purchase,Dallas,0,2026-02-16 19:00:00
1890.24,361,purchase,Houston,0,2026-02-16 20:00:00
367.05,270,purchase,Dallas,0,2026-02-16 21:00:00
953.1,407,purchase,San Antonio,0,2026-02-16 22:00:00
784.06,124,purchase,San Antonio,0,2026-02-16 23:00:00
1416.55,694,purchase,Los Angeles,0,2026-02-17 00:00:00
358.08,376,refund,Los Angeles,0,2026-02-17 01:00:00
3835.09,392,purchase,Phoenix,0,2026-02-17 02:00:00
2740.3,182,purchase,Austin,0,2026-02-17 03:00:00
762.67,36,purchase,New York,0,2026-02-17 04:00:00
883.23,212,purchase,San Antonio,0,2026-02-17 05:00:00
956.78,896,purchase,San Antonio,0,2026-02-17 06:00:00
503.55,948,purchase,San Diego,0,2026-02-17 07:00:00
703.85,134,purchase,San Antonio,0,2026-02-17 08:00:00
836.92,865,purchase,San Diego,0,2026-02-17 09:00:00
5502.01,924,purchase,Chicago,0,2026-02-17 10:00:00
2826.0,690,purchase,Chicago,0,2026-02-17 11:00:00
2792.39,678,purchase,San Diego,0,2026-02-17 12:00:00
1587.52,926,purchase,Dallas,0,2026-02-17 13:00:00
358.77,491,refund,Austin,0,2026-02-17 14:00:00
1052.06,849,purchase,Houston,0,2026-02-17 15:00:00
2894.27,841,purchase,San Diego,0,2026-02-17 16:00:00
311.6,988,purchase,New York,0,2026-02-17 17:00:00
2072.59,438,purchase,Los Angeles,0,2026-02-17 18:00:00
11188.14,839,refund,Austin,0,2026-02-17 19:00:00
3171.05,46,purchase,Austin,0,2026-02-17 20:00:00
4509.89,668,purchase,Austin,0,2026-02-17 21:00:00
1364.22,401,purchase,Dallas,0,2026-02-17 22:00:00
2886.88,488,purchase,Los Angeles,0,2026-02-17 23:00:00
534.94,432,purchase,Los Angeles,0,2026-02-18 00:00:00
2430.53,428,purchase,San Diego,0,2026-02-18 01:00:00
2109.88,748,purchase,Phoenix,0,2026-02-18 02:00:00
1465.44,828,purchase,Phoenix,0,2026-02-18 03:00:00
4088.8,572,purchase,Philadelphia,0,2026-02-18 04:00:00
639.84,517,purchase,San Diego,0,2026-02-18 05:00:00
909.54,965,purchase,San Diego,0,2026-02-18 06:00:00
1206.48,462,purchase,Dallas,0,2026-02-18 07:00:00
391.66,966,purchase,Austin,0,2026-02-18 08:00:00
1375.99,903,purchase,Chicago,0,2026-02-18 09:00:00
196.58,181,refund,Dallas,0,2026-02-18 10:00:00
3124.27,145,purchase,Chicago,0,2026-02-18 11:00:00
1148.99,827,purchase,New York,0,2026-02-18 12:00:00
651.39,265,purchase,Phoenix,0,2026-02-18 13:00:00
476.1,735,purchase,San Antonio,0,2026-02-18 14:00:00
867.33,406,purchase,Chicago,0,2026-02-18 15:00:00
2182.57,813,purchase,Dallas,0,2026-02-18 16:00:00
1896.45,969,purchase,New York,0,2026-02-18 17:00:00
541.56,955,purchase,Philadelphia,0,2026-02-18 18:00:00
470.58,848,purchase,Philadelphia,0,2026-02-18 19:00:00
2115.19,484,purchase,San Diego,0,2026-02-18 20:00:00
532.54,482,purchase,Chicago,0,2026-02-18 21:00:00
1164.34,237,purchase,Phoenix,0,2026-02-18 22:00:00
1241.1,525,purchase,Austin,0,2026-02-18 23:00:00
1498.26,339,purchase,Phoenix,0,2026-02-19 00:00:00
2587.04,268,purchase,San Diego,0,2026-02-19 01:00:00
310.14,932,purchase,San Antonio,0,2026-02-19 02:00:00
162.2,266,purchase,Chicago,0,2026-02-19 03:00:00
621.76,528,purchase,San Antonio,0,2026-02-19 04:00:00
6644.39,92,purchase,Austin,0,2026-02-19 05:00:00
8284.77,248,purchase,San Diego,0,2026-02-19 06:00:00
6844.34,19,purchase,Phoenix,0,2026-02-19 07:00:00
904.17,872,purchase,Phoenix,0,2026-02-19 08:00:00
184.54,390,purchase,New York,0,2026-02-19 09:00:00
105.32,388,refund,San Diego,0,2026-02-19 10:00:00
593.46,926,purchase,Philadelphia,0,2026-02-19 11:00:00
899.58,615,refund,Philadelphia,0,2026-02-19 12:00:00
4026.39,95,purchase,Phoenix,0,2026-02-19 13:00:00
2611.83,430,purchase,Phoenix,0,2026-02-19 14:00:00
1376.65,795,purchase,Chicago,0,2026-02-19 15:00:00
450.41,941,purchase,Chicago,0,2026-02-19 16:00:00
419.57,725,purchase,Los Angeles,0,2026-02-19 17:00:00
1413.93,37,refund,Dallas,0,2026-02-19 18:00:00
2201.85,393,purchase,San Diego,0,2026-02-19 19:00:00
1622.76,573,purchase,Chicago,0,2026-02-19 20:00:00
389.71,291,purchase,Phoenix,0,2026-02-19 21:00:00
2102.05,874,purchase,Austin,0,2026-02-19 22:00:00
1678.93,303,refund,Phoenix,0,2026-02-19 23:00:00
375.9,756,purchase,San Diego,0,2026-02-20 00:00:00
500.54,917,purchase,Philadelphia,0,2026-02-20 01:00:00
2183.09,401,purchase,San Antonio,0,2026-02-20 02:00:00
867.39,823,purchase,Phoenix,0,2026-02-20 03:00:00
5373.03,344,purchase,New York,0,2026-02-20 04:00:00
1810.09,863,purchase,San Diego,0,2026-02-20 05:00:00
674.09,518,purchase,Houston,0,2026-02-20 06:00:00
1085.5,377,purchase,Phoenix,0,2026-02-20 07:00:00
1168.39,931,purchase,New York,0,2026-02-20 08:00:00
529.33,818,purchase,Chicago,0,2026-02-20 09:00:00
440.28,165,purchase,Los Angeles,0,2026-02-20 10:00:00
2211.42,13,purchase,Los Angeles,0,2026-02-20 11:00:00
2553.64,25,purchase,New York,0,2026-02-20 12:00:00
2005.77,736,purchase,Philadelphia,0,2026-02-20 13:00:00
4990.63,123,purchase,San Diego,0,2026-02-20 14:00:00
637.93,129,purchase,Chicago,0,2026-02-20 15:00:00
5850.43,817,purchase,New York,0,2026-02-20 16:00:00
445.45,634,purchase,Austin,0,2026-02-20 17:00:00
398.34,547,purchase,Los Angeles,0,2026-02-20 18:00:00
188.68,595,purchase,Chicago,0,2026-02-20 19:00:00
702.19,309,purchase,Philadelphia,0,2026-02-20 20:00:00
662.67,436,purchase,Chicago,0,2026-02-20 21:00:00
1855.55,182,purchase,Dallas,0,2026-02-20 22:00:00
1399.53,588,purchase,New York,0,2026-02-20 23:00:00
332.63,616,purchase,San Antonio,0,2026-02-21 00:00:00
740.46,744,purchase,Austin,0,2026-02-21 01:00:00
756.38,815,purchase,San Diego,0,2026-02-21 02:00:00
185.68,43,purchase,Dallas,0,2026-02-21 03:00:00
411.19,404,purchase,San Diego,0,2026-02-21 04:00:00
507.34,929,refund,Phoenix,0,2026-02-21 05:00:00
4599.14,605,purchase,New York,0,2026-02-21 06:00:00
1328.03,656,purchase,New York,0,2026-02-21 07:00:00
2126.36,766,purchase,San Diego,0,2026-02-21 08:00:00
245.03,590,purchase,San Antonio,0,2026-02-21 09:00:00
3619.95,263,purchase,Phoenix,0,2026-02-21 10:00:00
4028.31,70,purchase,Austin,0,2026-02-21 11:00:00
148.66,661,purchase,Chicago,0,2026-02-21 12:00:00
541.68,292,refund,Dallas,0,2026-02-21 13:00:00
1800.4,214,purchase,Houston,0,2026-02-21 14:00:00
2088.89,872,purchase,Philadelphia,0,2026-02-21 15:00:00
